state_fips,year,qtr,quarterly_date,area_title,avg_emplvl,log_emp,avg_wkly_wage,state_name,state_abbr,federal_mw_start,state_mw_start,federal_mw_avg,state_mw_avg,federal_mw_end,state_mw_end,t,effective_mw,log_effective_mw,cpi_u,real_mw_2012,log_real_mw,census_division,state_mw_change,effective_mw_change,log_effective_mw_change,state_rate_binding,state_initiated_increase,qualifying_hike_any,qualifying_hike_05,G_hike_any,cohort_hike_any,D_hike_any,rel_time_hike_any,G_hike_05,cohort_hike_05,D_hike_05,rel_time_hike_05
1,2009,1,2009q1,Alabama -- Statewide,135627.0,11.81766374971191,239,Alabama,AL,6.55,6.550000190734863,6.550000000000002,6.550000190734863,6.55,6.550000190734863,1,6.550000190734863,1.8794650787669867,214.537,7.009703425477097,1.9472953928016028,East South Central,,,,False,False,False,False,,0,0,,,0,0,
1,2009,2,2009q2,Alabama -- Statewide,139938.33333333334,11.848957128362832,245,Alabama,AL,6.55,6.550000190734863,6.550000000000001,6.550000190734863,6.55,6.550000190734863,2,6.550000190734863,1.8794650787669867,214.537,7.009703425477097,1.9472953928016028,East South Central,0.0,0.0,0.0,False,False,False,False,,0,0,,,0,0,
1,2009,3,2009q3,Alabama -- Statewide,137778.33333333334,11.833401392494935,254,Alabama,AL,6.55,6.550000190734863,7.075,7.074999809265137,7.25,7.25,3,7.075,1.9565674435293015,214.537,7.571549662762134,2.024397757563918,East South Central,0.5249996185302734,0.5249998092651369,0.0771023647623148,False,False,False,False,,0,0,,,0,0,
1,2009,4,2009q4,Alabama -- Statewide,134387.0,11.80847897620243,261,Alabama,AL,7.25,7.25,7.25,7.25,7.25,7.25,4,7.25,1.9810014688665833,214.537,7.758831809897592,2.0488317829011997,East South Central,0.17500019073486328,0.17499999999999982,0.024434025337281895,False,False,False,False,,0,0,,,0,0,
1,2010,1,2010q1,Alabama -- Statewide,132616.0,11.795213013104702,248,Alabama,AL,7.25,7.25,7.25,7.25,7.25,7.25,5,7.25,1.9810014688665833,218.056,7.633619345489231,2.032562090031529,East South Central,0.0,0.0,0.0,False,False,False,False,,0,0,,,0,0,
1,2010,2,2010q2,Alabama -- Statewide,137592.33333333334,11.832050485874865,259,Alabama,AL,7.25,7.25,7.25,7.25,7.25,7.25,6,7.25,1.9810014688665833,218.056,7.633619345489231,2.032562090031529,East South Central,0.0,0.0,0.0,False,False,False,False,,0,0,,,0,0,
1,2010,3,2010q3,Alabama -- Statewide,136702.66666666666,11.825563529958984,262,Alabama,AL,7.25,7.25,7.25,7.25,7.25,7.25,7,7.25,1.9810014688665833,218.056,7.633619345489231,2.032562090031529,East South Central,0.0,0.0,0.0,False,False,False,False,,0,0,,,0,0,
1,2010,4,2010q4,Alabama -- Statewide,135531.0,11.816955675423038,267,Alabama,AL,7.25,7.25,7.25,7.25,7.25,7.25,8,7.25,1.9810014688665833,218.056,7.633619345489231,2.032562090031529,East South Central,0.0,0.0,0.0,False,False,False,False,,0,0,,,0,0,
1,2011,1,2011q1,Alabama -- Statewide,133998.66666666666,11.805585128634789,252,Alabama,AL,7.25,7.25,7.25,7.25,7.25,7.25,9,7.25,1.9810014688665833,224.939,7.400035120632705,2.0014847462303083,East South Central,0.0,0.0,0.0,False,False,False,False,,0,0,,,0,0,
1,2011,2,2011q2,Alabama -- Statewide,139575.0,11.846357370178561,261,Alabama,AL,7.25,7.25,7.25,7.25,7.25,7.25,10,7.25,1.9810014688665833,224.939,7.400035120632705,2.0014847462303083,East South Central,0.0,0.0,0.0,False,False,False,False,,0,0,,,0,0,
1,2011,3,2011q3,Alabama -- Statewide,139926.33333333334,11.84887137262846,271,Alabama,AL,7.25,7.25,7.25,7.25,7.25,7.25,11,7.25,1.9810014688665833,224.939,7.400035120632705,2.0014847462303083,East South Central,0.0,0.0,0.0,False,False,False,False,,0,0,,,0,0,
1,2011,4,2011q4,Alabama -- Statewide,137322.33333333334,11.830086239368232,267,Alabama,AL,7.25,7.25,7.25,7.25,7.25,7.25,12,7.25,1.9810014688665833,224.939,7.400035120632705,2.0014847462303083,East South Central,0.0,0.0,0.0,False,False,False,False,,0,0,,,0,0,
1,2012,1,2012q1,Alabama -- Statewide,137993.66666666666,11.834963069366387,264,Alabama,AL,7.25,7.25,7.25,7.25,7.25,7.25,13,7.25,1.9810014688665833,229.594,7.25,1.9810014688665833,East South Central,0.0,0.0,0.0,False,False,False,False,,0,0,,,0,0,
1,2012,2,2012q2,Alabama -- Statewide,145090.66666666666,11.885114113348349,265,Alabama,AL,7.25,7.25,7.25,7.25,7.25,7.25,14,7.25,1.9810014688665833,229.594,7.25,1.9810014688665833,East South Central,0.0,0.0,0.0,False,False,False,False,,0,0,,,0,0,
1,2012,3,2012q3,Alabama -- Statewide,144100.0,11.878262781987614,269,Alabama,AL,7.25,7.25,7.25,7.25,7.25,7.25,15,7.25,1.9810014688665833,229.594,7.25,1.9810014688665833,East South Central,0.0,0.0,0.0,False,False,False,False,,0,0,,,0,0,
1,2012,4,2012q4,Alabama -- Statewide,141818.66666666666,11.862304525224923,275,Alabama,AL,7.25,7.25,7.25,7.25,7.25,7.25,16,7.25,1.9810014688665833,229.594,7.25,1.9810014688665833,East South Central,0.0,0.0,0.0,False,False,False,False,,0,0,,,0,0,
1,2013,1,2013q1,Alabama -- Statewide,141760.66666666666,11.861895468611898,264,Alabama,AL,7.25,7.25,7.25,7.25,7.25,7.25,17,7.25,1.9810014688665833,232.957,7.14533798082908,1.966460113388207,East South Central,0.0,0.0,0.0,False,False,False,False,,0,0,,,0,0,
1,2013,2,2013q2,Alabama -- Statewide,149405.0,11.914416018322981,270,Alabama,AL,7.25,7.25,7.25,7.25,7.25,7.25,18,7.25,1.9810014688665833,232.957,7.14533798082908,1.966460113388207,East South Central,0.0,0.0,0.0,False,False,False,False,,0,0,,,0,0,
1,2013,3,2013q3,Alabama -- Statewide,149071.66666666666,11.91218245363175,273,Alabama,AL,7.25,7.25,7.25,7.25,7.25,7.25,19,7.25,1.9810014688665833,232.957,7.14533798082908,1.966460113388207,East South Central,0.0,0.0,0.0,False,False,False,False,,0,0,,,0,0,
1,2013,4,2013q4,Alabama -- Statewide,147001.66666666666,11.898199203565081,273,Alabama,AL,7.25,7.25,7.25,7.25,7.25,7.25,20,7.25,1.9810014688665833,232.957,7.14533798082908,1.966460113388207,East South Central,0.0,0.0,0.0,False,False,False,False,,0,0,,,0,0,
1,2014,1,2014q1,Alabama -- Statewide,146542.66666666666,11.895071905082617,264,Alabama,AL,7.25,7.25,7.25,7.25,7.25,7.25,21,7.25,1.9810014688665833,236.736,7.031277456745066,1.9503684043563676,East South Central,0.0,0.0,0.0,False,False,False,False,,0,0,,,0,0,
1,2014,2,2014q2,Alabama -- Statewide,153951.0,11.94438964894701,272,Alabama,AL,7.25,7.25,7.25,7.25,7.25,7.25,22,7.25,1.9810014688665833,236.736,7.031277456745066,1.9503684043563676,East South Central,0.0,0.0,0.0,False,False,False,False,,0,0,,,0,0,
1,2014,3,2014q3,Alabama -- Statewide,153770.0,11.943213258509738,276,Alabama,AL,7.25,7.25,7.25,7.25,7.25,7.25,23,7.25,1.9810014688665833,236.736,7.031277456745066,1.9503684043563676,East South Central,0.0,0.0,0.0,False,False,False,False,,0,0,,,0,0,
1,2014,4,2014q4,Alabama -- Statewide,151249.33333333334,11.926684968169875,281,Alabama,AL,7.25,7.25,7.25,7.25,7.25,7.25,24,7.25,1.9810014688665833,236.736,7.031277456745066,1.9503684043563676,East South Central,0.0,0.0,0.0,False,False,False,False,,0,0,,,0,0,
1,2015,1,2015q1,Alabama -- Statewide,151911.0,11.931050102025146,271,Alabama,AL,7.25,7.25,7.25,7.25,7.25,7.25,25,7.25,1.9810014688665833,237.017,7.022941392389575,1.9491821320458897,East South Central,0.0,0.0,0.0,False,False,False,False,,0,0,,,0,0,
1,2015,2,2015q2,Alabama -- Statewide,158643.66666666666,11.974415876054831,280,Alabama,AL,7.25,7.25,7.25,7.25,7.25,7.25,26,7.25,1.9810014688665833,237.017,7.022941392389575,1.9491821320458897,East South Central,0.0,0.0,0.0,False,False,False,False,,0,0,,,0,0,
1,2015,3,2015q3,Alabama -- Statewide,158731.0,11.974966224552743,287,Alabama,AL,7.25,7.25,7.25,7.25,7.25,7.25,27,7.25,1.9810014688665833,237.017,7.022941392389575,1.9491821320458897,East South Central,0.0,0.0,0.0,False,False,False,False,,0,0,,,0,0,
1,2015,4,2015q4,Alabama -- Statewide,157565.0,11.967593350523956,294,Alabama,AL,7.25,7.25,7.25,7.25,7.25,7.25,28,7.25,1.9810014688665833,237.017,7.022941392389575,1.9491821320458897,East South Central,0.0,0.0,0.0,False,False,False,False,,0,0,,,0,0,
1,2016,1,2016q1,Alabama -- Statewide,157466.0,11.966964840928018,281,Alabama,AL,7.25,7.25,7.25,7.25,7.25,7.25,29,7.25,1.9810014688665833,240.007,6.935449799380851,1.9366459109830372,East South Central,0.0,0.0,0.0,False,False,False,False,,0,0,,,0,0,
1,2016,2,2016q2,Alabama -- Statewide,164111.33333333334,12.008300338272521,289,Alabama,AL,7.25,7.25,7.25,7.25,7.25,7.25,30,7.25,1.9810014688665833,240.007,6.935449799380851,1.9366459109830372,East South Central,0.0,0.0,0.0,False,False,False,False,,0,0,,,0,0,
1,2016,3,2016q3,Alabama -- Statewide,163410.33333333334,12.00401969890259,299,Alabama,AL,7.25,7.25,7.25,7.25,7.25,7.25,31,7.25,1.9810014688665833,240.007,6.935449799380851,1.9366459109830372,East South Central,0.0,0.0,0.0,False,False,False,False,,0,0,,,0,0,
1,2016,4,2016q4,Alabama -- Statewide,161222.66666666666,11.99054171124581,296,Alabama,AL,7.25,7.25,7.25,7.25,7.25,7.25,32,7.25,1.9810014688665833,240.007,6.935449799380851,1.9366459109830372,East South Central,0.0,0.0,0.0,False,False,False,False,,0,0,,,0,0,
1,2017,1,2017q1,Alabama -- Statewide,161642.0,11.99313929229082,292,Alabama,AL,7.25,7.25,7.25,7.25,7.25,7.25,33,7.25,1.9810014688665833,245.12,6.7907820659268925,1.9155661140141298,East South Central,0.0,0.0,0.0,False,False,False,False,,0,0,,,0,0,
1,2017,2,2017q2,Alabama -- Statewide,167326.33333333334,12.027701276461423,298,Alabama,AL,7.25,7.25,7.25,7.25,7.25,7.25,34,7.25,1.9810014688665833,245.12,6.7907820659268925,1.9155661140141298,East South Central,0.0,0.0,0.0,False,False,False,False,,0,0,,,0,0,
1,2017,3,2017q3,Alabama -- Statewide,166735.33333333334,12.024163003887523,301,Alabama,AL,7.25,7.25,7.25,7.25,7.25,7.25,35,7.25,1.9810014688665833,245.12,6.7907820659268925,1.9155661140141298,East South Central,0.0,0.0,0.0,False,False,False,False,,0,0,,,0,0,
1,2017,4,2017q4,Alabama -- Statewide,163908.0,12.007060573790891,303,Alabama,AL,7.25,7.25,7.25,7.25,7.25,7.25,36,7.25,1.9810014688665833,245.12,6.7907820659268925,1.9155661140141298,East South Central,0.0,0.0,0.0,False,False,False,False,,0,0,,,0,0,
1,2018,1,2018q1,Alabama -- Statewide,163207.66666666666,12.002778697532936,300,Alabama,AL,7.25,7.25,7.25,7.25,7.25,7.25,37,7.25,1.9810014688665833,251.107,6.628873348811463,1.8914348574516775,East South Central,0.0,0.0,0.0,False,False,False,False,,0,0,,,0,0,
1,2018,2,2018q2,Alabama -- Statewide,168691.66666666666,12.035827869961668,308,Alabama,AL,7.25,7.25,7.25,7.25,7.25,7.25,38,7.25,1.9810014688665833,251.107,6.628873348811463,1.8914348574516775,East South Central,0.0,0.0,0.0,False,False,False,False,,0,0,,,0,0,
1,2018,3,2018q3,Alabama -- Statewide,168997.0,12.037636242268361,311,Alabama,AL,7.25,7.25,7.25,7.25,7.25,7.25,39,7.25,1.9810014688665833,251.107,6.628873348811463,1.8914348574516775,East South Central,0.0,0.0,0.0,False,False,False,False,,0,0,,,0,0,
1,2018,4,2018q4,Alabama -- Statewide,166987.33333333334,12.025673240218872,319,Alabama,AL,7.25,7.25,7.25,7.25,7.25,7.25,40,7.25,1.9810014688665833,251.107,6.628873348811463,1.8914348574516775,East South Central,0.0,0.0,0.0,False,False,False,False,,0,0,,,0,0,
1,2019,1,2019q1,Alabama -- Statewide,165992.0,12.019694873406287,309,Alabama,AL,7.25,7.25,7.25,7.25,7.25,7.25,41,7.25,1.9810014688665833,255.657,6.510897413331143,1.8734772982299916,East South Central,0.0,0.0,0.0,False,False,False,False,,0,0,,,0,0,
1,2019,2,2019q2,Alabama -- Statewide,171227.0,12.050745440535193,321,Alabama,AL,7.25,7.25,7.25,7.25,7.25,7.25,42,7.25,1.9810014688665833,255.657,6.510897413331143,1.8734772982299916,East South Central,0.0,0.0,0.0,False,False,False,False,,0,0,,,0,0,
1,2019,3,2019q3,Alabama -- Statewide,169805.66666666666,12.042409924897742,328,Alabama,AL,7.25,7.25,7.25,7.25,7.25,7.25,43,7.25,1.9810014688665833,255.657,6.510897413331143,1.8734772982299916,East South Central,0.0,0.0,0.0,False,False,False,False,,0,0,,,0,0,
1,2019,4,2019q4,Alabama -- Statewide,168628.0,12.035450384308064,335,Alabama,AL,7.25,7.25,7.25,7.25,7.25,7.25,44,7.25,1.9810014688665833,255.657,6.510897413331143,1.8734772982299916,East South Central,0.0,0.0,0.0,False,False,False,False,,0,0,,,0,0,
2,2009,1,2009q1,Alaska -- Statewide,17159.666666666668,9.750316947833861,319,Alaska,AK,6.55,7.150000095367432,6.550000000000002,7.150000095367432,6.55,7.150000095367432,1,7.150000095367432,1.9671123700440185,214.537,7.651813542166573,2.0349426840786347,Pacific,,,,True,False,False,False,25.0,25,0,-24.0,25.0,25,0,-24.0
2,2009,2,2009q2,Alaska -- Statewide,19500.666666666668,9.878203932001629,331,Alaska,AK,6.55,7.150000095367432,6.550000000000001,7.150000095367432,6.55,7.150000095367432,2,7.150000095367432,1.9671123700440185,214.537,7.651813542166573,2.0349426840786347,Pacific,0.0,0.0,0.0,True,False,False,False,25.0,25,0,-23.0,25.0,25,0,-23.0
2,2009,3,2009q3,Alaska -- Statewide,20897.0,9.947360886980098,362,Alaska,AK,6.55,7.150000095367432,7.075,7.224999904632568,7.25,7.25,3,7.224999904632568,1.9775472207988511,214.537,7.732077115389,2.0453775348334675,Pacific,0.07499980926513672,0.07499980926513672,0.010434850754832636,True,False,False,False,25.0,25,0,-22.0,25.0,25,0,-22.0
2,2009,4,2009q4,Alaska -- Statewide,17957.333333333332,9.795753852732746,351,Alaska,AK,7.25,7.25,7.25,7.25,7.25,7.25,4,7.25,1.9810014688665833,214.537,7.758831809897592,2.0488317829011997,Pacific,0.02500009536743164,0.02500009536743164,0.003454248067732202,False,False,False,False,25.0,25,0,-21.0,25.0,25,0,-21.0
2,2010,1,2010q1,Alaska -- Statewide,17211.0,9.75330399326998,322,Alaska,AK,7.25,7.75,7.25,7.75,7.25,7.75,5,7.75,2.0476928433652555,218.056,8.160075852074696,2.099253464530201,Pacific,0.5,0.5,0.06669137449867213,True,False,False,False,25.0,25,0,-20.0,25.0,25,0,-20.0
2,2010,2,2010q2,Alaska -- Statewide,19905.666666666668,9.898759727295898,342,Alaska,AK,7.25,7.75,7.25,7.75,7.25,7.75,6,7.75,2.0476928433652555,218.056,8.160075852074696,2.099253464530201,Pacific,0.0,0.0,0.0,True,False,False,False,25.0,25,0,-19.0,25.0,25,0,-19.0
2,2010,3,2010q3,Alaska -- Statewide,21477.333333333332,9.974753394423125,373,Alaska,AK,7.25,7.75,7.25,7.75,7.25,7.75,7,7.75,2.0476928433652555,218.056,8.160075852074696,2.099253464530201,Pacific,0.0,0.0,0.0,True,False,False,False,25.0,25,0,-18.0,25.0,25,0,-18.0
2,2010,4,2010q4,Alaska -- Statewide,18558.333333333332,9.828674203457458,362,Alaska,AK,7.25,7.75,7.25,7.75,7.25,7.75,8,7.75,2.0476928433652555,218.056,8.160075852074696,2.099253464530201,Pacific,0.0,0.0,0.0,True,False,False,False,25.0,25,0,-17.0,25.0,25,0,-17.0
2,2011,1,2011q1,Alaska -- Statewide,18092.666666666668,9.803261978618078,331,Alaska,AK,7.25,7.75,7.25,7.75,7.25,7.75,9,7.75,2.0476928433652555,224.939,7.910382370331512,2.0681761207289804,Pacific,0.0,0.0,0.0,True,False,False,False,25.0,25,0,-16.0,25.0,25,0,-16.0
2,2011,2,2011q2,Alaska -- Statewide,20590.0,9.932560800021836,351,Alaska,AK,7.25,7.75,7.25,7.75,7.25,7.75,10,7.75,2.0476928433652555,224.939,7.910382370331512,2.0681761207289804,Pacific,0.0,0.0,0.0,True,False,False,False,25.0,25,0,-15.0,25.0,25,0,-15.0
2,2011,3,2011q3,Alaska -- Statewide,22017.333333333332,9.999585300914768,390,Alaska,AK,7.25,7.75,7.25,7.75,7.25,7.75,11,7.75,2.0476928433652555,224.939,7.910382370331512,2.0681761207289804,Pacific,0.0,0.0,0.0,True,False,False,False,25.0,25,0,-14.0,25.0,25,0,-14.0
2,2011,4,2011q4,Alaska -- Statewide,18922.666666666668,9.848115777001142,368,Alaska,AK,7.25,7.75,7.25,7.75,7.25,7.75,12,7.75,2.0476928433652555,224.939,7.910382370331512,2.0681761207289804,Pacific,0.0,0.0,0.0,True,False,False,False,25.0,25,0,-13.0,25.0,25,0,-13.0
2,2012,1,2012q1,Alaska -- Statewide,18338.666666666668,9.816767042331563,350,Alaska,AK,7.25,7.75,7.25,7.75,7.25,7.75,13,7.75,2.0476928433652555,229.594,7.75,2.0476928433652555,Pacific,0.0,0.0,0.0,True,False,False,False,25.0,25,0,-12.0,25.0,25,0,-12.0
2,2012,2,2012q2,Alaska -- Statewide,21085.0,9.95631716618066,356,Alaska,AK,7.25,7.75,7.25,7.75,7.25,7.75,14,7.75,2.0476928433652555,229.594,7.75,2.0476928433652555,Pacific,0.0,0.0,0.0,True,False,False,False,25.0,25,0,-11.0,25.0,25,0,-11.0
2,2012,3,2012q3,Alaska -- Statewide,22462.333333333332,10.019595111290592,393,Alaska,AK,7.25,7.75,7.25,7.75,7.25,7.75,15,7.75,2.0476928433652555,229.594,7.75,2.0476928433652555,Pacific,0.0,0.0,0.0,True,False,False,False,25.0,25,0,-10.0,25.0,25,0,-10.0
2,2012,4,2012q4,Alaska -- Statewide,19490.0,9.877656792501606,371,Alaska,AK,7.25,7.75,7.25,7.75,7.25,7.75,16,7.75,2.0476928433652555,229.594,7.75,2.0476928433652555,Pacific,0.0,0.0,0.0,True,False,False,False,25.0,25,0,-9.0,25.0,25,0,-9.0
2,2013,1,2013q1,Alaska -- Statewide,18827.666666666668,9.84308269823571,355,Alaska,AK,7.25,7.75,7.25,7.75,7.25,7.75,17,7.75,2.0476928433652555,232.957,7.63811991054143,2.033151487886879,Pacific,0.0,0.0,0.0,True,False,False,False,25.0,25,0,-8.0,25.0,25,0,-8.0
2,2013,2,2013q2,Alaska -- Statewide,21498.0,9.975715186533009,362,Alaska,AK,7.25,7.75,7.25,7.75,7.25,7.75,18,7.75,2.0476928433652555,232.957,7.63811991054143,2.033151487886879,Pacific,0.0,0.0,0.0,True,False,False,False,25.0,25,0,-7.0,25.0,25,0,-7.0
2,2013,3,2013q3,Alaska -- Statewide,22611.666666666668,10.026221276251299,407,Alaska,AK,7.25,7.75,7.25,7.75,7.25,7.75,19,7.75,2.0476928433652555,232.957,7.63811991054143,2.033151487886879,Pacific,0.0,0.0,0.0,True,False,False,False,25.0,25,0,-6.0,25.0,25,0,-6.0
2,2013,4,2013q4,Alaska -- Statewide,19500.333333333332,9.878186838422831,380,Alaska,AK,7.25,7.75,7.25,7.75,7.25,7.75,20,7.75,2.0476928433652555,232.957,7.63811991054143,2.033151487886879,Pacific,0.0,0.0,0.0,True,False,False,False,25.0,25,0,-5.0,25.0,25,0,-5.0
2,2014,1,2014q1,Alaska -- Statewide,19159.0,9.860527858095992,371,Alaska,AK,7.25,7.75,7.25,7.75,7.25,7.75,21,7.75,2.0476928433652555,236.736,7.51619314341714,2.0170597788550397,Pacific,0.0,0.0,0.0,True,False,False,False,25.0,25,0,-4.0,25.0,25,0,-4.0
2,2014,2,2014q2,Alaska -- Statewide,21560.333333333332,9.978610485633164,378,Alaska,AK,7.25,7.75,7.25,7.75,7.25,7.75,22,7.75,2.0476928433652555,236.736,7.51619314341714,2.0170597788550397,Pacific,0.0,0.0,0.0,True,False,False,False,25.0,25,0,-3.0,25.0,25,0,-3.0
2,2014,3,2014q3,Alaska -- Statewide,22821.333333333332,10.035451049988488,429,Alaska,AK,7.25,7.75,7.25,7.75,7.25,7.75,23,7.75,2.0476928433652555,236.736,7.51619314341714,2.0170597788550397,Pacific,0.0,0.0,0.0,True,False,False,False,25.0,25,0,-2.0,25.0,25,0,-2.0
2,2014,4,2014q4,Alaska -- Statewide,20117.333333333332,9.90933707732502,396,Alaska,AK,7.25,7.75,7.25,7.75,7.25,7.75,24,7.75,2.0476928433652555,236.736,7.51619314341714,2.0170597788550397,Pacific,0.0,0.0,0.0,True,False,False,False,25.0,25,0,-1.0,25.0,25,0,-1.0
2,2015,1,2015q1,Alaska -- Statewide,19902.0,9.898575508175107,382,Alaska,AK,7.25,8.75,7.25,8.75,7.25,8.75,25,8.75,2.169053700369523,237.017,8.475963749435694,2.137234363548829,Pacific,1.0,1.0,0.12136085700426769,True,True,True,True,25.0,25,1,0.0,25.0,25,1,0.0
2,2015,2,2015q2,Alaska -- Statewide,22203.666666666668,10.008012719387272,395,Alaska,AK,7.25,8.75,7.25,8.75,7.25,8.75,26,8.75,2.169053700369523,237.017,8.475963749435694,2.137234363548829,Pacific,0.0,0.0,0.0,True,False,False,False,25.0,25,1,1.0,25.0,25,1,1.0
2,2015,3,2015q3,Alaska -- Statewide,23497.333333333332,10.06464221851615,442,Alaska,AK,7.25,8.75,7.25,8.75,7.25,8.75,27,8.75,2.169053700369523,237.017,8.475963749435694,2.137234363548829,Pacific,0.0,0.0,0.0,True,False,False,False,25.0,25,1,2.0,25.0,25,1,2.0
2,2015,4,2015q4,Alaska -- Statewide,20459.666666666668,9.926210747421127,420,Alaska,AK,7.25,8.75,7.25,8.75,7.25,8.75,28,8.75,2.169053700369523,237.017,8.475963749435694,2.137234363548829,Pacific,0.0,0.0,0.0,True,False,False,False,25.0,25,1,3.0,25.0,25,1,3.0
2,2016,1,2016q1,Alaska -- Statewide,19932.0,9.900081759401296,394,Alaska,AK,7.25,9.75,7.25,9.75,7.25,9.75,29,9.75,2.277267285009756,240.007,9.326984212960454,2.2329117271262096,Pacific,1.0,1.0,0.10821358464023279,True,True,True,True,25.0,25,1,4.0,25.0,25,1,4.0
2,2016,2,2016q2,Alaska -- Statewide,22337.0,10.013999775333557,408,Alaska,AK,7.25,9.75,7.25,9.75,7.25,9.75,30,9.75,2.277267285009756,240.007,9.326984212960454,2.2329117271262096,Pacific,0.0,0.0,0.0,True,False,False,False,25.0,25,1,5.0,25.0,25,1,5.0
2,2016,3,2016q3,Alaska -- Statewide,23883.666666666668,10.080950101224937,450,Alaska,AK,7.25,9.75,7.25,9.75,7.25,9.75,31,9.75,2.277267285009756,240.007,9.326984212960454,2.2329117271262096,Pacific,0.0,0.0,0.0,True,False,False,False,25.0,25,1,6.0,25.0,25,1,6.0
2,2016,4,2016q4,Alaska -- Statewide,20631.333333333332,9.934566234773392,409,Alaska,AK,7.25,9.75,7.25,9.75,7.25,9.75,32,9.75,2.277267285009756,240.007,9.326984212960454,2.2329117271262096,Pacific,0.0,0.0,0.0,True,False,False,False,25.0,25,1,7.0,25.0,25,1,7.0
2,2017,1,2017q1,Alaska -- Statewide,19772.333333333332,9.892038933142384,400,Alaska,AK,7.25,9.800000190734863,7.25,9.800000190734863,7.25,9.800000190734863,33,9.800000190734863,2.282382405139267,245.12,9.179264212596198,2.2169470502868136,Pacific,0.05000019073486328,0.05000019073486328,0.005115120129511208,True,True,False,False,25.0,25,1,8.0,25.0,25,1,8.0
2,2017,2,2017q2,Alaska -- Statewide,22247.333333333332,10.009977430224513,407,Alaska,AK,7.25,9.800000190734863,7.25,9.800000190734863,7.25,9.800000190734863,34,9.800000190734863,2.282382405139267,245.12,9.179264212596198,2.2169470502868136,Pacific,0.0,0.0,0.0,True,False,False,False,25.0,25,1,9.0,25.0,25,1,9.0
2,2017,3,2017q3,Alaska -- Statewide,23685.333333333332,10.072611288863774,448,Alaska,AK,7.25,9.800000190734863,7.25,9.800000190734863,7.25,9.800000190734863,35,9.800000190734863,2.282382405139267,245.12,9.179264212596198,2.2169470502868136,Pacific,0.0,0.0,0.0,True,False,False,False,25.0,25,1,10.0,25.0,25,1,10.0
2,2017,4,2017q4,Alaska -- Statewide,20270.666666666668,9.916930128232616,417,Alaska,AK,7.25,9.800000190734863,7.25,9.800000190734863,7.25,9.800000190734863,36,9.800000190734863,2.282382405139267,245.12,9.179264212596198,2.2169470502868136,Pacific,0.0,0.0,0.0,True,False,False,False,25.0,25,1,11.0,25.0,25,1,11.0
2,2018,1,2018q1,Alaska -- Statewide,19800.0,9.893437216682626,406,Alaska,AK,7.25,9.84000015258789,7.25,9.84000015258789,7.25,9.84000015258789,37,9.84000015258789,2.286455726571061,251.107,8.996981346729736,2.1968891151561554,Pacific,0.039999961853027344,0.039999961853027344,0.004073321431794064,True,True,False,False,25.0,25,1,12.0,25.0,25,1,12.0
2,2018,2,2018q2,Alaska -- Statewide,22350.333333333332,10.0145965141736,421,Alaska,AK,7.25,9.84000015258789,7.25,9.84000015258789,7.25,9.84000015258789,38,9.84000015258789,2.286455726571061,251.107,8.996981346729736,2.1968891151561554,Pacific,0.0,0.0,0.0,True,False,False,False,25.0,25,1,13.0,25.0,25,1,13.0
2,2018,3,2018q3,Alaska -- Statewide,23963.666666666668,10.084294073353554,461,Alaska,AK,7.25,9.84000015258789,7.25,9.84000015258789,7.25,9.84000015258789,39,9.84000015258789,2.286455726571061,251.107,8.996981346729736,2.1968891151561554,Pacific,0.0,0.0,0.0,True,False,False,False,25.0,25,1,14.0,25.0,25,1,14.0
2,2018,4,2018q4,Alaska -- Statewide,20711.0,9.938420239076152,431,Alaska,AK,7.25,9.84000015258789,7.25,9.84000015258789,7.25,9.84000015258789,40,9.84000015258789,2.286455726571061,251.107,8.996981346729736,2.1968891151561554,Pacific,0.0,0.0,0.0,True,False,False,False,25.0,25,1,15.0,25.0,25,1,15.0
2,2019,1,2019q1,Alaska -- Statewide,20272.333333333332,9.91701234546704,416,Alaska,AK,7.25,9.890000343322754,7.25,9.890000343322754,7.25,9.890000343322754,41,9.890000343322754,2.291524180348751,255.657,8.881762434921963,2.1840000097121592,Pacific,0.05000019073486328,0.05000019073486328,0.005068453777689719,True,True,False,False,25.0,25,1,16.0,25.0,25,1,16.0
2,2019,2,2019q2,Alaska -- Statewide,22666.333333333332,10.028635989499648,429,Alaska,AK,7.25,9.890000343322754,7.25,9.890000343322754,7.25,9.890000343322754,42,9.890000343322754,2.291524180348751,255.657,8.881762434921963,2.1840000097121592,Pacific,0.0,0.0,0.0,True,False,False,False,25.0,25,1,17.0,25.0,25,1,17.0
2,2019,3,2019q3,Alaska -- Statewide,24215.0,10.094727554837329,479,Alaska,AK,7.25,9.890000343322754,7.25,9.890000343322754,7.25,9.890000343322754,43,9.890000343322754,2.291524180348751,255.657,8.881762434921963,2.1840000097121592,Pacific,0.0,0.0,0.0,True,False,False,False,25.0,25,1,18.0,25.0,25,1,18.0
2,2019,4,2019q4,Alaska -- Statewide,20810.333333333332,9.943204937199488,452,Alaska,AK,7.25,9.890000343322754,7.25,9.890000343322754,7.25,9.890000343322754,44,9.890000343322754,2.291524180348751,255.657,8.881762434921963,2.1840000097121592,Pacific,0.0,0.0,0.0,True,False,False,False,25.0,25,1,19.0,25.0,25,1,19.0
4,2009,1,2009q1,Arizona -- Statewide,182379.33333333334,12.113844046109406,298,Arizona,AZ,6.55,7.25,6.550000000000002,7.25,6.55,7.25,1,7.25,1.9810014688665833,214.537,7.758831809897592,2.0488317829011997,Mountain,,,,True,False,False,False,9.0,9,0,-8.0,33.0,33,0,-32.0
4,2009,2,2009q2,Arizona -- Statewide,181872.0,12.111058421926492,302,Arizona,AZ,6.55,7.25,6.550000000000001,7.25,6.55,7.25,2,7.25,1.9810014688665833,214.537,7.758831809897592,2.0488317829011997,Mountain,0.0,0.0,0.0,True,False,False,False,9.0,9,0,-7.0,33.0,33,0,-31.0
4,2009,3,2009q3,Arizona -- Statewide,174893.0,12.071929637335545,296,Arizona,AZ,6.55,7.25,7.074999999999996,7.25,7.25,7.25,3,7.25,1.9810014688665833,214.537,7.758831809897592,2.0488317829011997,Mountain,0.0,0.0,0.0,True,False,False,False,9.0,9,0,-6.0,33.0,33,0,-30.0
4,2009,4,2009q4,Arizona -- Statewide,176422.66666666666,12.080637910142725,309,Arizona,AZ,7.25,7.25,7.25,7.25,7.25,7.25,4,7.25,1.9810014688665833,214.537,7.758831809897592,2.0488317829011997,Mountain,0.0,0.0,0.0,False,False,False,False,9.0,9,0,-5.0,33.0,33,0,-29.0
4,2010,1,2010q1,Arizona -- Statewide,178041.33333333334,12.089771012055541,302,Arizona,AZ,7.25,7.25,7.25,7.25,7.25,7.25,5,7.25,1.9810014688665833,218.056,7.633619345489231,2.032562090031529,Mountain,0.0,0.0,0.0,False,False,False,False,9.0,9,0,-4.0,33.0,33,0,-28.0
4,2010,2,2010q2,Arizona -- Statewide,180599.0,12.104034382851133,307,Arizona,AZ,7.25,7.25,7.25,7.25,7.25,7.25,6,7.25,1.9810014688665833,218.056,7.633619345489231,2.032562090031529,Mountain,0.0,0.0,0.0,False,False,False,False,9.0,9,0,-3.0,33.0,33,0,-27.0
4,2010,3,2010q3,Arizona -- Statewide,174817.66666666666,12.071498804983666,303,Arizona,AZ,7.25,7.25,7.25,7.25,7.25,7.25,7,7.25,1.9810014688665833,218.056,7.633619345489231,2.032562090031529,Mountain,0.0,0.0,0.0,False,False,False,False,9.0,9,0,-2.0,33.0,33,0,-26.0
4,2010,4,2010q4,Arizona -- Statewide,179829.33333333334,12.099763531947419,315,Arizona,AZ,7.25,7.25,7.25,7.25,7.25,7.25,8,7.25,1.9810014688665833,218.056,7.633619345489231,2.032562090031529,Mountain,0.0,0.0,0.0,False,False,False,False,9.0,9,0,-1.0,33.0,33,0,-25.0
4,2011,1,2011q1,Arizona -- Statewide,181917.66666666666,12.111309482751418,305,Arizona,AZ,7.25,7.349999904632568,7.25,7.349999904632568,7.25,7.349999904632568,9,7.349999904632568,1.9947003002495844,224.939,7.502104473231453,2.015183577613309,Mountain,0.09999990463256836,0.09999990463256836,0.013698831383001098,True,True,True,False,9.0,9,1,0.0,33.0,33,0,-24.0
4,2011,2,2011q2,Arizona -- Statewide,185525.33333333334,12.13094671953977,308,Arizona,AZ,7.25,7.349999904632568,7.25,7.349999904632568,7.25,7.349999904632568,10,7.349999904632568,1.9947003002495844,224.939,7.502104473231453,2.015183577613309,Mountain,0.0,0.0,0.0,True,False,False,False,9.0,9,1,1.0,33.0,33,0,-23.0
4,2011,3,2011q3,Arizona -- Statewide,180784.33333333334,12.105060071268316,314,Arizona,AZ,7.25,7.349999904632568,7.25,7.349999904632568,7.25,7.349999904632568,11,7.349999904632568,1.9947003002495844,224.939,7.502104473231453,2.015183577613309,Mountain,0.0,0.0,0.0,True,False,False,False,9.0,9,1,2.0,33.0,33,0,-22.0
4,2011,4,2011q4,Arizona -- Statewide,185324.0,12.129860923584287,311,Arizona,AZ,7.25,7.349999904632568,7.25,7.349999904632568,7.25,7.349999904632568,12,7.349999904632568,1.9947003002495844,224.939,7.502104473231453,2.015183577613309,Mountain,0.0,0.0,0.0,True,False,False,False,9.0,9,1,3.0,33.0,33,0,-21.0
4,2012,1,2012q1,Arizona -- Statewide,188920.66666666666,12.149082452834373,319,Arizona,AZ,7.25,7.650000095367432,7.25,7.650000095367432,7.25,7.650000095367432,13,7.650000095367432,2.0347056603047755,229.594,7.650000095367432,2.0347056603047755,Mountain,0.3000001907348633,0.3000001907348633,0.040005360055191064,True,True,True,False,9.0,9,1,4.0,33.0,33,0,-20.0
4,2012,2,2012q2,Arizona -- Statewide,190768.0,12.158813309045913,315,Arizona,AZ,7.25,7.650000095367432,7.25,7.650000095367432,7.25,7.650000095367432,14,7.650000095367432,2.0347056603047755,229.594,7.650000095367432,2.0347056603047755,Mountain,0.0,0.0,0.0,True,False,False,False,9.0,9,1,5.0,33.0,33,0,-19.0
4,2012,3,2012q3,Arizona -- Statewide,185870.0,12.132802783602399,310,Arizona,AZ,7.25,7.650000095367432,7.25,7.650000095367432,7.25,7.650000095367432,15,7.650000095367432,2.0347056603047755,229.594,7.650000095367432,2.0347056603047755,Mountain,0.0,0.0,0.0,True,False,False,False,9.0,9,1,6.0,33.0,33,0,-18.0
4,2012,4,2012q4,Arizona -- Statewide,191359.0,12.16190652397824,322,Arizona,AZ,7.25,7.650000095367432,7.25,7.650000095367432,7.25,7.650000095367432,16,7.650000095367432,2.0347056603047755,229.594,7.650000095367432,2.0347056603047755,Mountain,0.0,0.0,0.0,True,False,False,False,9.0,9,1,7.0,33.0,33,0,-17.0
4,2013,1,2013q1,Arizona -- Statewide,195896.66666666666,12.185342588303776,320,Arizona,AZ,7.25,7.800000190734863,7.25,7.800000190734863,7.25,7.800000190734863,17,7.800000190734863,2.0541237581487333,232.957,7.687398291494053,2.039582402670357,Mountain,0.15000009536743164,0.15000009536743164,0.01941809784395776,True,True,True,False,9.0,9,1,8.0,33.0,33,0,-16.0
4,2013,2,2013q2,Arizona -- Statewide,197591.0,12.193954516699923,320,Arizona,AZ,7.25,7.800000190734863,7.25,7.800000190734863,7.25,7.800000190734863,18,7.800000190734863,2.0541237581487333,232.957,7.687398291494053,2.039582402670357,Mountain,0.0,0.0,0.0,True,False,False,False,9.0,9,1,9.0,33.0,33,0,-15.0
4,2013,3,2013q3,Arizona -- Statewide,193756.66666666666,12.174358355225781,315,Arizona,AZ,7.25,7.800000190734863,7.25,7.800000190734863,7.25,7.800000190734863,19,7.800000190734863,2.0541237581487333,232.957,7.687398291494053,2.039582402670357,Mountain,0.0,0.0,0.0,True,False,False,False,9.0,9,1,10.0,33.0,33,0,-14.0
4,2013,4,2013q4,Arizona -- Statewide,200386.0,12.208000785473063,323,Arizona,AZ,7.25,7.800000190734863,7.25,7.800000190734863,7.25,7.800000190734863,20,7.800000190734863,2.0541237581487333,232.957,7.687398291494053,2.039582402670357,Mountain,0.0,0.0,0.0,True,False,False,False,9.0,9,1,11.0,33.0,33,0,-13.0
4,2014,1,2014q1,Arizona -- Statewide,204044.0,12.226090935843922,326,Arizona,AZ,7.25,7.900000095367432,7.25,7.900000095367432,7.25,7.900000095367432,21,7.900000095367432,2.0668627715448027,236.736,7.661667941909089,2.0362297070345865,Mountain,0.09999990463256836,0.09999990463256836,0.01273901339606942,True,True,True,False,9.0,9,1,12.0,33.0,33,0,-12.0
4,2014,2,2014q2,Arizona -- Statewide,205866.33333333334,12.234982369852299,326,Arizona,AZ,7.25,7.900000095367432,7.25,7.900000095367432,7.25,7.900000095367432,22,7.900000095367432,2.0668627715448027,236.736,7.661667941909089,2.0362297070345865,Mountain,0.0,0.0,0.0,True,False,False,False,9.0,9,1,13.0,33.0,33,0,-11.0
4,2014,3,2014q3,Arizona -- Statewide,200112.0,12.206632488788689,321,Arizona,AZ,7.25,7.900000095367432,7.25,7.900000095367432,7.25,7.900000095367432,23,7.900000095367432,2.0668627715448027,236.736,7.661667941909089,2.0362297070345865,Mountain,0.0,0.0,0.0,True,False,False,False,9.0,9,1,14.0,33.0,33,0,-10.0
4,2014,4,2014q4,Arizona -- Statewide,206425.0,12.23769242928563,335,Arizona,AZ,7.25,7.900000095367432,7.25,7.900000095367432,7.25,7.900000095367432,24,7.900000095367432,2.0668627715448027,236.736,7.661667941909089,2.0362297070345865,Mountain,0.0,0.0,0.0,True,False,False,False,9.0,9,1,15.0,33.0,33,0,-9.0
4,2015,1,2015q1,Arizona -- Statewide,212491.33333333334,12.26665648220118,337,Arizona,AZ,7.25,8.050000190734863,7.25,8.050000190734863,7.25,8.050000190734863,25,8.050000190734863,2.0856721151242437,237.017,7.797886834242186,2.0538527783035496,Mountain,0.15000009536743164,0.15000009536743164,0.018809343579440974,True,True,True,False,9.0,9,1,16.0,33.0,33,0,-8.0
4,2015,2,2015q2,Arizona -- Statewide,214823.0,12.277569712234676,335,Arizona,AZ,7.25,8.050000190734863,7.25,8.050000190734863,7.25,8.050000190734863,26,8.050000190734863,2.0856721151242437,237.017,7.797886834242186,2.0538527783035496,Mountain,0.0,0.0,0.0,True,False,False,False,9.0,9,1,17.0,33.0,33,0,-7.0
4,2015,3,2015q3,Arizona -- Statewide,209271.0,12.251385341739091,332,Arizona,AZ,7.25,8.050000190734863,7.25,8.050000190734863,7.25,8.050000190734863,27,8.050000190734863,2.0856721151242437,237.017,7.797886834242186,2.0538527783035496,Mountain,0.0,0.0,0.0,True,False,False,False,9.0,9,1,18.0,33.0,33,0,-6.0
4,2015,4,2015q4,Arizona -- Statewide,216047.0,12.28325125558906,352,Arizona,AZ,7.25,8.050000190734863,7.25,8.050000190734863,7.25,8.050000190734863,28,8.050000190734863,2.0856721151242437,237.017,7.797886834242186,2.0538527783035496,Mountain,0.0,0.0,0.0,True,False,False,False,9.0,9,1,19.0,33.0,33,0,-5.0
4,2016,1,2016q1,Arizona -- Statewide,219246.33333333334,12.297951186415379,338,Arizona,AZ,7.25,8.050000190734863,7.25,8.050000190734863,7.25,8.050000190734863,29,8.050000190734863,2.0856721151242437,240.007,7.70074099418592,2.0413165572406973,Mountain,0.0,0.0,0.0,True,False,False,False,9.0,9,1,20.0,33.0,33,0,-4.0
4,2016,2,2016q2,Arizona -- Statewide,223055.33333333334,12.315175151202329,344,Arizona,AZ,7.25,8.050000190734863,7.25,8.050000190734863,7.25,8.050000190734863,30,8.050000190734863,2.0856721151242437,240.007,7.70074099418592,2.0413165572406973,Mountain,0.0,0.0,0.0,True,False,False,False,9.0,9,1,21.0,33.0,33,0,-3.0
4,2016,3,2016q3,Arizona -- Statewide,218589.0,12.294948533238891,346,Arizona,AZ,7.25,8.050000190734863,7.25,8.050000190734863,7.25,8.050000190734863,31,8.050000190734863,2.0856721151242437,240.007,7.70074099418592,2.0413165572406973,Mountain,0.0,0.0,0.0,True,False,False,False,9.0,9,1,22.0,33.0,33,0,-2.0
4,2016,4,2016q4,Arizona -- Statewide,224135.66666666666,12.320006802264258,349,Arizona,AZ,7.25,8.050000190734863,7.25,8.050000190734863,7.25,8.050000190734863,32,8.050000190734863,2.0856721151242437,240.007,7.70074099418592,2.0413165572406973,Mountain,0.0,0.0,0.0,True,False,False,False,9.0,9,1,23.0,33.0,33,0,-1.0
4,2017,1,2017q1,Arizona -- Statewide,226991.66666666666,12.332668585070154,371,Arizona,AZ,7.25,10.0,7.25,10.0,7.25,10.0,33,10.0,2.302585092994046,245.12,9.36659595300261,2.237149738141592,Mountain,1.9499998092651367,1.9499998092651367,0.21691297786980224,True,True,True,True,9.0,9,1,24.0,33.0,33,1,0.0
4,2017,2,2017q2,Arizona -- Statewide,230537.66666666666,12.348169540938983,377,Arizona,AZ,7.25,10.0,7.25,10.0,7.25,10.0,34,10.0,2.302585092994046,245.12,9.36659595300261,2.237149738141592,Mountain,0.0,0.0,0.0,True,False,False,False,9.0,9,1,25.0,33.0,33,1,1.0
4,2017,3,2017q3,Arizona -- Statewide,225459.33333333334,12.325895081676443,364,Arizona,AZ,7.25,10.0,7.25,10.0,7.25,10.0,35,10.0,2.302585092994046,245.12,9.36659595300261,2.237149738141592,Mountain,0.0,0.0,0.0,True,False,False,False,9.0,9,1,26.0,33.0,33,1,2.0
4,2017,4,2017q4,Arizona -- Statewide,232149.0,12.355134685879023,380,Arizona,AZ,7.25,10.0,7.25,10.0,7.25,10.0,36,10.0,2.302585092994046,245.12,9.36659595300261,2.237149738141592,Mountain,0.0,0.0,0.0,True,False,False,False,9.0,9,1,27.0,33.0,33,1,3.0
4,2018,1,2018q1,Arizona -- Statewide,235873.33333333334,12.371050216756469,390,Arizona,AZ,7.25,10.5,7.25,10.5,7.25,10.5,37,10.5,2.3513752571634776,251.107,9.600437263795913,2.2618086457485718,Mountain,0.5,0.5,0.048790164169431716,True,True,True,False,9.0,9,1,28.0,33.0,33,1,4.0
4,2018,2,2018q2,Arizona -- Statewide,237238.0,12.376819135635557,393,Arizona,AZ,7.25,10.5,7.25,10.5,7.25,10.5,38,10.5,2.3513752571634776,251.107,9.600437263795913,2.2618086457485718,Mountain,0.0,0.0,0.0,True,False,False,False,9.0,9,1,29.0,33.0,33,1,5.0
4,2018,3,2018q3,Arizona -- Statewide,230369.33333333334,12.347439097093185,384,Arizona,AZ,7.25,10.5,7.25,10.5,7.25,10.5,39,10.5,2.3513752571634776,251.107,9.600437263795913,2.2618086457485718,Mountain,0.0,0.0,0.0,True,False,False,False,9.0,9,1,30.0,33.0,33,1,6.0
4,2018,4,2018q4,Arizona -- Statewide,236208.33333333334,12.372469462958495,404,Arizona,AZ,7.25,10.5,7.25,10.5,7.25,10.5,40,10.5,2.3513752571634776,251.107,9.600437263795913,2.2618086457485718,Mountain,0.0,0.0,0.0,True,False,False,False,9.0,9,1,31.0,33.0,33,1,7.0
4,2019,1,2019q1,Arizona -- Statewide,240788.33333333334,12.391673541630679,409,Arizona,AZ,7.25,11.0,7.25,11.0,7.25,11.0,41,11.0,2.3978952727983707,255.657,9.8786029719507,2.290371102161779,Mountain,0.5,0.5,0.04652001563489305,True,True,True,False,9.0,9,1,32.0,33.0,33,1,8.0
4,2019,2,2019q2,Arizona -- Statewide,241142.0,12.39314125057404,414,Arizona,AZ,7.25,11.0,7.25,11.0,7.25,11.0,42,11.0,2.3978952727983707,255.657,9.8786029719507,2.290371102161779,Mountain,0.0,0.0,0.0,True,False,False,False,9.0,9,1,33.0,33.0,33,1,9.0
4,2019,3,2019q3,Arizona -- Statewide,236191.33333333334,12.37239749000336,407,Arizona,AZ,7.25,11.0,7.25,11.0,7.25,11.0,43,11.0,2.3978952727983707,255.657,9.8786029719507,2.290371102161779,Mountain,0.0,0.0,0.0,True,False,False,False,9.0,9,1,34.0,33.0,33,1,10.0
4,2019,4,2019q4,Arizona -- Statewide,241472.0,12.394508803323982,423,Arizona,AZ,7.25,11.0,7.25,11.0,7.25,11.0,44,11.0,2.3978952727983707,255.657,9.8786029719507,2.290371102161779,Mountain,0.0,0.0,0.0,True,False,False,False,9.0,9,1,35.0,33.0,33,1,11.0
5,2009,1,2009q1,Arkansas -- Statewide,77577.0,11.259026270486016,223,Arkansas,AR,6.55,6.550000190734863,6.550000000000002,6.550000190734863,6.55,6.550000190734863,1,6.550000190734863,1.8794650787669867,214.537,7.009703425477097,1.9472953928016028,West South Central,,,,False,False,False,False,25.0,25,0,-24.0,29.0,29,0,-28.0
5,2009,2,2009q2,Arkansas -- Statewide,80352.33333333333,11.294176410362354,229,Arkansas,AR,6.55,6.550000190734863,6.550000000000001,6.550000190734863,6.55,6.550000190734863,2,6.550000190734863,1.8794650787669867,214.537,7.009703425477097,1.9472953928016028,West South Central,0.0,0.0,0.0,False,False,False,False,25.0,25,0,-23.0,29.0,29,0,-27.0
5,2009,3,2009q3,Arkansas -- Statewide,79508.0,11.28361292451049,238,Arkansas,AR,6.55,6.550000190734863,7.075,7.074999809265137,7.25,7.25,3,7.075,1.9565674435293015,214.537,7.571549662762134,2.024397757563918,West South Central,0.5249996185302734,0.5249998092651369,0.0771023647623148,False,False,False,False,25.0,25,0,-22.0,29.0,29,0,-26.0
5,2009,4,2009q4,Arkansas -- Statewide,77667.33333333333,11.260190027533875,245,Arkansas,AR,7.25,7.25,7.25,7.25,7.25,7.25,4,7.25,1.9810014688665833,214.537,7.758831809897592,2.0488317829011997,West South Central,0.17500019073486328,0.17499999999999982,0.024434025337281895,False,False,False,False,25.0,25,0,-21.0,29.0,29,0,-25.0
5,2010,1,2010q1,Arkansas -- Statewide,75662.33333333333,11.234035737433047,230,Arkansas,AR,7.25,7.25,7.25,7.25,7.25,7.25,5,7.25,1.9810014688665833,218.056,7.633619345489231,2.032562090031529,West South Central,0.0,0.0,0.0,False,False,False,False,25.0,25,0,-20.0,29.0,29,0,-24.0
5,2010,2,2010q2,Arkansas -- Statewide,79135.33333333333,11.278914745969713,242,Arkansas,AR,7.25,7.25,7.25,7.25,7.25,7.25,6,7.25,1.9810014688665833,218.056,7.633619345489231,2.032562090031529,West South Central,0.0,0.0,0.0,False,False,False,False,25.0,25,0,-19.0,29.0,29,0,-23.0
5,2010,3,2010q3,Arkansas -- Statewide,78819.66666666667,11.27491782169497,246,Arkansas,AR,7.25,7.25,7.25,7.25,7.25,7.25,7,7.25,1.9810014688665833,218.056,7.633619345489231,2.032562090031529,West South Central,0.0,0.0,0.0,False,False,False,False,25.0,25,0,-18.0,29.0,29,0,-22.0
5,2010,4,2010q4,Arkansas -- Statewide,78183.0,11.26680751159614,252,Arkansas,AR,7.25,7.25,7.25,7.25,7.25,7.25,8,7.25,1.9810014688665833,218.056,7.633619345489231,2.032562090031529,West South Central,0.0,0.0,0.0,False,False,False,False,25.0,25,0,-17.0,29.0,29,0,-21.0
5,2011,1,2011q1,Arkansas -- Statewide,76409.0,11.243855769263734,239,Arkansas,AR,7.25,7.25,7.25,7.25,7.25,7.25,9,7.25,1.9810014688665833,224.939,7.400035120632705,2.0014847462303083,West South Central,0.0,0.0,0.0,False,False,False,False,25.0,25,0,-16.0,29.0,29,0,-20.0
5,2011,2,2011q2,Arkansas -- Statewide,80306.33333333333,11.293603767725497,247,Arkansas,AR,7.25,7.25,7.25,7.25,7.25,7.25,10,7.25,1.9810014688665833,224.939,7.400035120632705,2.0014847462303083,West South Central,0.0,0.0,0.0,False,False,False,False,25.0,25,0,-15.0,29.0,29,0,-19.0
5,2011,3,2011q3,Arkansas -- Statewide,80505.66666666667,11.296082854303899,255,Arkansas,AR,7.25,7.25,7.25,7.25,7.25,7.25,11,7.25,1.9810014688665833,224.939,7.400035120632705,2.0014847462303083,West South Central,0.0,0.0,0.0,False,False,False,False,25.0,25,0,-14.0,29.0,29,0,-18.0
5,2011,4,2011q4,Arkansas -- Statewide,80774.33333333333,11.299414537279914,249,Arkansas,AR,7.25,7.25,7.25,7.25,7.25,7.25,12,7.25,1.9810014688665833,224.939,7.400035120632705,2.0014847462303083,West South Central,0.0,0.0,0.0,False,False,False,False,25.0,25,0,-13.0,29.0,29,0,-17.0
5,2012,1,2012q1,Arkansas -- Statewide,79960.33333333333,11.28928595735669,248,Arkansas,AR,7.25,7.25,7.25,7.25,7.25,7.25,13,7.25,1.9810014688665833,229.594,7.25,1.9810014688665833,West South Central,0.0,0.0,0.0,False,False,False,False,25.0,25,0,-12.0,29.0,29,0,-16.0
5,2012,2,2012q2,Arkansas -- Statewide,83275.0,11.32990366306188,255,Arkansas,AR,7.25,7.25,7.25,7.25,7.25,7.25,14,7.25,1.9810014688665833,229.594,7.25,1.9810014688665833,West South Central,0.0,0.0,0.0,False,False,False,False,25.0,25,0,-11.0,29.0,29,0,-15.0
5,2012,3,2012q3,Arkansas -- Statewide,82878.0,11.325124925928014,254,Arkansas,AR,7.25,7.25,7.25,7.25,7.25,7.25,15,7.25,1.9810014688665833,229.594,7.25,1.9810014688665833,West South Central,0.0,0.0,0.0,False,False,False,False,25.0,25,0,-10.0,29.0,29,0,-14.0
5,2012,4,2012q4,Arkansas -- Statewide,82495.66666666667,11.320501045690747,259,Arkansas,AR,7.25,7.25,7.25,7.25,7.25,7.25,16,7.25,1.9810014688665833,229.594,7.25,1.9810014688665833,West South Central,0.0,0.0,0.0,False,False,False,False,25.0,25,0,-9.0,29.0,29,0,-13.0
5,2013,1,2013q1,Arkansas -- Statewide,81521.66666666667,11.308624112568214,249,Arkansas,AR,7.25,7.25,7.25,7.25,7.25,7.25,17,7.25,1.9810014688665833,232.957,7.14533798082908,1.966460113388207,West South Central,0.0,0.0,0.0,False,False,False,False,25.0,25,0,-8.0,29.0,29,0,-12.0
5,2013,2,2013q2,Arkansas -- Statewide,85174.0,11.352451501926053,257,Arkansas,AR,7.25,7.25,7.25,7.25,7.25,7.25,18,7.25,1.9810014688665833,232.957,7.14533798082908,1.966460113388207,West South Central,0.0,0.0,0.0,False,False,False,False,25.0,25,0,-7.0,29.0,29,0,-11.0
5,2013,3,2013q3,Arkansas -- Statewide,85033.33333333333,11.350798615461793,258,Arkansas,AR,7.25,7.25,7.25,7.25,7.25,7.25,19,7.25,1.9810014688665833,232.957,7.14533798082908,1.966460113388207,West South Central,0.0,0.0,0.0,False,False,False,False,25.0,25,0,-6.0,29.0,29,0,-10.0
5,2013,4,2013q4,Arkansas -- Statewide,83695.66666666667,11.33494248293503,259,Arkansas,AR,7.25,7.25,7.25,7.25,7.25,7.25,20,7.25,1.9810014688665833,232.957,7.14533798082908,1.966460113388207,West South Central,0.0,0.0,0.0,False,False,False,False,25.0,25,0,-5.0,29.0,29,0,-9.0
5,2014,1,2014q1,Arkansas -- Statewide,83506.66666666667,11.33268174797124,250,Arkansas,AR,7.25,7.25,7.25,7.25,7.25,7.25,21,7.25,1.9810014688665833,236.736,7.031277456745066,1.9503684043563676,West South Central,0.0,0.0,0.0,False,False,False,False,25.0,25,0,-4.0,29.0,29,0,-8.0
5,2014,2,2014q2,Arkansas -- Statewide,87467.0,11.37901685835231,263,Arkansas,AR,7.25,7.25,7.25,7.25,7.25,7.25,22,7.25,1.9810014688665833,236.736,7.031277456745066,1.9503684043563676,West South Central,0.0,0.0,0.0,False,False,False,False,25.0,25,0,-3.0,29.0,29,0,-7.0
5,2014,3,2014q3,Arkansas -- Statewide,87094.33333333333,11.374747101405354,263,Arkansas,AR,7.25,7.25,7.25,7.25,7.25,7.25,23,7.25,1.9810014688665833,236.736,7.031277456745066,1.9503684043563676,West South Central,0.0,0.0,0.0,False,False,False,False,25.0,25,0,-2.0,29.0,29,0,-6.0
5,2014,4,2014q4,Arkansas -- Statewide,86829.33333333333,11.371699785187296,272,Arkansas,AR,7.25,7.25,7.25,7.25,7.25,7.25,24,7.25,1.9810014688665833,236.736,7.031277456745066,1.9503684043563676,West South Central,0.0,0.0,0.0,False,False,False,False,25.0,25,0,-1.0,29.0,29,0,-5.0
5,2015,1,2015q1,Arkansas -- Statewide,86387.66666666667,11.366600197689257,256,Arkansas,AR,7.25,7.5,7.25,7.5,7.25,7.5,25,7.5,2.0149030205422647,237.017,7.265111785230595,1.983083683721571,West South Central,0.25,0.25,0.03390155167568132,True,True,True,False,25.0,25,1,0.0,29.0,29,0,-4.0
5,2015,2,2015q2,Arkansas -- Statewide,90568.33333333333,11.413859909226984,273,Arkansas,AR,7.25,7.5,7.25,7.5,7.25,7.5,26,7.5,2.0149030205422647,237.017,7.265111785230595,1.983083683721571,West South Central,0.0,0.0,0.0,True,False,False,False,25.0,25,1,1.0,29.0,29,0,-3.0
5,2015,3,2015q3,Arkansas -- Statewide,91062.33333333333,11.41929953269109,276,Arkansas,AR,7.25,7.5,7.25,7.5,7.25,7.5,27,7.5,2.0149030205422647,237.017,7.265111785230595,1.983083683721571,West South Central,0.0,0.0,0.0,True,False,False,False,25.0,25,1,2.0,29.0,29,0,-2.0
5,2015,4,2015q4,Arkansas -- Statewide,91611.33333333333,11.425310269355183,284,Arkansas,AR,7.25,7.5,7.25,7.5,7.25,7.5,28,7.5,2.0149030205422647,237.017,7.265111785230595,1.983083683721571,West South Central,0.0,0.0,0.0,True,False,False,False,25.0,25,1,3.0,29.0,29,0,-1.0
5,2016,1,2016q1,Arkansas -- Statewide,90780.33333333333,11.416197947884452,271,Arkansas,AR,7.25,8.0,7.25,8.0,7.25,8.0,29,8.0,2.0794415416798357,240.007,7.652910123454732,2.03508598379629,West South Central,0.5,0.5,0.06453852113757108,True,True,True,True,25.0,25,1,4.0,29.0,29,1,0.0
5,2016,2,2016q2,Arkansas -- Statewide,94410.0,11.455402278726563,281,Arkansas,AR,7.25,8.0,7.25,8.0,7.25,8.0,30,8.0,2.0794415416798357,240.007,7.652910123454732,2.03508598379629,West South Central,0.0,0.0,0.0,True,False,False,False,25.0,25,1,5.0,29.0,29,1,1.0
5,2016,3,2016q3,Arkansas -- Statewide,94005.0,11.451103251326886,291,Arkansas,AR,7.25,8.0,7.25,8.0,7.25,8.0,31,8.0,2.0794415416798357,240.007,7.652910123454732,2.03508598379629,West South Central,0.0,0.0,0.0,True,False,False,False,25.0,25,1,6.0,29.0,29,1,2.0
5,2016,4,2016q4,Arkansas -- Statewide,92949.66666666667,11.439813406985728,289,Arkansas,AR,7.25,8.0,7.25,8.0,7.25,8.0,32,8.0,2.0794415416798357,240.007,7.652910123454732,2.03508598379629,West South Central,0.0,0.0,0.0,True,False,False,False,25.0,25,1,7.0,29.0,29,1,3.0
5,2017,1,2017q1,Arkansas -- Statewide,91984.33333333333,11.429373551675141,289,Arkansas,AR,7.25,8.5,7.25,8.5,7.25,8.5,33,8.5,2.1400661634962708,245.12,7.9616065600522195,2.074630808643817,West South Central,0.5,0.5,0.06062462181643502,True,True,True,True,25.0,25,1,8.0,29.0,29,1,4.0
5,2017,2,2017q2,Arkansas -- Statewide,95333.66666666667,11.465138297631263,294,Arkansas,AR,7.25,8.5,7.25,8.5,7.25,8.5,34,8.5,2.1400661634962708,245.12,7.9616065600522195,2.074630808643817,West South Central,0.0,0.0,0.0,True,False,False,False,25.0,25,1,9.0,29.0,29,1,5.0
5,2017,3,2017q3,Arkansas -- Statewide,94792.0,11.459440296496576,298,Arkansas,AR,7.25,8.5,7.25,8.5,7.25,8.5,35,8.5,2.1400661634962708,245.12,7.9616065600522195,2.074630808643817,West South Central,0.0,0.0,0.0,True,False,False,False,25.0,25,1,10.0,29.0,29,1,6.0
5,2017,4,2017q4,Arkansas -- Statewide,94524.33333333333,11.456612575926362,300,Arkansas,AR,7.25,8.5,7.25,8.5,7.25,8.5,36,8.5,2.1400661634962708,245.12,7.9616065600522195,2.074630808643817,West South Central,0.0,0.0,0.0,True,False,False,False,25.0,25,1,11.0,29.0,29,1,7.0
5,2018,1,2018q1,Arkansas -- Statewide,93704.0,11.44789615674971,295,Arkansas,AR,7.25,8.5,7.25,8.5,7.25,8.5,37,8.5,2.1400661634962708,251.107,7.771782546882404,2.050499552081365,West South Central,0.0,0.0,0.0,True,False,False,False,25.0,25,1,12.0,29.0,29,1,8.0
5,2018,2,2018q2,Arkansas -- Statewide,96450.0,11.476780018333875,301,Arkansas,AR,7.25,8.5,7.25,8.5,7.25,8.5,38,8.5,2.1400661634962708,251.107,7.771782546882404,2.050499552081365,West South Central,0.0,0.0,0.0,True,False,False,False,25.0,25,1,13.0,29.0,29,1,9.0
5,2018,3,2018q3,Arkansas -- Statewide,96419.33333333333,11.476462013740868,306,Arkansas,AR,7.25,8.5,7.25,8.5,7.25,8.5,39,8.5,2.1400661634962708,251.107,7.771782546882404,2.050499552081365,West South Central,0.0,0.0,0.0,True,False,False,False,25.0,25,1,14.0,29.0,29,1,10.0
5,2018,4,2018q4,Arkansas -- Statewide,96108.66666666667,11.473234774728349,307,Arkansas,AR,7.25,8.5,7.25,8.5,7.25,8.5,40,8.5,2.1400661634962708,251.107,7.771782546882404,2.050499552081365,West South Central,0.0,0.0,0.0,True,False,False,False,25.0,25,1,15.0,29.0,29,1,11.0
5,2019,1,2019q1,Arkansas -- Statewide,95862.66666666667,11.470671890672898,307,Arkansas,AR,7.25,9.25,7.25,9.25,7.25,9.25,41,9.25,2.224623551524334,255.657,8.307007044594906,2.1170993808877423,West South Central,0.75,0.75,0.08455738802806323,True,True,True,True,25.0,25,1,16.0,29.0,29,1,12.0
5,2019,2,2019q2,Arkansas -- Statewide,98075.66666666667,11.493494568573556,315,Arkansas,AR,7.25,9.25,7.25,9.25,7.25,9.25,42,9.25,2.224623551524334,255.657,8.307007044594906,2.1170993808877423,West South Central,0.0,0.0,0.0,True,False,False,False,25.0,25,1,17.0,29.0,29,1,13.0
5,2019,3,2019q3,Arkansas -- Statewide,97745.66666666667,11.490124146089185,323,Arkansas,AR,7.25,9.25,7.25,9.25,7.25,9.25,43,9.25,2.224623551524334,255.657,8.307007044594906,2.1170993808877423,West South Central,0.0,0.0,0.0,True,False,False,False,25.0,25,1,18.0,29.0,29,1,14.0
5,2019,4,2019q4,Arkansas -- Statewide,97939.66666666667,11.492106921806231,322,Arkansas,AR,7.25,9.25,7.25,9.25,7.25,9.25,44,9.25,2.224623551524334,255.657,8.307007044594906,2.1170993808877423,West South Central,0.0,0.0,0.0,True,False,False,False,25.0,25,1,19.0,29.0,29,1,15.0
6,2009,1,2009q1,California -- Statewide,1048133.0,13.862521044207881,315,California,CA,6.55,8.0,6.550000000000002,8.0,6.55,8.0,1,8.0,2.0794415416798357,214.537,8.561469583335276,2.147271855714452,Pacific,,,,True,False,False,False,23.0,23,0,-22.0,23.0,23,0,-22.0
6,2009,2,2009q2,California -- Statewide,1063149.0,13.876745816833362,326,California,CA,6.55,8.0,6.550000000000001,8.0,6.55,8.0,2,8.0,2.0794415416798357,214.537,8.561469583335276,2.147271855714452,Pacific,0.0,0.0,0.0,True,False,False,False,23.0,23,0,-21.0,23.0,23,0,-21.0
6,2009,3,2009q3,California -- Statewide,1057784.3333333333,13.871687026891117,329,California,CA,6.55,8.0,7.075000000000001,8.0,7.25,8.0,3,8.0,2.0794415416798357,214.537,8.561469583335276,2.147271855714452,Pacific,0.0,0.0,0.0,True,False,False,False,23.0,23,0,-20.0,23.0,23,0,-20.0
6,2009,4,2009q4,California -- Statewide,1043268.6666666666,13.857869291096664,338,California,CA,7.25,8.0,7.25,8.0,7.25,8.0,4,8.0,2.0794415416798357,214.537,8.561469583335276,2.147271855714452,Pacific,0.0,0.0,0.0,True,False,False,False,23.0,23,0,-19.0,23.0,23,0,-19.0
6,2010,1,2010q1,California -- Statewide,1024138.0,13.83936184112652,320,California,CA,7.25,8.0,7.25,8.0,7.25,8.0,5,8.0,2.0794415416798357,218.056,8.423304105367428,2.1310021628447813,Pacific,0.0,0.0,0.0,True,False,False,False,23.0,23,0,-18.0,23.0,23,0,-18.0
6,2010,2,2010q2,California -- Statewide,1061787.0,13.875463895696425,331,California,CA,7.25,8.0,7.25,8.0,7.25,8.0,6,8.0,2.0794415416798357,218.056,8.423304105367428,2.1310021628447813,Pacific,0.0,0.0,0.0,True,False,False,False,23.0,23,0,-17.0,23.0,23,0,-17.0
6,2010,3,2010q3,California -- Statewide,1069410.0,13.882617652491012,335,California,CA,7.25,8.0,7.25,8.0,7.25,8.0,7,8.0,2.0794415416798357,218.056,8.423304105367428,2.1310021628447813,Pacific,0.0,0.0,0.0,True,False,False,False,23.0,23,0,-16.0,23.0,23,0,-16.0
6,2010,4,2010q4,California -- Statewide,1064243.6666666667,13.877774932689997,347,California,CA,7.25,8.0,7.25,8.0,7.25,8.0,8,8.0,2.0794415416798357,218.056,8.423304105367428,2.1310021628447813,Pacific,0.0,0.0,0.0,True,False,False,False,23.0,23,0,-15.0,23.0,23,0,-15.0
6,2011,1,2011q1,California -- Statewide,1050827.0,13.865088031172212,324,California,CA,7.25,8.0,7.25,8.0,7.25,8.0,9,8.0,2.0794415416798357,224.939,8.165555995180915,2.0999248190435607,Pacific,0.0,0.0,0.0,True,False,False,False,23.0,23,0,-14.0,23.0,23,0,-14.0
6,2011,2,2011q2,California -- Statewide,1084059.3333333333,13.89622319503115,339,California,CA,7.25,8.0,7.25,8.0,7.25,8.0,10,8.0,2.0794415416798357,224.939,8.165555995180915,2.0999248190435607,Pacific,0.0,0.0,0.0,True,False,False,False,23.0,23,0,-13.0,23.0,23,0,-13.0
6,2011,3,2011q3,California -- Statewide,1097713.0,13.908739482549619,351,California,CA,7.25,8.0,7.25,8.0,7.25,8.0,11,8.0,2.0794415416798357,224.939,8.165555995180915,2.0999248190435607,Pacific,0.0,0.0,0.0,True,False,False,False,23.0,23,0,-12.0,23.0,23,0,-12.0
6,2011,4,2011q4,California -- Statewide,1095021.6666666667,13.906284707947178,345,California,CA,7.25,8.0,7.25,8.0,7.25,8.0,12,8.0,2.0794415416798357,224.939,8.165555995180915,2.0999248190435607,Pacific,0.0,0.0,0.0,True,False,False,False,23.0,23,0,-11.0,23.0,23,0,-11.0
6,2012,1,2012q1,California -- Statewide,1093338.0,13.904745959975791,340,California,CA,7.25,8.0,7.25,8.0,7.25,8.0,13,8.0,2.0794415416798357,229.594,8.0,2.0794415416798357,Pacific,0.0,0.0,0.0,True,False,False,False,23.0,23,0,-10.0,23.0,23,0,-10.0
6,2012,2,2012q2,California -- Statewide,1138065.6666666667,13.944840595577148,343,California,CA,7.25,8.0,7.25,8.0,7.25,8.0,14,8.0,2.0794415416798357,229.594,8.0,2.0794415416798357,Pacific,0.0,0.0,0.0,True,False,False,False,23.0,23,0,-9.0,23.0,23,0,-9.0
6,2012,3,2012q3,California -- Statewide,1152267.0,13.957241864216597,350,California,CA,7.25,8.0,7.25,8.0,7.25,8.0,15,8.0,2.0794415416798357,229.594,8.0,2.0794415416798357,Pacific,0.0,0.0,0.0,True,False,False,False,23.0,23,0,-8.0,23.0,23,0,-8.0
6,2012,4,2012q4,California -- Statewide,1149394.3333333333,13.954745694935163,354,California,CA,7.25,8.0,7.25,8.0,7.25,8.0,16,8.0,2.0794415416798357,229.594,8.0,2.0794415416798357,Pacific,0.0,0.0,0.0,True,False,False,False,23.0,23,0,-7.0,23.0,23,0,-7.0
6,2013,1,2013q1,California -- Statewide,1150160.0,13.955411621096474,340,California,CA,7.25,8.0,7.25,8.0,7.25,8.0,17,8.0,2.0794415416798357,232.957,7.884510875397606,2.0649001862014593,Pacific,0.0,0.0,0.0,True,False,False,False,23.0,23,0,-6.0,23.0,23,0,-6.0
6,2013,2,2013q2,California -- Statewide,1197742.3333333333,13.995948953834324,345,California,CA,7.25,8.0,7.25,8.0,7.25,8.0,18,8.0,2.0794415416798357,232.957,7.884510875397606,2.0649001862014593,Pacific,0.0,0.0,0.0,True,False,False,False,23.0,23,0,-5.0,23.0,23,0,-5.0
6,2013,3,2013q3,California -- Statewide,1214524.6666666667,14.009863337359464,352,California,CA,7.25,8.0,7.25,8.0,7.25,8.0,19,8.0,2.0794415416798357,232.957,7.884510875397606,2.0649001862014593,Pacific,0.0,0.0,0.0,True,False,False,False,23.0,23,0,-4.0,23.0,23,0,-4.0
6,2013,4,2013q4,California -- Statewide,1215462.0,14.01063480939483,356,California,CA,7.25,8.0,7.25,8.0,7.25,8.0,20,8.0,2.0794415416798357,232.957,7.884510875397606,2.0649001862014593,Pacific,0.0,0.0,0.0,True,False,False,False,23.0,23,0,-3.0,23.0,23,0,-3.0
6,2014,1,2014q1,California -- Statewide,1222859.0,14.016702117753047,344,California,CA,7.25,8.0,7.25,8.0,7.25,8.0,21,8.0,2.0794415416798357,236.736,7.758650986753176,2.04880847716962,Pacific,0.0,0.0,0.0,True,False,False,False,23.0,23,0,-2.0,23.0,23,0,-2.0
6,2014,2,2014q2,California -- Statewide,1266143.3333333333,14.051486092760529,353,California,CA,7.25,8.0,7.25,8.0,7.25,8.0,22,8.0,2.0794415416798357,236.736,7.758650986753176,2.04880847716962,Pacific,0.0,0.0,0.0,True,False,False,False,23.0,23,0,-1.0,23.0,23,0,-1.0
6,2014,3,2014q3,California -- Statewide,1280667.0,14.062891593923599,369,California,CA,7.25,9.0,7.25,9.0,7.25,9.0,23,9.0,2.1972245773362196,236.736,8.728482360097324,2.1665915128260034,Pacific,1.0,1.0,0.11778303565638382,True,True,True,True,23.0,23,1,0.0,23.0,23,1,0.0
6,2014,4,2014q4,California -- Statewide,1272976.0,14.056868024258915,376,California,CA,7.25,9.0,7.25,9.0,7.25,9.0,24,9.0,2.1972245773362196,236.736,8.728482360097324,2.1665915128260034,Pacific,0.0,0.0,0.0,True,False,False,False,23.0,23,1,1.0,23.0,23,1,1.0
6,2015,1,2015q1,California -- Statewide,1273778.0,14.057497845613087,369,California,CA,7.25,9.0,7.25,9.0,7.25,9.0,25,9.0,2.1972245773362196,237.017,8.718134142276714,2.1654052405155255,Pacific,0.0,0.0,0.0,True,False,False,False,23.0,23,1,2.0,23.0,23,1,2.0
6,2015,2,2015q2,California -- Statewide,1315297.6666666667,14.089573560462037,376,California,CA,7.25,9.0,7.25,9.0,7.25,9.0,26,9.0,2.1972245773362196,237.017,8.718134142276714,2.1654052405155255,Pacific,0.0,0.0,0.0,True,False,False,False,23.0,23,1,3.0,23.0,23,1,3.0
6,2015,3,2015q3,California -- Statewide,1331227.6666666667,14.101612132086318,385,California,CA,7.25,9.0,7.25,9.0,7.25,9.0,27,9.0,2.1972245773362196,237.017,8.718134142276714,2.1654052405155255,Pacific,0.0,0.0,0.0,True,False,False,False,23.0,23,1,4.0,23.0,23,1,4.0
6,2015,4,2015q4,California -- Statewide,1331773.3333333333,14.102021945431716,403,California,CA,7.25,9.0,7.25,9.0,7.25,9.0,28,9.0,2.1972245773362196,237.017,8.718134142276714,2.1654052405155255,Pacific,0.0,0.0,0.0,True,False,False,False,23.0,23,1,5.0,23.0,23,1,5.0
6,2016,1,2016q1,California -- Statewide,1329749.6666666667,14.100501261930846,385,California,CA,7.25,10.0,7.25,10.0,7.25,10.0,29,10.0,2.302585092994046,240.007,9.566137654318416,2.2582295351104995,Pacific,1.0,1.0,0.10536051565782634,True,True,True,True,23.0,23,1,6.0,23.0,23,1,6.0
6,2016,2,2016q2,California -- Statewide,1373882.0,14.133150867436013,400,California,CA,7.25,10.0,7.25,10.0,7.25,10.0,30,10.0,2.302585092994046,240.007,9.566137654318416,2.2582295351104995,Pacific,0.0,0.0,0.0,True,False,False,False,23.0,23,1,7.0,23.0,23,1,7.0
6,2016,3,2016q3,California -- Statewide,1381466.3333333333,14.138656053402144,422,California,CA,7.25,10.0,7.25,10.0,7.25,10.0,31,10.0,2.302585092994046,240.007,9.566137654318416,2.2582295351104995,Pacific,0.0,0.0,0.0,True,False,False,False,23.0,23,1,8.0,23.0,23,1,8.0
6,2016,4,2016q4,California -- Statewide,1380118.0,14.137679560724228,423,California,CA,7.25,10.0,7.25,10.0,7.25,10.0,32,10.0,2.302585092994046,240.007,9.566137654318416,2.2582295351104995,Pacific,0.0,0.0,0.0,True,False,False,False,23.0,23,1,9.0,23.0,23,1,9.0
6,2017,1,2017q1,California -- Statewide,1371935.0,14.13173271005239,408,California,CA,7.25,10.5,7.25,10.5,7.25,10.5,33,10.5,2.3513752571634776,245.12,9.834925750652742,2.285939902311024,Pacific,0.5,0.5,0.048790164169431716,True,True,True,False,23.0,23,1,10.0,23.0,23,1,10.0
6,2017,2,2017q2,California -- Statewide,1418819.3333333333,14.165335628327622,422,California,CA,7.25,10.5,7.25,10.5,7.25,10.5,34,10.5,2.3513752571634776,245.12,9.834925750652742,2.285939902311024,Pacific,0.0,0.0,0.0,True,False,False,False,23.0,23,1,11.0,23.0,23,1,11.0
6,2017,3,2017q3,California -- Statewide,1423772.6666666667,14.16882071401481,425,California,CA,7.25,10.5,7.25,10.5,7.25,10.5,35,10.5,2.3513752571634776,245.12,9.834925750652742,2.285939902311024,Pacific,0.0,0.0,0.0,True,False,False,False,23.0,23,1,12.0,23.0,23,1,12.0
6,2017,4,2017q4,California -- Statewide,1414675.0,14.16241038069973,437,California,CA,7.25,10.5,7.25,10.5,7.25,10.5,36,10.5,2.3513752571634776,245.12,9.834925750652742,2.285939902311024,Pacific,0.0,0.0,0.0,True,False,False,False,23.0,23,1,13.0,23.0,23,1,13.0
6,2018,1,2018q1,California -- Statewide,1413256.0,14.16140682006187,430,California,CA,7.25,11.0,7.25,11.0,7.25,11.0,37,11.0,2.3978952727983707,251.107,10.057600943024289,2.308328661383465,Pacific,0.5,0.5,0.04652001563489305,True,True,True,False,23.0,23,1,14.0,23.0,23,1,14.0
6,2018,2,2018q2,California -- Statewide,1451939.3333333333,14.188410692043137,441,California,CA,7.25,11.0,7.25,11.0,7.25,11.0,38,11.0,2.3978952727983707,251.107,10.057600943024289,2.308328661383465,Pacific,0.0,0.0,0.0,True,False,False,False,23.0,23,1,15.0,23.0,23,1,15.0
6,2018,3,2018q3,California -- Statewide,1460210.6666666667,14.194091275512838,448,California,CA,7.25,11.0,7.25,11.0,7.25,11.0,39,11.0,2.3978952727983707,251.107,10.057600943024289,2.308328661383465,Pacific,0.0,0.0,0.0,True,False,False,False,23.0,23,1,16.0,23.0,23,1,16.0
6,2018,4,2018q4,California -- Statewide,1449627.3333333333,14.18681706986939,463,California,CA,7.25,11.0,7.25,11.0,7.25,11.0,40,11.0,2.3978952727983707,251.107,10.057600943024289,2.308328661383465,Pacific,0.0,0.0,0.0,True,False,False,False,23.0,23,1,17.0,23.0,23,1,17.0
6,2019,1,2019q1,California -- Statewide,1440426.3333333333,14.180449692548459,451,California,CA,7.25,12.0,7.25,12.0,7.25,12.0,41,12.0,2.4849066497880004,255.657,10.776657787582579,2.377382479151408,Pacific,1.0,1.0,0.08701137698962969,True,True,True,True,23.0,23,1,18.0,23.0,23,1,18.0
6,2019,2,2019q2,California -- Statewide,1478249.3333333333,14.206369062699267,467,California,CA,7.25,12.0,7.25,12.0,7.25,12.0,42,12.0,2.4849066497880004,255.657,10.776657787582579,2.377382479151408,Pacific,0.0,0.0,0.0,True,False,False,False,23.0,23,1,19.0,23.0,23,1,19.0
6,2019,3,2019q3,California -- Statewide,1480504.0,14.207893128310069,472,California,CA,7.25,12.0,7.25,12.0,7.25,12.0,43,12.0,2.4849066497880004,255.657,10.776657787582579,2.377382479151408,Pacific,0.0,0.0,0.0,True,False,False,False,23.0,23,1,20.0,23.0,23,1,20.0
6,2019,4,2019q4,California -- Statewide,1474401.3333333333,14.203762589660004,485,California,CA,7.25,12.0,7.25,12.0,7.25,12.0,44,12.0,2.4849066497880004,255.657,10.776657787582579,2.377382479151408,Pacific,0.0,0.0,0.0,True,False,False,False,23.0,23,1,21.0,23.0,23,1,21.0
8,2009,1,2009q1,Colorado -- Statewide,176164.0,12.079170658329051,299,Colorado,CO,6.55,7.28000020980835,6.550000000000002,7.28000020980835,6.55,7.28000020980835,1,7.28000020980835,1.9851308910284224,214.537,7.790937545368576,2.052961205063039,Mountain,,,,True,False,False,False,9.0,9,0,-8.0,33.0,33,0,-32.0
8,2009,2,2009q2,Colorado -- Statewide,178660.66666666666,12.093243568731387,294,Colorado,CO,6.55,7.28000020980835,6.550000000000001,7.28000020980835,6.55,7.28000020980835,2,7.28000020980835,1.9851308910284224,214.537,7.790937545368576,2.052961205063039,Mountain,0.0,0.0,0.0,True,False,False,False,9.0,9,0,-7.0,33.0,33,0,-31.0
8,2009,3,2009q3,Colorado -- Statewide,182362.33333333334,12.113750829449147,306,Colorado,CO,6.55,7.28000020980835,7.075,7.28000020980835,7.25,7.28000020980835,3,7.28000020980835,1.9851308910284224,214.537,7.790937545368576,2.052961205063039,Mountain,0.0,0.0,0.0,True,False,False,False,9.0,9,0,-6.0,33.0,33,0,-30.0
8,2009,4,2009q4,Colorado -- Statewide,174413.66666666666,12.069185151301099,305,Colorado,CO,7.25,7.28000020980835,7.25,7.28000020980835,7.25,7.28000020980835,4,7.28000020980835,1.9851308910284224,214.537,7.790937545368576,2.052961205063039,Mountain,0.0,0.0,0.0,True,False,False,False,9.0,9,0,-5.0,33.0,33,0,-29.0
8,2010,1,2010q1,Colorado -- Statewide,173111.33333333334,12.061690211772834,302,Colorado,CO,7.25,7.25,7.25,7.25,7.25,7.25,5,7.25,1.9810014688665833,218.056,7.633619345489231,2.032562090031529,Mountain,-0.03000020980834961,-0.03000020980834961,-0.004129422161839091,False,False,False,False,9.0,9,0,-4.0,33.0,33,0,-28.0
8,2010,2,2010q2,Colorado -- Statewide,177850.66666666666,12.088699525846756,302,Colorado,CO,7.25,7.25,7.25,7.25,7.25,7.25,6,7.25,1.9810014688665833,218.056,7.633619345489231,2.032562090031529,Mountain,0.0,0.0,0.0,False,False,False,False,9.0,9,0,-3.0,33.0,33,0,-27.0
8,2010,3,2010q3,Colorado -- Statewide,184084.0,12.123147454155909,314,Colorado,CO,7.25,7.25,7.25,7.25,7.25,7.25,7,7.25,1.9810014688665833,218.056,7.633619345489231,2.032562090031529,Mountain,0.0,0.0,0.0,False,False,False,False,9.0,9,0,-2.0,33.0,33,0,-26.0
8,2010,4,2010q4,Colorado -- Statewide,178911.66666666666,12.094647480711298,316,Colorado,CO,7.25,7.25,7.25,7.25,7.25,7.25,8,7.25,1.9810014688665833,218.056,7.633619345489231,2.032562090031529,Mountain,0.0,0.0,0.0,False,False,False,False,9.0,9,0,-1.0,33.0,33,0,-25.0
8,2011,1,2011q1,Colorado -- Statewide,178791.66666666666,12.093976533625716,307,Colorado,CO,7.25,7.360000133514404,7.25,7.360000133514404,7.25,7.360000133514404,9,7.360000133514404,1.9960599508813288,224.939,7.51231165184386,2.0165432282450535,Mountain,0.1100001335144043,0.1100001335144043,0.015058482014745467,True,True,True,False,9.0,9,1,0.0,33.0,33,0,-24.0
8,2011,2,2011q2,Colorado -- Statewide,184447.0,12.125117438322208,311,Colorado,CO,7.25,7.360000133514404,7.25,7.360000133514404,7.25,7.360000133514404,10,7.360000133514404,1.9960599508813288,224.939,7.51231165184386,2.0165432282450535,Mountain,0.0,0.0,0.0,True,False,False,False,9.0,9,1,1.0,33.0,33,0,-23.0
8,2011,3,2011q3,Colorado -- Statewide,190970.0,12.15987162662946,329,Colorado,CO,7.25,7.360000133514404,7.25,7.360000133514404,7.25,7.360000133514404,11,7.360000133514404,1.9960599508813288,224.939,7.51231165184386,2.0165432282450535,Mountain,0.0,0.0,0.0,True,False,False,False,9.0,9,1,2.0,33.0,33,0,-22.0
8,2011,4,2011q4,Colorado -- Statewide,185319.66666666666,12.129837540838414,313,Colorado,CO,7.25,7.360000133514404,7.25,7.360000133514404,7.25,7.360000133514404,12,7.360000133514404,1.9960599508813288,224.939,7.51231165184386,2.0165432282450535,Mountain,0.0,0.0,0.0,True,False,False,False,9.0,9,1,3.0,33.0,33,0,-21.0
8,2012,1,2012q1,Colorado -- Statewide,184685.66666666666,12.126410559855337,326,Colorado,CO,7.25,7.639999866485596,7.25,7.639999866485596,7.25,7.639999866485596,13,7.639999866485596,2.0333975857027218,229.594,7.639999866485596,2.0333975857027218,Mountain,0.2799997329711914,0.2799997329711914,0.03733763482139296,True,True,True,False,9.0,9,1,4.0,33.0,33,0,-20.0
8,2012,2,2012q2,Colorado -- Statewide,191168.66666666666,12.160911388903704,317,Colorado,CO,7.25,7.639999866485596,7.25,7.639999866485596,7.25,7.639999866485596,14,7.639999866485596,2.0333975857027218,229.594,7.639999866485596,2.0333975857027218,Mountain,0.0,0.0,0.0,True,False,False,False,9.0,9,1,5.0,33.0,33,0,-19.0
8,2012,3,2012q3,Colorado -- Statewide,197232.66666666666,12.1921393598997,330,Colorado,CO,7.25,7.639999866485596,7.25,7.639999866485596,7.25,7.639999866485596,15,7.639999866485596,2.0333975857027218,229.594,7.639999866485596,2.0333975857027218,Mountain,0.0,0.0,0.0,True,False,False,False,9.0,9,1,6.0,33.0,33,0,-18.0
8,2012,4,2012q4,Colorado -- Statewide,192285.66666666666,12.166737392484116,327,Colorado,CO,7.25,7.639999866485596,7.25,7.639999866485596,7.25,7.639999866485596,16,7.639999866485596,2.0333975857027218,229.594,7.639999866485596,2.0333975857027218,Mountain,0.0,0.0,0.0,True,False,False,False,9.0,9,1,7.0,33.0,33,0,-17.0
8,2013,1,2013q1,Colorado -- Statewide,192606.33333333334,12.168403661156157,328,Colorado,CO,7.25,7.78000020980835,7.25,7.78000020980835,7.25,7.78000020980835,17,7.78000020980835,2.0515563651579543,232.957,7.667687033103698,2.0370150096795774,Mountain,0.1400003433227539,0.1400003433227539,0.018158779455232477,True,True,True,False,9.0,9,1,8.0,33.0,33,0,-16.0
8,2013,2,2013q2,Colorado -- Statewide,199434.0,12.20323863350904,322,Colorado,CO,7.25,7.78000020980835,7.25,7.78000020980835,7.25,7.78000020980835,18,7.78000020980835,2.0515563651579543,232.957,7.667687033103698,2.0370150096795774,Mountain,0.0,0.0,0.0,True,False,False,False,9.0,9,1,9.0,33.0,33,0,-15.0
8,2013,3,2013q3,Colorado -- Statewide,205806.33333333334,12.234690876123018,337,Colorado,CO,7.25,7.78000020980835,7.25,7.78000020980835,7.25,7.78000020980835,19,7.78000020980835,2.0515563651579543,232.957,7.667687033103698,2.0370150096795774,Mountain,0.0,0.0,0.0,True,False,False,False,9.0,9,1,10.0,33.0,33,0,-14.0
8,2013,4,2013q4,Colorado -- Statewide,199285.0,12.202491239946475,332,Colorado,CO,7.25,7.78000020980835,7.25,7.78000020980835,7.25,7.78000020980835,20,7.78000020980835,2.0515563651579543,232.957,7.667687033103698,2.0370150096795774,Mountain,0.0,0.0,0.0,True,False,False,False,9.0,9,1,11.0,33.0,33,0,-13.0
8,2014,1,2014q1,Colorado -- Statewide,200377.33333333334,12.207957534676659,338,Colorado,CO,7.25,8.0,7.25,8.0,7.25,8.0,21,8.0,2.0794415416798357,236.736,7.758650986753176,2.04880847716962,Mountain,0.2199997901916504,0.2199997901916504,0.027885176521881494,True,True,True,False,9.0,9,1,12.0,33.0,33,0,-12.0
8,2014,2,2014q2,Colorado -- Statewide,207099.0,12.240952218786793,333,Colorado,CO,7.25,8.0,7.25,8.0,7.25,8.0,22,8.0,2.0794415416798357,236.736,7.758650986753176,2.04880847716962,Mountain,0.0,0.0,0.0,True,False,False,False,9.0,9,1,13.0,33.0,33,0,-11.0
8,2014,3,2014q3,Colorado -- Statewide,213805.33333333334,12.272821222693818,349,Colorado,CO,7.25,8.0,7.25,8.0,7.25,8.0,23,8.0,2.0794415416798357,236.736,7.758650986753176,2.04880847716962,Mountain,0.0,0.0,0.0,True,False,False,False,9.0,9,1,14.0,33.0,33,0,-10.0
8,2014,4,2014q4,Colorado -- Statewide,208567.0,12.248015611527073,347,Colorado,CO,7.25,8.0,7.25,8.0,7.25,8.0,24,8.0,2.0794415416798357,236.736,7.758650986753176,2.04880847716962,Mountain,0.0,0.0,0.0,True,False,False,False,9.0,9,1,15.0,33.0,33,0,-9.0
8,2015,1,2015q1,Colorado -- Statewide,209894.66666666666,12.254361096561027,351,Colorado,CO,7.25,8.229999542236328,7.25,8.229999542236328,7.25,8.229999542236328,25,8.229999542236328,2.1077859590676318,237.017,7.9722488888991405,2.0759666222469377,Mountain,0.22999954223632812,0.22999954223632812,0.028344417387796028,True,True,True,False,9.0,9,1,16.0,33.0,33,0,-8.0
8,2015,2,2015q2,Colorado -- Statewide,217142.66666666666,12.288309866573778,349,Colorado,CO,7.25,8.229999542236328,7.25,8.229999542236328,7.25,8.229999542236328,26,8.229999542236328,2.1077859590676318,237.017,7.9722488888991405,2.0759666222469377,Mountain,0.0,0.0,0.0,True,False,False,False,9.0,9,1,17.0,33.0,33,0,-7.0
8,2015,3,2015q3,Colorado -- Statewide,223655.0,12.317859964971479,366,Colorado,CO,7.25,8.229999542236328,7.25,8.229999542236328,7.25,8.229999542236328,27,8.229999542236328,2.1077859590676318,237.017,7.9722488888991405,2.0759666222469377,Mountain,0.0,0.0,0.0,True,False,False,False,9.0,9,1,18.0,33.0,33,0,-6.0
8,2015,4,2015q4,Colorado -- Statewide,217991.66666666666,12.292212114740888,370,Colorado,CO,7.25,8.229999542236328,7.25,8.229999542236328,7.25,8.229999542236328,28,8.229999542236328,2.1077859590676318,237.017,7.9722488888991405,2.0759666222469377,Mountain,0.0,0.0,0.0,True,False,False,False,9.0,9,1,19.0,33.0,33,0,-5.0
8,2016,1,2016q1,Colorado -- Statewide,219442.33333333334,12.298844758681701,358,Colorado,CO,7.25,8.3100004196167,7.25,8.3100004196167,7.25,8.3100004196167,29,8.3100004196167,2.1174596593627464,240.007,7.949460792149714,2.0731041014792004,Mountain,0.0800008773803711,0.0800008773803711,0.009673700295114607,True,True,False,False,9.0,9,1,20.0,33.0,33,0,-4.0
8,2016,2,2016q2,Colorado -- Statewide,224627.33333333334,12.322198011715084,361,Colorado,CO,7.25,8.3100004196167,7.25,8.3100004196167,7.25,8.3100004196167,30,8.3100004196167,2.1174596593627464,240.007,7.949460792149714,2.0731041014792004,Mountain,0.0,0.0,0.0,True,False,False,False,9.0,9,1,21.0,33.0,33,0,-3.0
8,2016,3,2016q3,Colorado -- Statewide,231845.33333333334,12.353825761660744,388,Colorado,CO,7.25,8.3100004196167,7.25,8.3100004196167,7.25,8.3100004196167,31,8.3100004196167,2.1174596593627464,240.007,7.949460792149714,2.0731041014792004,Mountain,0.0,0.0,0.0,True,False,False,False,9.0,9,1,22.0,33.0,33,0,-2.0
8,2016,4,2016q4,Colorado -- Statewide,224719.0,12.322606011786023,378,Colorado,CO,7.25,8.3100004196167,7.25,8.3100004196167,7.25,8.3100004196167,32,8.3100004196167,2.1174596593627464,240.007,7.949460792149714,2.0731041014792004,Mountain,0.0,0.0,0.0,True,False,False,False,9.0,9,1,23.0,33.0,33,0,-1.0
8,2017,1,2017q1,Colorado -- Statewide,224678.33333333334,12.322425028661465,386,Colorado,CO,7.25,9.300000190734863,7.25,9.300000190734863,7.25,9.300000190734863,33,9.300000190734863,2.230014420668335,245.12,8.710934414946069,2.1645790658158814,Mountain,0.9899997711181641,0.9899997711181641,0.11255476130558861,True,True,True,True,9.0,9,1,24.0,33.0,33,1,0.0
8,2017,2,2017q2,Colorado -- Statewide,229960.0,12.345660659737227,390,Colorado,CO,7.25,9.300000190734863,7.25,9.300000190734863,7.25,9.300000190734863,34,9.300000190734863,2.230014420668335,245.12,8.710934414946069,2.1645790658158814,Mountain,0.0,0.0,0.0,True,False,False,False,9.0,9,1,25.0,33.0,33,1,1.0
8,2017,3,2017q3,Colorado -- Statewide,236479.33333333334,12.373616097613057,399,Colorado,CO,7.25,9.300000190734863,7.25,9.300000190734863,7.25,9.300000190734863,35,9.300000190734863,2.230014420668335,245.12,8.710934414946069,2.1645790658158814,Mountain,0.0,0.0,0.0,True,False,False,False,9.0,9,1,26.0,33.0,33,1,2.0
8,2017,4,2017q4,Colorado -- Statewide,230937.33333333334,12.349901668428412,400,Colorado,CO,7.25,9.300000190734863,7.25,9.300000190734863,7.25,9.300000190734863,36,9.300000190734863,2.230014420668335,245.12,8.710934414946069,2.1645790658158814,Mountain,0.0,0.0,0.0,True,False,False,False,9.0,9,1,27.0,33.0,33,1,3.0
8,2018,1,2018q1,Colorado -- Statewide,229949.33333333334,12.345614273782886,406,Colorado,CO,7.25,10.199999809265137,7.25,10.199999809265137,7.25,10.199999809265137,37,10.199999809265137,2.3223877015907286,251.107,9.326138881864782,2.232821090175823,Mountain,0.8999996185302734,0.8999996185302734,0.09237328092239361,True,True,True,True,9.0,9,1,28.0,33.0,33,1,4.0
8,2018,2,2018q2,Colorado -- Statewide,234699.0,12.366059121071622,412,Colorado,CO,7.25,10.199999809265137,7.25,10.199999809265137,7.25,10.199999809265137,38,10.199999809265137,2.3223877015907286,251.107,9.326138881864782,2.232821090175823,Mountain,0.0,0.0,0.0,True,False,False,False,9.0,9,1,29.0,33.0,33,1,5.0
8,2018,3,2018q3,Colorado -- Statewide,239871.0,12.38785655781922,427,Colorado,CO,7.25,10.199999809265137,7.25,10.199999809265137,7.25,10.199999809265137,39,10.199999809265137,2.3223877015907286,251.107,9.326138881864782,2.232821090175823,Mountain,0.0,0.0,0.0,True,False,False,False,9.0,9,1,30.0,33.0,33,1,6.0
8,2018,4,2018q4,Colorado -- Statewide,233591.33333333334,12.36132842879135,427,Colorado,CO,7.25,10.199999809265137,7.25,10.199999809265137,7.25,10.199999809265137,40,10.199999809265137,2.3223877015907286,251.107,9.326138881864782,2.232821090175823,Mountain,0.0,0.0,0.0,True,False,False,False,9.0,9,1,31.0,33.0,33,1,7.0
8,2019,1,2019q1,Colorado -- Statewide,231279.33333333334,12.351381494177138,427,Colorado,CO,7.25,11.100000381469727,7.25,11.100000381469727,7.25,11.100000381469727,41,11.100000381469727,2.40694514268493,255.657,9.968408796094613,2.2994209720483383,Mountain,0.9000005722045898,0.9000005722045898,0.08455744109420138,True,True,True,True,9.0,9,1,32.0,33.0,33,1,8.0
8,2019,2,2019q2,Colorado -- Statewide,236571.0,12.374003653276185,440,Colorado,CO,7.25,11.100000381469727,7.25,11.100000381469727,7.25,11.100000381469727,42,11.100000381469727,2.40694514268493,255.657,9.968408796094613,2.2994209720483383,Mountain,0.0,0.0,0.0,True,False,False,False,9.0,9,1,33.0,33.0,33,1,9.0
8,2019,3,2019q3,Colorado -- Statewide,243154.66666666666,12.401453008190083,457,Colorado,CO,7.25,11.100000381469727,7.25,11.100000381469727,7.25,11.100000381469727,43,11.100000381469727,2.40694514268493,255.657,9.968408796094613,2.2994209720483383,Mountain,0.0,0.0,0.0,True,False,False,False,9.0,9,1,34.0,33.0,33,1,10.0
8,2019,4,2019q4,Colorado -- Statewide,235942.0,12.371341291091278,448,Colorado,CO,7.25,11.100000381469727,7.25,11.100000381469727,7.25,11.100000381469727,44,11.100000381469727,2.40694514268493,255.657,9.968408796094613,2.2994209720483383,Mountain,0.0,0.0,0.0,True,False,False,False,9.0,9,1,35.0,33.0,33,1,11.0
9,2009,1,2009q1,Connecticut -- Statewide,95276.0,11.464533221619805,319,Connecticut,CT,6.55,8.0,6.550000000000002,8.0,6.55,8.0,1,8.0,2.0794415416798357,214.537,8.561469583335276,2.147271855714452,New England,,,,True,False,False,False,21.0,21,0,-20.0,21.0,21,0,-20.0
9,2009,2,2009q2,Connecticut -- Statewide,100577.33333333333,11.518682196482589,328,Connecticut,CT,6.55,8.0,6.550000000000001,8.0,6.55,8.0,2,8.0,2.0794415416798357,214.537,8.561469583335276,2.147271855714452,New England,0.0,0.0,0.0,True,False,False,False,21.0,21,0,-19.0,21.0,21,0,-19.0
9,2009,3,2009q3,Connecticut -- Statewide,100967.0,11.522549009761379,328,Connecticut,CT,6.55,8.0,7.075,8.0,7.25,8.0,3,8.0,2.0794415416798357,214.537,8.561469583335276,2.147271855714452,New England,0.0,0.0,0.0,True,False,False,False,21.0,21,0,-18.0,21.0,21,0,-18.0
9,2009,4,2009q4,Connecticut -- Statewide,99393.0,11.50683696762967,353,Connecticut,CT,7.25,8.0,7.25,8.0,7.25,8.0,4,8.0,2.0794415416798357,214.537,8.561469583335276,2.147271855714452,New England,0.0,0.0,0.0,True,False,False,False,21.0,21,0,-17.0,21.0,21,0,-17.0
9,2010,1,2010q1,Connecticut -- Statewide,93233.33333333333,11.442860590521942,326,Connecticut,CT,7.25,8.25,7.25,8.25,7.25,8.25,5,8.25,2.1102132003465894,218.056,8.68653235866016,2.161773821511535,New England,0.25,0.25,0.030771658666753687,True,False,False,False,21.0,21,0,-16.0,21.0,21,0,-16.0
9,2010,2,2010q2,Connecticut -- Statewide,100517.0,11.51808214640516,339,Connecticut,CT,7.25,8.25,7.25,8.25,7.25,8.25,6,8.25,2.1102132003465894,218.056,8.68653235866016,2.161773821511535,New England,0.0,0.0,0.0,True,False,False,False,21.0,21,0,-15.0,21.0,21,0,-15.0
9,2010,3,2010q3,Connecticut -- Statewide,101939.66666666667,11.532136413991362,341,Connecticut,CT,7.25,8.25,7.25,8.25,7.25,8.25,7,8.25,2.1102132003465894,218.056,8.68653235866016,2.161773821511535,New England,0.0,0.0,0.0,True,False,False,False,21.0,21,0,-14.0,21.0,21,0,-14.0
9,2010,4,2010q4,Connecticut -- Statewide,101244.0,11.525288723953627,360,Connecticut,CT,7.25,8.25,7.25,8.25,7.25,8.25,8,8.25,2.1102132003465894,218.056,8.68653235866016,2.161773821511535,New England,0.0,0.0,0.0,True,False,False,False,21.0,21,0,-13.0,21.0,21,0,-13.0
9,2011,1,2011q1,Connecticut -- Statewide,96357.33333333333,11.475818782345598,324,Connecticut,CT,7.25,8.25,7.25,8.25,7.25,8.25,9,8.25,2.1102132003465894,224.939,8.42072962003032,2.130696477710315,New England,0.0,0.0,0.0,True,False,False,False,21.0,21,0,-12.0,21.0,21,0,-12.0
9,2011,2,2011q2,Connecticut -- Statewide,102977.66666666667,11.542267415222115,341,Connecticut,CT,7.25,8.25,7.25,8.25,7.25,8.25,10,8.25,2.1102132003465894,224.939,8.42072962003032,2.130696477710315,New England,0.0,0.0,0.0,True,False,False,False,21.0,21,0,-11.0,21.0,21,0,-11.0
9,2011,3,2011q3,Connecticut -- Statewide,104718.66666666667,11.559032668137052,351,Connecticut,CT,7.25,8.25,7.25,8.25,7.25,8.25,11,8.25,2.1102132003465894,224.939,8.42072962003032,2.130696477710315,New England,0.0,0.0,0.0,True,False,False,False,21.0,21,0,-10.0,21.0,21,0,-10.0
9,2011,4,2011q4,Connecticut -- Statewide,104092.0,11.553030402466533,353,Connecticut,CT,7.25,8.25,7.25,8.25,7.25,8.25,12,8.25,2.1102132003465894,224.939,8.42072962003032,2.130696477710315,New England,0.0,0.0,0.0,True,False,False,False,21.0,21,0,-9.0,21.0,21,0,-9.0
9,2012,1,2012q1,Connecticut -- Statewide,101574.0,11.528542875865305,344,Connecticut,CT,7.25,8.25,7.25,8.25,7.25,8.25,13,8.25,2.1102132003465894,229.594,8.25,2.1102132003465894,New England,0.0,0.0,0.0,True,False,False,False,21.0,21,0,-8.0,21.0,21,0,-8.0
9,2012,2,2012q2,Connecticut -- Statewide,107644.66666666667,11.586590958292248,343,Connecticut,CT,7.25,8.25,7.25,8.25,7.25,8.25,14,8.25,2.1102132003465894,229.594,8.25,2.1102132003465894,New England,0.0,0.0,0.0,True,False,False,False,21.0,21,0,-7.0,21.0,21,0,-7.0
9,2012,3,2012q3,Connecticut -- Statewide,108287.33333333333,11.592543467084509,345,Connecticut,CT,7.25,8.25,7.25,8.25,7.25,8.25,15,8.25,2.1102132003465894,229.594,8.25,2.1102132003465894,New England,0.0,0.0,0.0,True,False,False,False,21.0,21,0,-6.0,21.0,21,0,-6.0
9,2012,4,2012q4,Connecticut -- Statewide,107504.66666666667,11.585289536460344,365,Connecticut,CT,7.25,8.25,7.25,8.25,7.25,8.25,16,8.25,2.1102132003465894,229.594,8.25,2.1102132003465894,New England,0.0,0.0,0.0,True,False,False,False,21.0,21,0,-5.0,21.0,21,0,-5.0
9,2013,1,2013q1,Connecticut -- Statewide,103696.33333333333,11.549222035186839,341,Connecticut,CT,7.25,8.25,7.25,8.25,7.25,8.25,17,8.25,2.1102132003465894,232.957,8.130901840253781,2.095671844868213,New England,0.0,0.0,0.0,True,False,False,False,21.0,21,0,-4.0,21.0,21,0,-4.0
9,2013,2,2013q2,Connecticut -- Statewide,112076.0,11.626932491580309,345,Connecticut,CT,7.25,8.25,7.25,8.25,7.25,8.25,18,8.25,2.1102132003465894,232.957,8.130901840253781,2.095671844868213,New England,0.0,0.0,0.0,True,False,False,False,21.0,21,0,-3.0,21.0,21,0,-3.0
9,2013,3,2013q3,Connecticut -- Statewide,112578.33333333333,11.631404554621112,348,Connecticut,CT,7.25,8.25,7.25,8.25,7.25,8.25,19,8.25,2.1102132003465894,232.957,8.130901840253781,2.095671844868213,New England,0.0,0.0,0.0,True,False,False,False,21.0,21,0,-2.0,21.0,21,0,-2.0
9,2013,4,2013q4,Connecticut -- Statewide,111244.66666666667,11.619487258804417,364,Connecticut,CT,7.25,8.25,7.25,8.25,7.25,8.25,20,8.25,2.1102132003465894,232.957,8.130901840253781,2.095671844868213,New England,0.0,0.0,0.0,True,False,False,False,21.0,21,0,-1.0,21.0,21,0,-1.0
9,2014,1,2014q1,Connecticut -- Statewide,108140.33333333333,11.591185045355264,342,Connecticut,CT,7.25,8.699999809265137,7.25,8.699999809265137,7.25,8.699999809265137,21,8.699999809265137,2.1633230037369904,236.736,8.437532763113426,2.1326899392267746,New England,0.4499998092651367,0.4499998092651367,0.053109803390400945,True,True,True,True,21.0,21,1,0.0,21.0,21,1,0.0
9,2014,2,2014q2,Connecticut -- Statewide,114303.0,11.646608096157623,354,Connecticut,CT,7.25,8.699999809265137,7.25,8.699999809265137,7.25,8.699999809265137,22,8.699999809265137,2.1633230037369904,236.736,8.437532763113426,2.1326899392267746,New England,0.0,0.0,0.0,True,False,False,False,21.0,21,1,1.0,21.0,21,1,1.0
9,2014,3,2014q3,Connecticut -- Statewide,113992.0,11.643883549475625,361,Connecticut,CT,7.25,8.699999809265137,7.25,8.699999809265137,7.25,8.699999809265137,23,8.699999809265137,2.1633230037369904,236.736,8.437532763113426,2.1326899392267746,New England,0.0,0.0,0.0,True,False,False,False,21.0,21,1,2.0,21.0,21,1,2.0
9,2014,4,2014q4,Connecticut -- Statewide,112949.0,11.634691668381969,379,Connecticut,CT,7.25,8.699999809265137,7.25,8.699999809265137,7.25,8.699999809265137,24,8.699999809265137,2.1633230037369904,236.736,8.437532763113426,2.1326899392267746,New England,0.0,0.0,0.0,True,False,False,False,21.0,21,1,3.0,21.0,21,1,3.0
9,2015,1,2015q1,Connecticut -- Statewide,108596.66666666667,11.59539599233381,350,Connecticut,CT,7.25,9.149999618530273,7.25,9.149999618530273,7.25,9.149999618530273,25,9.149999618530273,2.2137538375967485,237.017,8.863436008458631,2.181934500776055,New England,0.4499998092651367,0.4499998092651367,0.050430833859758106,True,True,True,True,21.0,21,1,4.0,21.0,21,1,4.0
9,2015,2,2015q2,Connecticut -- Statewide,114844.33333333333,11.651332867181527,369,Connecticut,CT,7.25,9.149999618530273,7.25,9.149999618530273,7.25,9.149999618530273,26,9.149999618530273,2.2137538375967485,237.017,8.863436008458631,2.181934500776055,New England,0.0,0.0,0.0,True,False,False,False,21.0,21,1,5.0,21.0,21,1,5.0
9,2015,3,2015q3,Connecticut -- Statewide,113819.33333333333,11.642367674938532,382,Connecticut,CT,7.25,9.149999618530273,7.25,9.149999618530273,7.25,9.149999618530273,27,9.149999618530273,2.2137538375967485,237.017,8.863436008458631,2.181934500776055,New England,0.0,0.0,0.0,True,False,False,False,21.0,21,1,6.0,21.0,21,1,6.0
9,2015,4,2015q4,Connecticut -- Statewide,113510.33333333333,11.639649154343905,412,Connecticut,CT,7.25,9.149999618530273,7.25,9.149999618530273,7.25,9.149999618530273,28,9.149999618530273,2.2137538375967485,237.017,8.863436008458631,2.181934500776055,New England,0.0,0.0,0.0,True,False,False,False,21.0,21,1,7.0,21.0,21,1,7.0
9,2016,1,2016q1,Connecticut -- Statewide,110279.0,11.610768797269271,370,Connecticut,CT,7.25,9.600000381469727,7.25,9.600000381469727,7.25,9.600000381469727,29,9.600000381469727,2.2617631382102195,240.007,9.18349251306487,2.2174075803266735,New England,0.4500007629394531,0.4500007629394531,0.04800930061347097,True,True,True,False,21.0,21,1,8.0,21.0,21,1,8.0
9,2016,2,2016q2,Connecticut -- Statewide,116337.33333333333,11.664249295879495,391,Connecticut,CT,7.25,9.600000381469727,7.25,9.600000381469727,7.25,9.600000381469727,30,9.600000381469727,2.2617631382102195,240.007,9.18349251306487,2.2174075803266735,New England,0.0,0.0,0.0,True,False,False,False,21.0,21,1,9.0,21.0,21,1,9.0
9,2016,3,2016q3,Connecticut -- Statewide,116616.0,11.666641764753848,407,Connecticut,CT,7.25,9.600000381469727,7.25,9.600000381469727,7.25,9.600000381469727,31,9.600000381469727,2.2617631382102195,240.007,9.18349251306487,2.2174075803266735,New England,0.0,0.0,0.0,True,False,False,False,21.0,21,1,10.0,21.0,21,1,10.0
9,2016,4,2016q4,Connecticut -- Statewide,116225.0,11.663283246558786,409,Connecticut,CT,7.25,9.600000381469727,7.25,9.600000381469727,7.25,9.600000381469727,32,9.600000381469727,2.2617631382102195,240.007,9.18349251306487,2.2174075803266735,New England,0.0,0.0,0.0,True,False,False,False,21.0,21,1,11.0,21.0,21,1,11.0
9,2017,1,2017q1,Connecticut -- Statewide,111871.66666666667,11.625107659974985,394,Connecticut,CT,7.25,10.100000381469727,7.25,10.100000381469727,7.25,10.100000381469727,33,10.100000381469727,2.312535461616493,245.12,9.460262269839916,2.2471001067640395,New England,0.5,0.5,0.05077232340627358,True,True,True,True,21.0,21,1,12.0,21.0,21,1,12.0
9,2017,2,2017q2,Connecticut -- Statewide,118339.66666666667,11.681314299483999,408,Connecticut,CT,7.25,10.100000381469727,7.25,10.100000381469727,7.25,10.100000381469727,34,10.100000381469727,2.312535461616493,245.12,9.460262269839916,2.2471001067640395,New England,0.0,0.0,0.0,True,False,False,False,21.0,21,1,13.0,21.0,21,1,13.0
9,2017,3,2017q3,Connecticut -- Statewide,118067.0,11.679007538922468,405,Connecticut,CT,7.25,10.100000381469727,7.25,10.100000381469727,7.25,10.100000381469727,35,10.100000381469727,2.312535461616493,245.12,9.460262269839916,2.2471001067640395,New England,0.0,0.0,0.0,True,False,False,False,21.0,21,1,14.0,21.0,21,1,14.0
9,2017,4,2017q4,Connecticut -- Statewide,117108.66666666667,11.670857557664108,423,Connecticut,CT,7.25,10.100000381469727,7.25,10.100000381469727,7.25,10.100000381469727,36,10.100000381469727,2.312535461616493,245.12,9.460262269839916,2.2471001067640395,New England,0.0,0.0,0.0,True,False,False,False,21.0,21,1,15.0,21.0,21,1,15.0
9,2018,1,2018q1,Connecticut -- Statewide,112793.0,11.633309559382909,401,Connecticut,CT,7.25,10.100000381469727,7.25,10.100000381469727,7.25,10.100000381469727,37,10.100000381469727,2.312535461616493,251.107,9.234706669201417,2.222968850201587,New England,0.0,0.0,0.0,True,False,False,False,21.0,21,1,16.0,21.0,21,1,16.0
9,2018,2,2018q2,Connecticut -- Statewide,119281.33333333333,11.689240127556337,415,Connecticut,CT,7.25,10.100000381469727,7.25,10.100000381469727,7.25,10.100000381469727,38,10.100000381469727,2.312535461616493,251.107,9.234706669201417,2.222968850201587,New England,0.0,0.0,0.0,True,False,False,False,21.0,21,1,17.0,21.0,21,1,17.0
9,2018,3,2018q3,Connecticut -- Statewide,119379.33333333333,11.690061377298717,417,Connecticut,CT,7.25,10.100000381469727,7.25,10.100000381469727,7.25,10.100000381469727,39,10.100000381469727,2.312535461616493,251.107,9.234706669201417,2.222968850201587,New England,0.0,0.0,0.0,True,False,False,False,21.0,21,1,18.0,21.0,21,1,18.0
9,2018,4,2018q4,Connecticut -- Statewide,118351.66666666667,11.68141569736656,438,Connecticut,CT,7.25,10.100000381469727,7.25,10.100000381469727,7.25,10.100000381469727,40,10.100000381469727,2.312535461616493,251.107,9.234706669201417,2.222968850201587,New England,0.0,0.0,0.0,True,False,False,False,21.0,21,1,19.0,21.0,21,1,19.0
9,2019,1,2019q1,Connecticut -- Statewide,113469.66666666667,11.639290826146691,415,Connecticut,CT,7.25,10.100000381469727,7.25,10.100000381469727,7.25,10.100000381469727,41,10.100000381469727,2.312535461616493,255.657,9.07035398046273,2.2050112909799013,New England,0.0,0.0,0.0,True,False,False,False,21.0,21,1,20.0,21.0,21,1,20.0
9,2019,2,2019q2,Connecticut -- Statewide,119731.66666666667,11.693008406823363,429,Connecticut,CT,7.25,10.100000381469727,7.25,10.100000381469727,7.25,10.100000381469727,42,10.100000381469727,2.312535461616493,255.657,9.07035398046273,2.2050112909799013,New England,0.0,0.0,0.0,True,False,False,False,21.0,21,1,21.0,21.0,21,1,21.0
9,2019,3,2019q3,Connecticut -- Statewide,118792.0,11.685129343575898,429,Connecticut,CT,7.25,10.100000381469727,7.25,10.100000381469727,7.25,10.100000381469727,43,10.100000381469727,2.312535461616493,255.657,9.07035398046273,2.2050112909799013,New England,0.0,0.0,0.0,True,False,False,False,21.0,21,1,22.0,21.0,21,1,22.0
9,2019,4,2019q4,Connecticut -- Statewide,117258.33333333333,11.672134756988347,457,Connecticut,CT,7.25,11.0,7.25,11.0,7.25,11.0,44,11.0,2.3978952727983707,255.657,9.8786029719507,2.290371102161779,New England,0.8999996185302734,0.8999996185302734,0.08535981118187763,True,True,True,True,21.0,21,1,23.0,21.0,21,1,23.0
10,2009,1,2009q1,Delaware -- Statewide,27711.666666666668,10.22960878280637,308,Delaware,DE,6.55,7.150000095367432,6.550000000000002,7.150000095367432,6.55,7.150000095367432,1,7.150000095367432,1.9671123700440185,214.537,7.651813542166573,2.0349426840786347,South Atlantic,,,,True,False,False,False,22.0,22,0,-21.0,41.0,41,0,-40.0
10,2009,2,2009q2,Delaware -- Statewide,31201.0,10.348205424565993,295,Delaware,DE,6.55,7.150000095367432,6.550000000000001,7.150000095367432,6.55,7.150000095367432,2,7.150000095367432,1.9671123700440185,214.537,7.651813542166573,2.0349426840786347,South Atlantic,0.0,0.0,0.0,True,False,False,False,22.0,22,0,-20.0,41.0,41,0,-39.0
10,2009,3,2009q3,Delaware -- Statewide,32445.333333333332,10.387311900799176,319,Delaware,DE,6.55,7.150000095367432,7.075,7.224999904632568,7.25,7.25,3,7.224999904632568,1.9775472207988511,214.537,7.732077115389,2.0453775348334675,South Atlantic,0.07499980926513672,0.07499980926513672,0.010434850754832636,True,False,False,False,22.0,22,0,-19.0,41.0,41,0,-38.0
10,2009,4,2009q4,Delaware -- Statewide,29430.666666666668,10.289792493592993,347,Delaware,DE,7.25,7.25,7.25,7.25,7.25,7.25,4,7.25,1.9810014688665833,214.537,7.758831809897592,2.0488317829011997,South Atlantic,0.02500009536743164,0.02500009536743164,0.003454248067732202,False,False,False,False,22.0,22,0,-18.0,41.0,41,0,-37.0
10,2010,1,2010q1,Delaware -- Statewide,27485.333333333332,10.22140780804852,327,Delaware,DE,7.25,7.25,7.25,7.25,7.25,7.25,5,7.25,1.9810014688665833,218.056,7.633619345489231,2.032562090031529,South Atlantic,0.0,0.0,0.0,False,False,False,False,22.0,22,0,-17.0,41.0,41,0,-36.0
10,2010,2,2010q2,Delaware -- Statewide,31564.0,10.359772509640926,304,Delaware,DE,7.25,7.25,7.25,7.25,7.25,7.25,6,7.25,1.9810014688665833,218.056,7.633619345489231,2.032562090031529,South Atlantic,0.0,0.0,0.0,False,False,False,False,22.0,22,0,-16.0,41.0,41,0,-35.0
10,2010,3,2010q3,Delaware -- Statewide,33625.333333333336,10.423035030113988,321,Delaware,DE,7.25,7.25,7.25,7.25,7.25,7.25,7,7.25,1.9810014688665833,218.056,7.633619345489231,2.032562090031529,South Atlantic,0.0,0.0,0.0,False,False,False,False,22.0,22,0,-15.0,41.0,41,0,-34.0
10,2010,4,2010q4,Delaware -- Statewide,30625.0,10.329571947847029,342,Delaware,DE,7.25,7.25,7.25,7.25,7.25,7.25,8,7.25,1.9810014688665833,218.056,7.633619345489231,2.032562090031529,South Atlantic,0.0,0.0,0.0,False,False,False,False,22.0,22,0,-14.0,41.0,41,0,-33.0
10,2011,1,2011q1,Delaware -- Statewide,28541.333333333332,10.259108607996101,302,Delaware,DE,7.25,7.25,7.25,7.25,7.25,7.25,9,7.25,1.9810014688665833,224.939,7.400035120632705,2.0014847462303083,South Atlantic,0.0,0.0,0.0,False,False,False,False,22.0,22,0,-13.0,41.0,41,0,-32.0
10,2011,2,2011q2,Delaware -- Statewide,32200.666666666668,10.379742435251924,303,Delaware,DE,7.25,7.25,7.25,7.25,7.25,7.25,10,7.25,1.9810014688665833,224.939,7.400035120632705,2.0014847462303083,South Atlantic,0.0,0.0,0.0,False,False,False,False,22.0,22,0,-12.0,41.0,41,0,-31.0
10,2011,3,2011q3,Delaware -- Statewide,33803.666666666664,10.428324556849772,332,Delaware,DE,7.25,7.25,7.25,7.25,7.25,7.25,11,7.25,1.9810014688665833,224.939,7.400035120632705,2.0014847462303083,South Atlantic,0.0,0.0,0.0,False,False,False,False,22.0,22,0,-11.0,41.0,41,0,-30.0
10,2011,4,2011q4,Delaware -- Statewide,30403.333333333332,10.322307530506095,311,Delaware,DE,7.25,7.25,7.25,7.25,7.25,7.25,12,7.25,1.9810014688665833,224.939,7.400035120632705,2.0014847462303083,South Atlantic,0.0,0.0,0.0,False,False,False,False,22.0,22,0,-10.0,41.0,41,0,-29.0
10,2012,1,2012q1,Delaware -- Statewide,29560.333333333332,10.294188651498333,305,Delaware,DE,7.25,7.25,7.25,7.25,7.25,7.25,13,7.25,1.9810014688665833,229.594,7.25,1.9810014688665833,South Atlantic,0.0,0.0,0.0,False,False,False,False,22.0,22,0,-9.0,41.0,41,0,-28.0
10,2012,2,2012q2,Delaware -- Statewide,33037.0,10.405383424480956,304,Delaware,DE,7.25,7.25,7.25,7.25,7.25,7.25,14,7.25,1.9810014688665833,229.594,7.25,1.9810014688665833,South Atlantic,0.0,0.0,0.0,False,False,False,False,22.0,22,0,-8.0,41.0,41,0,-27.0
10,2012,3,2012q3,Delaware -- Statewide,34279.0,10.44228820075763,326,Delaware,DE,7.25,7.25,7.25,7.25,7.25,7.25,15,7.25,1.9810014688665833,229.594,7.25,1.9810014688665833,South Atlantic,0.0,0.0,0.0,False,False,False,False,22.0,22,0,-7.0,41.0,41,0,-26.0
10,2012,4,2012q4,Delaware -- Statewide,31337.666666666668,10.352576060894103,319,Delaware,DE,7.25,7.25,7.25,7.25,7.25,7.25,16,7.25,1.9810014688665833,229.594,7.25,1.9810014688665833,South Atlantic,0.0,0.0,0.0,False,False,False,False,22.0,22,0,-6.0,41.0,41,0,-25.0
10,2013,1,2013q1,Delaware -- Statewide,30293.0,10.318671941705203,301,Delaware,DE,7.25,7.25,7.25,7.25,7.25,7.25,17,7.25,1.9810014688665833,232.957,7.14533798082908,1.966460113388207,South Atlantic,0.0,0.0,0.0,False,False,False,False,22.0,22,0,-5.0,41.0,41,0,-24.0
10,2013,2,2013q2,Delaware -- Statewide,34310.666666666664,10.443211566344768,304,Delaware,DE,7.25,7.25,7.25,7.25,7.25,7.25,18,7.25,1.9810014688665833,232.957,7.14533798082908,1.966460113388207,South Atlantic,0.0,0.0,0.0,False,False,False,False,22.0,22,0,-4.0,41.0,41,0,-23.0
10,2013,3,2013q3,Delaware -- Statewide,35636.0,10.481111641840535,332,Delaware,DE,7.25,7.25,7.25,7.25,7.25,7.25,19,7.25,1.9810014688665833,232.957,7.14533798082908,1.966460113388207,South Atlantic,0.0,0.0,0.0,False,False,False,False,22.0,22,0,-3.0,41.0,41,0,-22.0
10,2013,4,2013q4,Delaware -- Statewide,32366.666666666668,10.384884365611306,321,Delaware,DE,7.25,7.25,7.25,7.25,7.25,7.25,20,7.25,1.9810014688665833,232.957,7.14533798082908,1.966460113388207,South Atlantic,0.0,0.0,0.0,False,False,False,False,22.0,22,0,-2.0,41.0,41,0,-21.0
10,2014,1,2014q1,Delaware -- Statewide,30847.0,10.336794779872381,301,Delaware,DE,7.25,7.25,7.25,7.25,7.25,7.25,21,7.25,1.9810014688665833,236.736,7.031277456745066,1.9503684043563676,South Atlantic,0.0,0.0,0.0,False,False,False,False,22.0,22,0,-1.0,41.0,41,0,-20.0
10,2014,2,2014q2,Delaware -- Statewide,34903.333333333336,10.460337614613398,309,Delaware,DE,7.25,7.25,7.25,7.414834976196289,7.25,7.75,22,7.414834976196289,2.0034827199405263,236.736,7.191139588084663,1.9728496554303103,South Atlantic,0.16483497619628906,0.16483497619628906,0.022481251073942943,True,True,True,False,22.0,22,1,0.0,41.0,41,0,-19.0
10,2014,3,2014q3,Delaware -- Statewide,36155.666666666664,10.495588969566883,340,Delaware,DE,7.25,7.75,7.25,7.75,7.25,7.75,23,7.75,2.0476928433652555,236.736,7.51619314341714,2.0170597788550397,South Atlantic,0.33516502380371094,0.33516502380371094,0.044210123424729186,True,True,True,False,22.0,22,1,1.0,41.0,41,0,-18.0
10,2014,4,2014q4,Delaware -- Statewide,33083.0,10.406774834263818,331,Delaware,DE,7.25,7.75,7.25,7.75,7.25,7.75,24,7.75,2.0476928433652555,236.736,7.51619314341714,2.0170597788550397,South Atlantic,0.0,0.0,0.0,True,False,False,False,22.0,22,1,2.0,41.0,41,0,-17.0
10,2015,1,2015q1,Delaware -- Statewide,31648.333333333332,10.362440766891407,308,Delaware,DE,7.25,7.75,7.25,7.75,7.25,7.75,25,7.75,2.0476928433652555,237.017,7.507282178071615,2.015873506544562,South Atlantic,0.0,0.0,0.0,True,False,False,False,22.0,22,1,3.0,41.0,41,0,-16.0
10,2015,2,2015q2,Delaware -- Statewide,36036.666666666664,10.492292217618708,320,Delaware,DE,7.25,7.75,7.25,7.914834976196289,7.25,8.25,26,7.914834976196289,2.0687388436142053,237.017,7.6669547818291965,2.0369195067935113,South Atlantic,0.16483497619628906,0.16483497619628906,0.02104600024894987,True,True,True,False,22.0,22,1,4.0,41.0,41,0,-15.0
10,2015,3,2015q3,Delaware -- Statewide,37810.0,10.54032889688498,353,Delaware,DE,7.25,8.25,7.25,8.25,7.25,8.25,27,8.25,2.1102132003465894,237.017,7.991622963753655,2.078393863525896,South Atlantic,0.33516502380371094,0.33516502380371094,0.04147435673238409,True,True,True,False,22.0,22,1,5.0,41.0,41,0,-14.0
10,2015,4,2015q4,Delaware -- Statewide,34184.666666666664,10.439532479434964,355,Delaware,DE,7.25,8.25,7.25,8.25,7.25,8.25,28,8.25,2.1102132003465894,237.017,7.991622963753655,2.078393863525896,South Atlantic,0.0,0.0,0.0,True,False,False,False,22.0,22,1,6.0,41.0,41,0,-13.0
10,2016,1,2016q1,Delaware -- Statewide,32684.666666666668,10.394661337636762,324,Delaware,DE,7.25,8.25,7.25,8.25,7.25,8.25,29,8.25,2.1102132003465894,240.007,7.892063564812693,2.0658576424630435,South Atlantic,0.0,0.0,0.0,True,False,False,False,22.0,22,1,7.0,41.0,41,0,-12.0
10,2016,2,2016q2,Delaware -- Statewide,37048.333333333336,10.5199786454569,332,Delaware,DE,7.25,8.25,7.25,8.25,7.25,8.25,30,8.25,2.1102132003465894,240.007,7.892063564812693,2.0658576424630435,South Atlantic,0.0,0.0,0.0,True,False,False,False,22.0,22,1,8.0,41.0,41,0,-11.0
10,2016,3,2016q3,Delaware -- Statewide,38614.333333333336,10.561378816406148,375,Delaware,DE,7.25,8.25,7.25,8.25,7.25,8.25,31,8.25,2.1102132003465894,240.007,7.892063564812693,2.0658576424630435,South Atlantic,0.0,0.0,0.0,True,False,False,False,22.0,22,1,9.0,41.0,41,0,-10.0
10,2016,4,2016q4,Delaware -- Statewide,35093.666666666664,10.465775956326167,351,Delaware,DE,7.25,8.25,7.25,8.25,7.25,8.25,32,8.25,2.1102132003465894,240.007,7.892063564812693,2.0658576424630435,South Atlantic,0.0,0.0,0.0,True,False,False,False,22.0,22,1,10.0,41.0,41,0,-9.0
10,2017,1,2017q1,Delaware -- Statewide,33624.0,10.422995376684952,335,Delaware,DE,7.25,8.25,7.25,8.25,7.25,8.25,33,8.25,2.1102132003465894,245.12,7.727441661227154,2.044777845494136,South Atlantic,0.0,0.0,0.0,True,False,False,False,22.0,22,1,11.0,41.0,41,0,-8.0
10,2017,2,2017q2,Delaware -- Statewide,37024.333333333336,10.51933063312199,342,Delaware,DE,7.25,8.25,7.25,8.25,7.25,8.25,34,8.25,2.1102132003465894,245.12,7.727441661227154,2.044777845494136,South Atlantic,0.0,0.0,0.0,True,False,False,False,22.0,22,1,12.0,41.0,41,0,-7.0
10,2017,3,2017q3,Delaware -- Statewide,39225.0,10.577069577601234,366,Delaware,DE,7.25,8.25,7.25,8.25,7.25,8.25,35,8.25,2.1102132003465894,245.12,7.727441661227154,2.044777845494136,South Atlantic,0.0,0.0,0.0,True,False,False,False,22.0,22,1,13.0,41.0,41,0,-6.0
10,2017,4,2017q4,Delaware -- Statewide,35521.0,10.477879349862967,358,Delaware,DE,7.25,8.25,7.25,8.25,7.25,8.25,36,8.25,2.1102132003465894,245.12,7.727441661227154,2.044777845494136,South Atlantic,0.0,0.0,0.0,True,False,False,False,22.0,22,1,14.0,41.0,41,0,-5.0
10,2018,1,2018q1,Delaware -- Statewide,34242.666666666664,10.441227708843,339,Delaware,DE,7.25,8.25,7.25,8.25,7.25,8.25,37,8.25,2.1102132003465894,251.107,7.543200707268216,2.0206465889316836,South Atlantic,0.0,0.0,0.0,True,False,False,False,22.0,22,1,15.0,41.0,41,0,-4.0
10,2018,2,2018q2,Delaware -- Statewide,38516.333333333336,10.558837672734745,348,Delaware,DE,7.25,8.25,7.25,8.25,7.25,8.25,38,8.25,2.1102132003465894,251.107,7.543200707268216,2.0206465889316836,South Atlantic,0.0,0.0,0.0,True,False,False,False,22.0,22,1,16.0,41.0,41,0,-3.0
10,2018,3,2018q3,Delaware -- Statewide,40092.666666666664,10.598948720427805,379,Delaware,DE,7.25,8.25,7.25,8.25,7.25,8.25,39,8.25,2.1102132003465894,251.107,7.543200707268216,2.0206465889316836,South Atlantic,0.0,0.0,0.0,True,False,False,False,22.0,22,1,17.0,41.0,41,0,-2.0
10,2018,4,2018q4,Delaware -- Statewide,36088.0,10.493715679088233,374,Delaware,DE,7.25,8.25,7.25,8.25,7.25,8.25,40,8.25,2.1102132003465894,251.107,7.543200707268216,2.0206465889316836,South Atlantic,0.0,0.0,0.0,True,False,False,False,22.0,22,1,18.0,41.0,41,0,-1.0
10,2019,1,2019q1,Delaware -- Statewide,34940.0,10.461387583688047,351,Delaware,DE,7.25,8.75,7.25,8.75,7.25,8.75,41,8.75,2.169053700369523,255.657,7.857979636778965,2.0615295297329315,South Atlantic,0.5,0.5,0.05884050002293373,True,True,True,True,22.0,22,1,19.0,41.0,41,1,0.0
10,2019,2,2019q2,Delaware -- Statewide,39256.666666666664,10.577876560167484,367,Delaware,DE,7.25,8.75,7.25,8.75,7.25,8.75,42,8.75,2.169053700369523,255.657,7.857979636778965,2.0615295297329315,South Atlantic,0.0,0.0,0.0,True,False,False,False,22.0,22,1,20.0,41.0,41,1,1.0
10,2019,3,2019q3,Delaware -- Statewide,40793.0,10.616265777045221,399,Delaware,DE,7.25,8.75,7.25,8.75,7.25,8.75,43,8.75,2.169053700369523,255.657,7.857979636778965,2.0615295297329315,South Atlantic,0.0,0.0,0.0,True,False,False,False,22.0,22,1,21.0,41.0,41,1,2.0
10,2019,4,2019q4,Delaware -- Statewide,36908.666666666664,10.516201671466566,392,Delaware,DE,7.25,9.25,7.25,9.25,7.25,9.25,44,9.25,2.224623551524334,255.657,8.307007044594906,2.1170993808877423,South Atlantic,0.5,0.5,0.055569851154810834,True,True,True,True,22.0,22,1,22.0,41.0,41,1,3.0
11,2009,1,2009q1,District of Columbia,34803.333333333336,10.457468446616046,425,District of Columbia,DC,6.55,7.550000190734863,6.550000000000002,7.550000190734863,6.55,7.550000190734863,1,7.550000190734863,2.0215475885238288,214.537,8.079887123394007,2.089377902558445,South Atlantic,,,,True,False,False,False,23.0,23,0,-22.0,23.0,23,0,-22.0
11,2009,2,2009q2,District of Columbia,36826.333333333336,10.51396844796208,439,District of Columbia,DC,6.55,7.550000190734863,6.550000000000001,7.550000190734863,6.55,7.550000190734863,2,7.550000190734863,2.0215475885238288,214.537,8.079887123394007,2.089377902558445,South Atlantic,0.0,0.0,0.0,True,False,False,False,23.0,23,0,-21.0,23.0,23,0,-21.0
11,2009,3,2009q3,District of Columbia,36022.0,10.491885141897002,435,District of Columbia,DC,6.55,7.550000190734863,7.075,8.074999809265137,7.25,8.25,3,8.074999809265137,2.0887728454883034,214.537,8.641733156557702,2.15660315952292,South Atlantic,0.5249996185302734,0.5249996185302734,0.06722525696447468,True,False,False,False,23.0,23,0,-20.0,23.0,23,0,-20.0
11,2009,4,2009q4,District of Columbia,36363.333333333336,10.501316219923693,468,District of Columbia,DC,7.25,8.25,7.25,8.25,7.25,8.25,4,8.25,2.1102132003465894,214.537,8.829015507814502,2.178043514381206,South Atlantic,0.17500019073486328,0.17500019073486328,0.021440354858285993,True,False,False,False,23.0,23,0,-19.0,23.0,23,0,-19.0
11,2010,1,2010q1,District of Columbia,35596.0,10.479988550976753,408,District of Columbia,DC,7.25,8.25,7.25,8.25,7.25,8.25,5,8.25,2.1102132003465894,218.056,8.68653235866016,2.161773821511535,South Atlantic,0.0,0.0,0.0,True,False,False,False,23.0,23,0,-18.0,23.0,23,0,-18.0
11,2010,2,2010q2,District of Columbia,38421.333333333336,10.556368139867518,452,District of Columbia,DC,7.25,8.25,7.25,8.25,7.25,8.25,6,8.25,2.1102132003465894,218.056,8.68653235866016,2.161773821511535,South Atlantic,0.0,0.0,0.0,True,False,False,False,23.0,23,0,-17.0,23.0,23,0,-17.0
11,2010,3,2010q3,District of Columbia,37436.666666666664,10.530405895288972,453,District of Columbia,DC,7.25,8.25,7.25,8.25,7.25,8.25,7,8.25,2.1102132003465894,218.056,8.68653235866016,2.161773821511535,South Atlantic,0.0,0.0,0.0,True,False,False,False,23.0,23,0,-16.0,23.0,23,0,-16.0
11,2010,4,2010q4,District of Columbia,37813.333333333336,10.540417053097844,484,District of Columbia,DC,7.25,8.25,7.25,8.25,7.25,8.25,8,8.25,2.1102132003465894,218.056,8.68653235866016,2.161773821511535,South Atlantic,0.0,0.0,0.0,True,False,False,False,23.0,23,0,-15.0,23.0,23,0,-15.0
11,2011,1,2011q1,District of Columbia,37182.0,10.523580052190162,428,District of Columbia,DC,7.25,8.25,7.25,8.25,7.25,8.25,9,8.25,2.1102132003465894,224.939,8.42072962003032,2.130696477710315,South Atlantic,0.0,0.0,0.0,True,False,False,False,23.0,23,0,-14.0,23.0,23,0,-14.0
11,2011,2,2011q2,District of Columbia,40408.666666666664,10.60679956239495,456,District of Columbia,DC,7.25,8.25,7.25,8.25,7.25,8.25,10,8.25,2.1102132003465894,224.939,8.42072962003032,2.130696477710315,South Atlantic,0.0,0.0,0.0,True,False,False,False,23.0,23,0,-13.0,23.0,23,0,-13.0
11,2011,3,2011q3,District of Columbia,40334.0,10.604950064699787,469,District of Columbia,DC,7.25,8.25,7.25,8.25,7.25,8.25,11,8.25,2.1102132003465894,224.939,8.42072962003032,2.130696477710315,South Atlantic,0.0,0.0,0.0,True,False,False,False,23.0,23,0,-12.0,23.0,23,0,-12.0
11,2011,4,2011q4,District of Columbia,41528.666666666664,10.634139230804012,469,District of Columbia,DC,7.25,8.25,7.25,8.25,7.25,8.25,12,8.25,2.1102132003465894,224.939,8.42072962003032,2.130696477710315,South Atlantic,0.0,0.0,0.0,True,False,False,False,23.0,23,0,-11.0,23.0,23,0,-11.0
11,2012,1,2012q1,District of Columbia,41034.666666666664,10.622172516883913,448,District of Columbia,DC,7.25,8.25,7.25,8.25,7.25,8.25,13,8.25,2.1102132003465894,229.594,8.25,2.1102132003465894,South Atlantic,0.0,0.0,0.0,True,False,False,False,23.0,23,0,-10.0,23.0,23,0,-10.0
11,2012,2,2012q2,District of Columbia,43812.0,10.687663031443638,460,District of Columbia,DC,7.25,8.25,7.25,8.25,7.25,8.25,14,8.25,2.1102132003465894,229.594,8.25,2.1102132003465894,South Atlantic,0.0,0.0,0.0,True,False,False,False,23.0,23,0,-9.0,23.0,23,0,-9.0
11,2012,3,2012q3,District of Columbia,43330.0,10.676600514733956,442,District of Columbia,DC,7.25,8.25,7.25,8.25,7.25,8.25,15,8.25,2.1102132003465894,229.594,8.25,2.1102132003465894,South Atlantic,0.0,0.0,0.0,True,False,False,False,23.0,23,0,-8.0,23.0,23,0,-8.0
11,2012,4,2012q4,District of Columbia,43152.333333333336,10.672491769981985,473,District of Columbia,DC,7.25,8.25,7.25,8.25,7.25,8.25,16,8.25,2.1102132003465894,229.594,8.25,2.1102132003465894,South Atlantic,0.0,0.0,0.0,True,False,False,False,23.0,23,0,-7.0,23.0,23,0,-7.0
11,2013,1,2013q1,District of Columbia,42845.666666666664,10.665359790946376,463,District of Columbia,DC,7.25,8.25,7.25,8.25,7.25,8.25,17,8.25,2.1102132003465894,232.957,8.130901840253781,2.095671844868213,South Atlantic,0.0,0.0,0.0,True,False,False,False,23.0,23,0,-6.0,23.0,23,0,-6.0
11,2013,2,2013q2,District of Columbia,46679.0,10.7510496637203,475,District of Columbia,DC,7.25,8.25,7.25,8.25,7.25,8.25,18,8.25,2.1102132003465894,232.957,8.130901840253781,2.095671844868213,South Atlantic,0.0,0.0,0.0,True,False,False,False,23.0,23,0,-5.0,23.0,23,0,-5.0
11,2013,3,2013q3,District of Columbia,46312.666666666664,10.743170780772408,463,District of Columbia,DC,7.25,8.25,7.25,8.25,7.25,8.25,19,8.25,2.1102132003465894,232.957,8.130901840253781,2.095671844868213,South Atlantic,0.0,0.0,0.0,True,False,False,False,23.0,23,0,-4.0,23.0,23,0,-4.0
11,2013,4,2013q4,District of Columbia,45564.0,10.726873210019802,490,District of Columbia,DC,7.25,8.25,7.25,8.25,7.25,8.25,20,8.25,2.1102132003465894,232.957,8.130901840253781,2.095671844868213,South Atlantic,0.0,0.0,0.0,True,False,False,False,23.0,23,0,-3.0,23.0,23,0,-3.0
11,2014,1,2014q1,District of Columbia,44877.333333333336,10.7116881207248,463,District of Columbia,DC,7.25,8.25,7.25,8.25,7.25,8.25,21,8.25,2.1102132003465894,236.736,8.001108830089214,2.0795801358363737,South Atlantic,0.0,0.0,0.0,True,False,False,False,23.0,23,0,-2.0,23.0,23,0,-2.0
11,2014,2,2014q2,District of Columbia,48343.666666666664,10.78609050298756,478,District of Columbia,DC,7.25,8.25,7.25,8.25,7.25,8.25,22,8.25,2.1102132003465894,236.736,8.001108830089214,2.0795801358363737,South Atlantic,0.0,0.0,0.0,True,False,False,False,23.0,23,0,-1.0,23.0,23,0,-1.0
11,2014,3,2014q3,District of Columbia,47582.666666666664,10.770223828244118,474,District of Columbia,DC,7.25,9.5,7.25,9.5,7.25,9.5,23,9.5,2.2512917986064953,236.736,9.213398046769397,2.220658734096279,South Atlantic,1.25,1.25,0.14107859825990587,True,True,True,True,23.0,23,1,0.0,23.0,23,1,0.0
11,2014,4,2014q4,District of Columbia,47565.333333333336,10.76985948357003,513,District of Columbia,DC,7.25,9.5,7.25,9.5,7.25,9.5,24,9.5,2.2512917986064953,236.736,9.213398046769397,2.220658734096279,South Atlantic,0.0,0.0,0.0,True,False,False,False,23.0,23,1,1.0,23.0,23,1,1.0
11,2015,1,2015q1,District of Columbia,48141.666666666664,10.781903331981356,469,District of Columbia,DC,7.25,9.5,7.25,9.5,7.25,9.5,25,9.5,2.2512917986064953,237.017,9.202474927958754,2.2194724617858013,South Atlantic,0.0,0.0,0.0,True,False,False,False,23.0,23,1,2.0,23.0,23,1,2.0
11,2015,2,2015q2,District of Columbia,50751.333333333336,10.834693169136912,514,District of Columbia,DC,7.25,9.5,7.25,9.5,7.25,9.5,26,9.5,2.2512917986064953,237.017,9.202474927958754,2.2194724617858013,South Atlantic,0.0,0.0,0.0,True,False,False,False,23.0,23,1,3.0,23.0,23,1,3.0
11,2015,3,2015q3,District of Columbia,50680.333333333336,10.833293211629968,493,District of Columbia,DC,7.25,10.5,7.25,10.5,7.25,10.5,27,10.5,2.3513752571634776,237.017,10.171156499322834,2.319555920342784,South Atlantic,1.0,1.0,0.10008345855698231,True,True,True,True,23.0,23,1,4.0,23.0,23,1,4.0
11,2015,4,2015q4,District of Columbia,50466.333333333336,10.829061726275748,546,District of Columbia,DC,7.25,10.5,7.25,10.5,7.25,10.5,28,10.5,2.3513752571634776,237.017,10.171156499322834,2.319555920342784,South Atlantic,0.0,0.0,0.0,True,False,False,False,23.0,23,1,5.0,23.0,23,1,5.0
11,2016,1,2016q1,District of Columbia,49536.333333333336,10.810461686039593,481,District of Columbia,DC,7.25,10.5,7.25,10.5,7.25,10.5,29,10.5,2.3513752571634776,240.007,10.044444537034337,2.3070196992799317,South Atlantic,0.0,0.0,0.0,True,False,False,False,23.0,23,1,6.0,23.0,23,1,6.0
11,2016,2,2016q2,District of Columbia,52790.333333333336,10.874083372124936,525,District of Columbia,DC,7.25,10.5,7.25,10.5,7.25,10.5,30,10.5,2.3513752571634776,240.007,10.044444537034337,2.3070196992799317,South Atlantic,0.0,0.0,0.0,True,False,False,False,23.0,23,1,7.0,23.0,23,1,7.0
11,2016,3,2016q3,District of Columbia,51472.333333333336,10.848799725470688,538,District of Columbia,DC,7.25,11.5,7.25,11.5,7.25,11.5,31,11.5,2.4423470353692043,240.007,11.001058302466179,2.3979914774856583,South Atlantic,1.0,1.0,0.09097177820572666,True,True,True,True,23.0,23,1,8.0,23.0,23,1,8.0
11,2016,4,2016q4,District of Columbia,50741.333333333336,10.834496110563899,555,District of Columbia,DC,7.25,11.5,7.25,11.5,7.25,11.5,32,11.5,2.4423470353692043,240.007,11.001058302466179,2.3979914774856583,South Atlantic,0.0,0.0,0.0,True,False,False,False,23.0,23,1,9.0,23.0,23,1,9.0
11,2017,1,2017q1,District of Columbia,49886.0,10.817495681252732,528,District of Columbia,DC,7.25,11.5,7.25,11.5,7.25,11.5,33,11.5,2.4423470353692043,245.12,10.771585345953003,2.3769116805167507,South Atlantic,0.0,0.0,0.0,True,False,False,False,23.0,23,1,10.0,23.0,23,1,10.0
11,2017,2,2017q2,District of Columbia,53461.333333333336,10.886713930147575,539,District of Columbia,DC,7.25,11.5,7.25,11.5,7.25,11.5,34,11.5,2.4423470353692043,245.12,10.771585345953003,2.3769116805167507,South Atlantic,0.0,0.0,0.0,True,False,False,False,23.0,23,1,11.0,23.0,23,1,11.0
11,2017,3,2017q3,District of Columbia,53209.666666666664,10.881995363084167,525,District of Columbia,DC,7.25,12.5,7.25,12.5,7.25,12.5,35,12.5,2.5257286443082556,245.12,11.708244941253263,2.4602932894558016,South Atlantic,1.0,1.0,0.08338160893905133,True,True,True,True,23.0,23,1,12.0,23.0,23,1,12.0
11,2017,4,2017q4,District of Columbia,53751.666666666664,10.892129953261117,558,District of Columbia,DC,7.25,12.5,7.25,12.5,7.25,12.5,36,12.5,2.5257286443082556,245.12,11.708244941253263,2.4602932894558016,South Atlantic,0.0,0.0,0.0,True,False,False,False,23.0,23,1,13.0,23.0,23,1,13.0
11,2018,1,2018q1,District of Columbia,52844.666666666664,10.875112071668168,537,District of Columbia,DC,7.25,12.5,7.25,12.5,7.25,12.5,37,12.5,2.5257286443082556,251.107,11.429091980709417,2.4361620328933493,South Atlantic,0.0,0.0,0.0,True,False,False,False,23.0,23,1,14.0,23.0,23,1,14.0
11,2018,2,2018q2,District of Columbia,56065.333333333336,10.934272956357256,563,District of Columbia,DC,7.25,12.5,7.25,12.5,7.25,12.5,38,12.5,2.5257286443082556,251.107,11.429091980709417,2.4361620328933493,South Atlantic,0.0,0.0,0.0,True,False,False,False,23.0,23,1,15.0,23.0,23,1,15.0
11,2018,3,2018q3,District of Columbia,55292.666666666664,10.920395568710914,551,District of Columbia,DC,7.25,13.25,7.25,13.25,7.25,13.25,39,13.25,2.583997552432231,251.107,12.114837499551983,2.4944309410173253,South Atlantic,0.75,0.75,0.05826890812397556,True,True,True,True,23.0,23,1,16.0,23.0,23,1,16.0
11,2018,4,2018q4,District of Columbia,54578.666666666664,10.907398364991176,591,District of Columbia,DC,7.25,13.25,7.25,13.25,7.25,13.25,40,13.25,2.583997552432231,251.107,12.114837499551983,2.4944309410173253,South Atlantic,0.0,0.0,0.0,True,False,False,False,23.0,23,1,17.0,23.0,23,1,17.0
11,2019,1,2019q1,District of Columbia,53692.666666666664,10.891031710029486,552,District of Columbia,DC,7.25,13.25,7.25,13.25,7.25,13.25,41,13.25,2.583997552432231,255.657,11.899226307122433,2.4764733817956395,South Atlantic,0.0,0.0,0.0,True,False,False,False,23.0,23,1,18.0,23.0,23,1,18.0
11,2019,2,2019q2,District of Columbia,56593.0,10.943640581631241,597,District of Columbia,DC,7.25,13.25,7.25,13.25,7.25,13.25,42,13.25,2.583997552432231,255.657,11.899226307122433,2.4764733817956395,South Atlantic,0.0,0.0,0.0,True,False,False,False,23.0,23,1,19.0,23.0,23,1,19.0
11,2019,3,2019q3,District of Columbia,55527.0,10.924624667924826,580,District of Columbia,DC,7.25,14.0,7.25,14.0,7.25,14.0,43,14.0,2.6390573296152584,255.657,12.572767418846343,2.5315331589786667,South Atlantic,0.75,0.75,0.055059777183027236,True,True,True,True,23.0,23,1,20.0,23.0,23,1,20.0
11,2019,4,2019q4,District of Columbia,55611.666666666664,10.926148290361283,617,District of Columbia,DC,7.25,14.0,7.25,14.0,7.25,14.0,44,14.0,2.6390573296152584,255.657,12.572767418846343,2.5315331589786667,South Atlantic,0.0,0.0,0.0,True,False,False,False,23.0,23,1,21.0,23.0,23,1,21.0
12,2009,1,2009q1,Florida -- Statewide,588826.3333333334,13.28588656912861,313,Florida,FL,6.55,7.210000038146973,6.550000000000002,7.210000038146973,6.55,7.210000038146973,1,7.210000038146973,1.9754689565877,214.537,7.716024502805185,2.0432992706223163,South Atlantic,,,,True,False,False,False,13.0,13,0,-12.0,,0,0,
12,2009,2,2009q2,Florida -- Statewide,591905.0,13.291101428016004,315,Florida,FL,6.55,7.210000038146973,6.550000000000001,7.210000038146973,6.55,7.210000038146973,2,7.210000038146973,1.9754689565877,214.537,7.716024502805185,2.0432992706223163,South Atlantic,0.0,0.0,0.0,True,False,False,False,13.0,13,0,-11.0,,0,0,
12,2009,3,2009q3,Florida -- Statewide,566377.0,13.247015213192514,310,Florida,FL,6.55,7.210000038146973,7.075,7.239999771118164,7.25,7.25,3,7.239999771118164,1.9796211747841113,214.537,7.748129727972814,2.0474514888187274,South Atlantic,0.029999732971191406,0.029999732971191406,0.004152218196411317,True,False,False,False,13.0,13,0,-10.0,,0,0,
12,2009,4,2009q4,Florida -- Statewide,565641.3333333334,13.245715469630824,321,Florida,FL,7.25,7.25,7.25,7.25,7.25,7.25,4,7.25,1.9810014688665833,214.537,7.758831809897592,2.0488317829011997,South Atlantic,0.010000228881835938,0.010000228881835938,0.0013802940824720888,False,False,False,False,13.0,13,0,-9.0,,0,0,
12,2010,1,2010q1,Florida -- Statewide,584637.6666666666,13.278747561103788,319,Florida,FL,7.25,7.25,7.25,7.25,7.25,7.25,5,7.25,1.9810014688665833,218.056,7.633619345489231,2.032562090031529,South Atlantic,0.0,0.0,0.0,False,False,False,False,13.0,13,0,-8.0,,0,0,
12,2010,2,2010q2,Florida -- Statewide,596238.3333333334,13.29839575425671,323,Florida,FL,7.25,7.25,7.25,7.25,7.25,7.25,6,7.25,1.9810014688665833,218.056,7.633619345489231,2.032562090031529,South Atlantic,0.0,0.0,0.0,False,False,False,False,13.0,13,0,-7.0,,0,0,
12,2010,3,2010q3,Florida -- Statewide,574672.0,13.26155472223706,317,Florida,FL,7.25,7.25,7.25,7.25,7.25,7.25,7,7.25,1.9810014688665833,218.056,7.633619345489231,2.032562090031529,South Atlantic,0.0,0.0,0.0,False,False,False,False,13.0,13,0,-6.0,,0,0,
12,2010,4,2010q4,Florida -- Statewide,584862.0,13.27913120094992,331,Florida,FL,7.25,7.25,7.25,7.25,7.25,7.25,8,7.25,1.9810014688665833,218.056,7.633619345489231,2.032562090031529,South Atlantic,0.0,0.0,0.0,False,False,False,False,13.0,13,0,-5.0,,0,0,
12,2011,1,2011q1,Florida -- Statewide,607021.6666666666,13.316319764077852,323,Florida,FL,7.25,7.25,7.25,7.25,7.25,7.25,9,7.25,1.9810014688665833,224.939,7.400035120632705,2.0014847462303083,South Atlantic,0.0,0.0,0.0,False,False,False,False,13.0,13,0,-4.0,,0,0,
12,2011,2,2011q2,Florida -- Statewide,619326.6666666666,13.336388145367229,329,Florida,FL,7.25,7.25,7.25,7.269780158996582,7.25,7.309999942779541,10,7.269780158996582,1.9837260516104316,224.939,7.420224620117726,2.0042093289741567,South Atlantic,0.01978015899658203,0.01978015899658203,0.002724582743848236,True,True,False,False,13.0,13,0,-3.0,,0,0,
12,2011,3,2011q3,Florida -- Statewide,598671.6666666666,13.30246859103439,334,Florida,FL,7.25,7.309999942779541,7.25,7.309999942779541,7.25,7.309999942779541,11,7.309999942779541,1.989243265933991,224.939,7.461276732191954,2.009726543297716,South Atlantic,0.040219783782958984,0.040219783782958984,0.0055172143235593385,True,True,False,False,13.0,13,0,-2.0,,0,0,
12,2011,4,2011q4,Florida -- Statewide,607704.6666666666,13.31744429732165,328,Florida,FL,7.25,7.309999942779541,7.25,7.309999942779541,7.25,7.309999942779541,12,7.309999942779541,1.989243265933991,224.939,7.461276732191954,2.009726543297716,South Atlantic,0.0,0.0,0.0,True,False,False,False,13.0,13,0,-1.0,,0,0,
12,2012,1,2012q1,Florida -- Statewide,636141.3333333334,13.36317603985678,345,Florida,FL,7.25,7.670000076293945,7.25,7.670000076293945,7.25,7.670000076293945,13,7.670000076293945,2.0373166253262243,229.594,7.670000076293945,2.0373166253262243,South Atlantic,0.3600001335144043,0.3600001335144043,0.04807335939223334,True,True,True,False,13.0,13,1,0.0,,0,0,
12,2012,2,2012q2,Florida -- Statewide,649080.6666666666,13.383312281747704,335,Florida,FL,7.25,7.670000076293945,7.25,7.670000076293945,7.25,7.670000076293945,14,7.670000076293945,2.0373166253262243,229.594,7.670000076293945,2.0373166253262243,South Atlantic,0.0,0.0,0.0,True,False,False,False,13.0,13,1,1.0,,0,0,
12,2012,3,2012q3,Florida -- Statewide,632633.0,13.357645754158613,330,Florida,FL,7.25,7.670000076293945,7.25,7.670000076293945,7.25,7.670000076293945,15,7.670000076293945,2.0373166253262243,229.594,7.670000076293945,2.0373166253262243,South Atlantic,0.0,0.0,0.0,True,False,False,False,13.0,13,1,2.0,,0,0,
12,2012,4,2012q4,Florida -- Statewide,644540.6666666666,13.376293197379576,335,Florida,FL,7.25,7.670000076293945,7.25,7.670000076293945,7.25,7.670000076293945,16,7.670000076293945,2.0373166253262243,229.594,7.670000076293945,2.0373166253262243,South Atlantic,0.0,0.0,0.0,True,False,False,False,13.0,13,1,3.0,,0,0,
12,2013,1,2013q1,Florida -- Statewide,664784.6666666666,13.407218457676558,347,Florida,FL,7.25,7.789999961853027,7.25,7.789999961853027,7.25,7.789999961853027,17,7.789999961853027,2.052840854985741,232.957,7.67754242732214,2.0382994995073647,South Atlantic,0.11999988555908203,0.11999988555908203,0.01552422965951683,True,True,True,False,13.0,13,1,4.0,,0,0,
12,2013,2,2013q2,Florida -- Statewide,678617.0,13.427812182595257,344,Florida,FL,7.25,7.789999961853027,7.25,7.789999961853027,7.25,7.789999961853027,18,7.789999961853027,2.052840854985741,232.957,7.67754242732214,2.0382994995073647,South Atlantic,0.0,0.0,0.0,True,False,False,False,13.0,13,1,5.0,,0,0,
12,2013,3,2013q3,Florida -- Statewide,667446.3333333334,13.411214266523704,338,Florida,FL,7.25,7.789999961853027,7.25,7.789999961853027,7.25,7.789999961853027,19,7.789999961853027,2.052840854985741,232.957,7.67754242732214,2.0382994995073647,South Atlantic,0.0,0.0,0.0,True,False,False,False,13.0,13,1,6.0,,0,0,
12,2013,4,2013q4,Florida -- Statewide,676335.3333333334,13.424444287257204,345,Florida,FL,7.25,7.789999961853027,7.25,7.789999961853027,7.25,7.789999961853027,20,7.789999961853027,2.052840854985741,232.957,7.67754242732214,2.0382994995073647,South Atlantic,0.0,0.0,0.0,True,False,False,False,13.0,13,1,7.0,,0,0,
12,2014,1,2014q1,Florida -- Statewide,696165.0,13.453341980185668,353,Florida,FL,7.25,7.929999828338623,7.25,7.929999828338623,7.25,7.929999828338623,21,7.929999828338623,2.070653013999672,236.736,7.6907626241364975,2.0400199494894564,South Atlantic,0.1399998664855957,0.1399998664855957,0.017812159013931073,True,True,True,False,13.0,13,1,8.0,,0,0,
12,2014,2,2014q2,Florida -- Statewide,710421.3333333334,13.473613500239235,352,Florida,FL,7.25,7.929999828338623,7.25,7.929999828338623,7.25,7.929999828338623,22,7.929999828338623,2.070653013999672,236.736,7.6907626241364975,2.0400199494894564,South Atlantic,0.0,0.0,0.0,True,False,False,False,13.0,13,1,9.0,,0,0,
12,2014,3,2014q3,Florida -- Statewide,695019.0,13.451694462302745,344,Florida,FL,7.25,7.929999828338623,7.25,7.929999828338623,7.25,7.929999828338623,23,7.929999828338623,2.070653013999672,236.736,7.6907626241364975,2.0400199494894564,South Atlantic,0.0,0.0,0.0,True,False,False,False,13.0,13,1,10.0,,0,0,
12,2014,4,2014q4,Florida -- Statewide,707758.3333333334,13.469857977307278,353,Florida,FL,7.25,7.929999828338623,7.25,7.929999828338623,7.25,7.929999828338623,24,7.929999828338623,2.070653013999672,236.736,7.6907626241364975,2.0400199494894564,South Atlantic,0.0,0.0,0.0,True,False,False,False,13.0,13,1,11.0,,0,0,
12,2015,1,2015q1,Florida -- Statewide,728985.6666666666,13.499409349160556,362,Florida,FL,7.25,8.050000190734863,7.25,8.050000190734863,7.25,8.050000190734863,25,8.050000190734863,2.0856721151242437,237.017,7.797886834242186,2.0538527783035496,South Atlantic,0.12000036239624023,0.12000036239624023,0.015019101124571499,True,True,True,False,13.0,13,1,12.0,,0,0,
12,2015,2,2015q2,Florida -- Statewide,742953.0,13.518388064633134,363,Florida,FL,7.25,8.050000190734863,7.25,8.050000190734863,7.25,8.050000190734863,26,8.050000190734863,2.0856721151242437,237.017,7.797886834242186,2.0538527783035496,South Atlantic,0.0,0.0,0.0,True,False,False,False,13.0,13,1,13.0,,0,0,
12,2015,3,2015q3,Florida -- Statewide,730016.0,13.500821730692602,357,Florida,FL,7.25,8.050000190734863,7.25,8.050000190734863,7.25,8.050000190734863,27,8.050000190734863,2.0856721151242437,237.017,7.797886834242186,2.0538527783035496,South Atlantic,0.0,0.0,0.0,True,False,False,False,13.0,13,1,14.0,,0,0,
12,2015,4,2015q4,Florida -- Statewide,746731.3333333334,13.523460738555787,373,Florida,FL,7.25,8.050000190734863,7.25,8.050000190734863,7.25,8.050000190734863,28,8.050000190734863,2.0856721151242437,237.017,7.797886834242186,2.0538527783035496,South Atlantic,0.0,0.0,0.0,True,False,False,False,13.0,13,1,15.0,,0,0,
12,2016,1,2016q1,Florida -- Statewide,766395.6666666666,13.549453851482232,367,Florida,FL,7.25,8.050000190734863,7.25,8.050000190734863,7.25,8.050000190734863,29,8.050000190734863,2.0856721151242437,240.007,7.70074099418592,2.0413165572406973,South Atlantic,0.0,0.0,0.0,True,False,False,False,13.0,13,1,16.0,,0,0,
12,2016,2,2016q2,Florida -- Statewide,775798.6666666666,13.561648315330515,372,Florida,FL,7.25,8.050000190734863,7.25,8.050000190734863,7.25,8.050000190734863,30,8.050000190734863,2.0856721151242437,240.007,7.70074099418592,2.0413165572406973,South Atlantic,0.0,0.0,0.0,True,False,False,False,13.0,13,1,17.0,,0,0,
12,2016,3,2016q3,Florida -- Statewide,761447.3333333334,13.542976287183395,375,Florida,FL,7.25,8.050000190734863,7.25,8.050000190734863,7.25,8.050000190734863,31,8.050000190734863,2.0856721151242437,240.007,7.70074099418592,2.0413165572406973,South Atlantic,0.0,0.0,0.0,True,False,False,False,13.0,13,1,18.0,,0,0,
12,2016,4,2016q4,Florida -- Statewide,769218.6666666666,13.55313056003968,373,Florida,FL,7.25,8.050000190734863,7.25,8.050000190734863,7.25,8.050000190734863,32,8.050000190734863,2.0856721151242437,240.007,7.70074099418592,2.0413165572406973,South Atlantic,0.0,0.0,0.0,True,False,False,False,13.0,13,1,19.0,,0,0,
12,2017,1,2017q1,Florida -- Statewide,787918.0,13.577149302511598,383,Florida,FL,7.25,8.100000381469727,7.25,8.100000381469727,7.25,8.100000381469727,33,8.100000381469727,2.0918641087734198,245.12,7.586943079239394,2.026428753920966,South Atlantic,0.05000019073486328,0.05000019073486328,0.0061919936491761085,True,True,False,False,13.0,13,1,20.0,,0,0,
12,2017,2,2017q2,Florida -- Statewide,797774.3333333334,13.589581046130121,383,Florida,FL,7.25,8.100000381469727,7.25,8.100000381469727,7.25,8.100000381469727,34,8.100000381469727,2.0918641087734198,245.12,7.586943079239394,2.026428753920966,South Atlantic,0.0,0.0,0.0,True,False,False,False,13.0,13,1,21.0,,0,0,
12,2017,3,2017q3,Florida -- Statewide,769247.0,13.553167393274181,367,Florida,FL,7.25,8.100000381469727,7.25,8.100000381469727,7.25,8.100000381469727,35,8.100000381469727,2.0918641087734198,245.12,7.586943079239394,2.026428753920966,South Atlantic,0.0,0.0,0.0,True,False,False,False,13.0,13,1,22.0,,0,0,
12,2017,4,2017q4,Florida -- Statewide,785571.6666666666,13.574166969520002,390,Florida,FL,7.25,8.100000381469727,7.25,8.100000381469727,7.25,8.100000381469727,36,8.100000381469727,2.0918641087734198,245.12,7.586943079239394,2.026428753920966,South Atlantic,0.0,0.0,0.0,True,False,False,False,13.0,13,1,23.0,,0,0,
12,2018,1,2018q1,Florida -- Statewide,806704.6666666666,13.600712915793256,402,Florida,FL,7.25,8.25,7.25,8.25,7.25,8.25,37,8.25,2.1102132003465894,251.107,7.543200707268216,2.0206465889316836,South Atlantic,0.14999961853027344,0.14999961853027344,0.018349091573169662,True,True,True,False,13.0,13,1,24.0,,0,0,
12,2018,2,2018q2,Florida -- Statewide,813265.3333333334,13.608812698548675,398,Florida,FL,7.25,8.25,7.25,8.25,7.25,8.25,38,8.25,2.1102132003465894,251.107,7.543200707268216,2.0206465889316836,South Atlantic,0.0,0.0,0.0,True,False,False,False,13.0,13,1,25.0,,0,0,
12,2018,3,2018q3,Florida -- Statewide,797522.3333333334,13.589265117428756,388,Florida,FL,7.25,8.25,7.25,8.25,7.25,8.25,39,8.25,2.1102132003465894,251.107,7.543200707268216,2.0206465889316836,South Atlantic,0.0,0.0,0.0,True,False,False,False,13.0,13,1,26.0,,0,0,
12,2018,4,2018q4,Florida -- Statewide,804507.6666666666,13.597985775097778,400,Florida,FL,7.25,8.25,7.25,8.25,7.25,8.25,40,8.25,2.1102132003465894,251.107,7.543200707268216,2.0206465889316836,South Atlantic,0.0,0.0,0.0,True,False,False,False,13.0,13,1,27.0,,0,0,
12,2019,1,2019q1,Florida -- Statewide,826376.3333333334,13.624805558107074,411,Florida,FL,7.25,8.460000038146973,7.25,8.460000038146973,7.25,8.460000038146973,41,8.460000038146973,2.1353491781272305,255.657,7.597543774503792,2.0278250074906388,South Atlantic,0.21000003814697266,0.21000003814697266,0.025135977780641028,True,True,True,False,13.0,13,1,28.0,,0,0,
12,2019,2,2019q2,Florida -- Statewide,829951.6666666666,13.62912274514545,414,Florida,FL,7.25,8.460000038146973,7.25,8.460000038146973,7.25,8.460000038146973,42,8.460000038146973,2.1353491781272305,255.657,7.597543774503792,2.0278250074906388,South Atlantic,0.0,0.0,0.0,True,False,False,False,13.0,13,1,29.0,,0,0,
12,2019,3,2019q3,Florida -- Statewide,809353.6666666666,13.60399126573631,402,Florida,FL,7.25,8.460000038146973,7.25,8.460000038146973,7.25,8.460000038146973,43,8.460000038146973,2.1353491781272305,255.657,7.597543774503792,2.0278250074906388,South Atlantic,0.0,0.0,0.0,True,False,False,False,13.0,13,1,30.0,,0,0,
12,2019,4,2019q4,Florida -- Statewide,822039.3333333334,13.619543523663983,413,Florida,FL,7.25,8.460000038146973,7.25,8.460000038146973,7.25,8.460000038146973,44,8.460000038146973,2.1353491781272305,255.657,7.597543774503792,2.0278250074906388,South Atlantic,0.0,0.0,0.0,True,False,False,False,13.0,13,1,31.0,,0,0,
13,2009,1,2009q1,Georgia -- Statewide,295139.0,12.595201710789162,280,Georgia,GA,6.55,6.550000190734863,6.550000000000002,6.550000190734863,6.55,6.550000190734863,1,6.550000190734863,1.8794650787669867,214.537,7.009703425477097,1.9472953928016028,South Atlantic,,,,False,False,False,False,,0,0,,,0,0,
13,2009,2,2009q2,Georgia -- Statewide,305076.3333333333,12.628317297500473,282,Georgia,GA,6.55,6.550000190734863,6.550000000000001,6.550000190734863,6.55,6.550000190734863,2,6.550000190734863,1.8794650787669867,214.537,7.009703425477097,1.9472953928016028,South Atlantic,0.0,0.0,0.0,False,False,False,False,,0,0,,,0,0,
13,2009,3,2009q3,Georgia -- Statewide,299194.6666666667,12.608849699611644,291,Georgia,GA,6.55,6.550000190734863,7.075,7.074999809265137,7.25,7.25,3,7.075,1.9565674435293015,214.537,7.571549662762134,2.024397757563918,South Atlantic,0.5249996185302734,0.5249998092651369,0.0771023647623148,False,False,False,False,,0,0,,,0,0,
13,2009,4,2009q4,Georgia -- Statewide,292767.0,12.587132349799584,301,Georgia,GA,7.25,7.25,7.25,7.25,7.25,7.25,4,7.25,1.9810014688665833,214.537,7.758831809897592,2.0488317829011997,South Atlantic,0.17500019073486328,0.17499999999999982,0.024434025337281895,False,False,False,False,,0,0,,,0,0,
13,2010,1,2010q1,Georgia -- Statewide,286233.0,12.564561443440724,290,Georgia,GA,7.25,7.25,7.25,7.25,7.25,7.25,5,7.25,1.9810014688665833,218.056,7.633619345489231,2.032562090031529,South Atlantic,0.0,0.0,0.0,False,False,False,False,,0,0,,,0,0,
13,2010,2,2010q2,Georgia -- Statewide,297337.0,12.602621454656566,296,Georgia,GA,7.25,7.25,7.25,7.25,7.25,7.25,6,7.25,1.9810014688665833,218.056,7.633619345489231,2.032562090031529,South Atlantic,0.0,0.0,0.0,False,False,False,False,,0,0,,,0,0,
13,2010,3,2010q3,Georgia -- Statewide,296345.0,12.59927959513169,299,Georgia,GA,7.25,7.25,7.25,7.25,7.25,7.25,7,7.25,1.9810014688665833,218.056,7.633619345489231,2.032562090031529,South Atlantic,0.0,0.0,0.0,False,False,False,False,,0,0,,,0,0,
13,2010,4,2010q4,Georgia -- Statewide,294778.0,12.593977809646924,309,Georgia,GA,7.25,7.25,7.25,7.25,7.25,7.25,8,7.25,1.9810014688665833,218.056,7.633619345489231,2.032562090031529,South Atlantic,0.0,0.0,0.0,False,False,False,False,,0,0,,,0,0,
13,2011,1,2011q1,Georgia -- Statewide,291130.0,12.581525181792271,294,Georgia,GA,7.25,7.25,7.25,7.25,7.25,7.25,9,7.25,1.9810014688665833,224.939,7.400035120632705,2.0014847462303083,South Atlantic,0.0,0.0,0.0,False,False,False,False,,0,0,,,0,0,
13,2011,2,2011q2,Georgia -- Statewide,304395.3333333333,12.626082574146938,302,Georgia,GA,7.25,7.25,7.25,7.25,7.25,7.25,10,7.25,1.9810014688665833,224.939,7.400035120632705,2.0014847462303083,South Atlantic,0.0,0.0,0.0,False,False,False,False,,0,0,,,0,0,
13,2011,3,2011q3,Georgia -- Statewide,303617.3333333333,12.623523415539676,312,Georgia,GA,7.25,7.25,7.25,7.25,7.25,7.25,11,7.25,1.9810014688665833,224.939,7.400035120632705,2.0014847462303083,South Atlantic,0.0,0.0,0.0,False,False,False,False,,0,0,,,0,0,
13,2011,4,2011q4,Georgia -- Statewide,302579.0,12.620097679382267,309,Georgia,GA,7.25,7.25,7.25,7.25,7.25,7.25,12,7.25,1.9810014688665833,224.939,7.400035120632705,2.0014847462303083,South Atlantic,0.0,0.0,0.0,False,False,False,False,,0,0,,,0,0,
13,2012,1,2012q1,Georgia -- Statewide,302383.6666666667,12.619451909483116,314,Georgia,GA,7.25,7.25,7.25,7.25,7.25,7.25,13,7.25,1.9810014688665833,229.594,7.25,1.9810014688665833,South Atlantic,0.0,0.0,0.0,False,False,False,False,,0,0,,,0,0,
13,2012,2,2012q2,Georgia -- Statewide,315681.3333333333,12.662488544933955,310,Georgia,GA,7.25,7.25,7.25,7.25,7.25,7.25,14,7.25,1.9810014688665833,229.594,7.25,1.9810014688665833,South Atlantic,0.0,0.0,0.0,False,False,False,False,,0,0,,,0,0,
13,2012,3,2012q3,Georgia -- Statewide,313777.6666666667,12.65643994615134,309,Georgia,GA,7.25,7.25,7.25,7.25,7.25,7.25,15,7.25,1.9810014688665833,229.594,7.25,1.9810014688665833,South Atlantic,0.0,0.0,0.0,False,False,False,False,,0,0,,,0,0,
13,2012,4,2012q4,Georgia -- Statewide,313923.6666666667,12.656905135549161,319,Georgia,GA,7.25,7.25,7.25,7.25,7.25,7.25,16,7.25,1.9810014688665833,229.594,7.25,1.9810014688665833,South Atlantic,0.0,0.0,0.0,False,False,False,False,,0,0,,,0,0,
13,2013,1,2013q1,Georgia -- Statewide,314602.3333333333,12.659064686404408,309,Georgia,GA,7.25,7.25,7.25,7.25,7.25,7.25,17,7.25,1.9810014688665833,232.957,7.14533798082908,1.966460113388207,South Atlantic,0.0,0.0,0.0,False,False,False,False,,0,0,,,0,0,
13,2013,2,2013q2,Georgia -- Statewide,329757.6666666667,12.706113320246107,313,Georgia,GA,7.25,7.25,7.25,7.25,7.25,7.25,18,7.25,1.9810014688665833,232.957,7.14533798082908,1.966460113388207,South Atlantic,0.0,0.0,0.0,False,False,False,False,,0,0,,,0,0,
13,2013,3,2013q3,Georgia -- Statewide,331236.0,12.710586391238472,311,Georgia,GA,7.25,7.25,7.25,7.25,7.25,7.25,19,7.25,1.9810014688665833,232.957,7.14533798082908,1.966460113388207,South Atlantic,0.0,0.0,0.0,False,False,False,False,,0,0,,,0,0,
13,2013,4,2013q4,Georgia -- Statewide,330830.6666666667,12.709361942389487,322,Georgia,GA,7.25,7.25,7.25,7.25,7.25,7.25,20,7.25,1.9810014688665833,232.957,7.14533798082908,1.966460113388207,South Atlantic,0.0,0.0,0.0,False,False,False,False,,0,0,,,0,0,
13,2014,1,2014q1,Georgia -- Statewide,328490.3333333333,12.702262689786869,310,Georgia,GA,7.25,7.25,7.25,7.25,7.25,7.25,21,7.25,1.9810014688665833,236.736,7.031277456745066,1.9503684043563676,South Atlantic,0.0,0.0,0.0,False,False,False,False,,0,0,,,0,0,
13,2014,2,2014q2,Georgia -- Statewide,343823.6666666667,12.747884208033607,321,Georgia,GA,7.25,7.25,7.25,7.25,7.25,7.25,22,7.25,1.9810014688665833,236.736,7.031277456745066,1.9503684043563676,South Atlantic,0.0,0.0,0.0,False,False,False,False,,0,0,,,0,0,
13,2014,3,2014q3,Georgia -- Statewide,344415.3333333333,12.749603572418433,318,Georgia,GA,7.25,7.25,7.25,7.25,7.25,7.25,23,7.25,1.9810014688665833,236.736,7.031277456745066,1.9503684043563676,South Atlantic,0.0,0.0,0.0,False,False,False,False,,0,0,,,0,0,
13,2014,4,2014q4,Georgia -- Statewide,346456.0,12.755511105421943,331,Georgia,GA,7.25,7.25,7.25,7.25,7.25,7.25,24,7.25,1.9810014688665833,236.736,7.031277456745066,1.9503684043563676,South Atlantic,0.0,0.0,0.0,False,False,False,False,,0,0,,,0,0,
13,2015,1,2015q1,Georgia -- Statewide,344503.3333333333,12.749859045247772,304,Georgia,GA,7.25,7.25,7.25,7.25,7.25,7.25,25,7.25,1.9810014688665833,237.017,7.022941392389575,1.9491821320458897,South Atlantic,0.0,0.0,0.0,False,False,False,False,,0,0,,,0,0,
13,2015,2,2015q2,Georgia -- Statewide,358872.6666666667,12.790722915602624,312,Georgia,GA,7.25,7.25,7.25,7.25,7.25,7.25,26,7.25,1.9810014688665833,237.017,7.022941392389575,1.9491821320458897,South Atlantic,0.0,0.0,0.0,False,False,False,False,,0,0,,,0,0,
13,2015,3,2015q3,Georgia -- Statewide,358935.3333333333,12.790897521254346,314,Georgia,GA,7.25,7.25,7.25,7.25,7.25,7.25,27,7.25,1.9810014688665833,237.017,7.022941392389575,1.9491821320458897,South Atlantic,0.0,0.0,0.0,False,False,False,False,,0,0,,,0,0,
13,2015,4,2015q4,Georgia -- Statewide,359573.6666666667,12.792674349383915,331,Georgia,GA,7.25,7.25,7.25,7.25,7.25,7.25,28,7.25,1.9810014688665833,237.017,7.022941392389575,1.9491821320458897,South Atlantic,0.0,0.0,0.0,False,False,False,False,,0,0,,,0,0,
13,2016,1,2016q1,Georgia -- Statewide,358429.6666666667,12.789487731954846,312,Georgia,GA,7.25,7.25,7.25,7.25,7.25,7.25,29,7.25,1.9810014688665833,240.007,6.935449799380851,1.9366459109830372,South Atlantic,0.0,0.0,0.0,False,False,False,False,,0,0,,,0,0,
13,2016,2,2016q2,Georgia -- Statewide,375495.6666666667,12.836002209951074,318,Georgia,GA,7.25,7.25,7.25,7.25,7.25,7.25,30,7.25,1.9810014688665833,240.007,6.935449799380851,1.9366459109830372,South Atlantic,0.0,0.0,0.0,False,False,False,False,,0,0,,,0,0,
13,2016,3,2016q3,Georgia -- Statewide,373571.0,12.830863359197656,330,Georgia,GA,7.25,7.25,7.25,7.25,7.25,7.25,31,7.25,1.9810014688665833,240.007,6.935449799380851,1.9366459109830372,South Atlantic,0.0,0.0,0.0,False,False,False,False,,0,0,,,0,0,
13,2016,4,2016q4,Georgia -- Statewide,374431.0,12.833162819303213,329,Georgia,GA,7.25,7.25,7.25,7.25,7.25,7.25,32,7.25,1.9810014688665833,240.007,6.935449799380851,1.9366459109830372,South Atlantic,0.0,0.0,0.0,False,False,False,False,,0,0,,,0,0,
13,2017,1,2017q1,Georgia -- Statewide,370616.3333333333,12.822922664537167,330,Georgia,GA,7.25,7.25,7.25,7.25,7.25,7.25,33,7.25,1.9810014688665833,245.12,6.7907820659268925,1.9155661140141298,South Atlantic,0.0,0.0,0.0,False,False,False,False,,0,0,,,0,0,
13,2017,2,2017q2,Georgia -- Statewide,383383.0,12.856789768495867,330,Georgia,GA,7.25,7.25,7.25,7.25,7.25,7.25,34,7.25,1.9810014688665833,245.12,6.7907820659268925,1.9155661140141298,South Atlantic,0.0,0.0,0.0,False,False,False,False,,0,0,,,0,0,
13,2017,3,2017q3,Georgia -- Statewide,381225.3333333333,12.851145905357107,333,Georgia,GA,7.25,7.25,7.25,7.25,7.25,7.25,35,7.25,1.9810014688665833,245.12,6.7907820659268925,1.9155661140141298,South Atlantic,0.0,0.0,0.0,False,False,False,False,,0,0,,,0,0,
13,2017,4,2017q4,Georgia -- Statewide,382900.3333333333,12.855530008014323,336,Georgia,GA,7.25,7.25,7.25,7.25,7.25,7.25,36,7.25,1.9810014688665833,245.12,6.7907820659268925,1.9155661140141298,South Atlantic,0.0,0.0,0.0,False,False,False,False,,0,0,,,0,0,
13,2018,1,2018q1,Georgia -- Statewide,380308.6666666667,12.848738482682892,335,Georgia,GA,7.25,7.25,7.25,7.25,7.25,7.25,37,7.25,1.9810014688665833,251.107,6.628873348811463,1.8914348574516775,South Atlantic,0.0,0.0,0.0,False,False,False,False,,0,0,,,0,0,
13,2018,2,2018q2,Georgia -- Statewide,390340.6666666667,12.874775141096494,340,Georgia,GA,7.25,7.25,7.25,7.25,7.25,7.25,38,7.25,1.9810014688665833,251.107,6.628873348811463,1.8914348574516775,South Atlantic,0.0,0.0,0.0,False,False,False,False,,0,0,,,0,0,
13,2018,3,2018q3,Georgia -- Statewide,390797.3333333333,12.875944375517793,343,Georgia,GA,7.25,7.25,7.25,7.25,7.25,7.25,39,7.25,1.9810014688665833,251.107,6.628873348811463,1.8914348574516775,South Atlantic,0.0,0.0,0.0,False,False,False,False,,0,0,,,0,0,
13,2018,4,2018q4,Georgia -- Statewide,385723.6666666667,12.862876502611147,355,Georgia,GA,7.25,7.25,7.25,7.25,7.25,7.25,40,7.25,1.9810014688665833,251.107,6.628873348811463,1.8914348574516775,South Atlantic,0.0,0.0,0.0,False,False,False,False,,0,0,,,0,0,
13,2019,1,2019q1,Georgia -- Statewide,388221.0,12.869330044080813,345,Georgia,GA,7.25,7.25,7.25,7.25,7.25,7.25,41,7.25,1.9810014688665833,255.657,6.510897413331143,1.8734772982299916,South Atlantic,0.0,0.0,0.0,False,False,False,False,,0,0,,,0,0,
13,2019,2,2019q2,Georgia -- Statewide,397002.3333333333,12.891697437065993,353,Georgia,GA,7.25,7.25,7.25,7.25,7.25,7.25,42,7.25,1.9810014688665833,255.657,6.510897413331143,1.8734772982299916,South Atlantic,0.0,0.0,0.0,False,False,False,False,,0,0,,,0,0,
13,2019,3,2019q3,Georgia -- Statewide,395860.0,12.888815892374726,359,Georgia,GA,7.25,7.25,7.25,7.25,7.25,7.25,43,7.25,1.9810014688665833,255.657,6.510897413331143,1.8734772982299916,South Atlantic,0.0,0.0,0.0,False,False,False,False,,0,0,,,0,0,
13,2019,4,2019q4,Georgia -- Statewide,394249.0,12.884737968360431,366,Georgia,GA,7.25,7.25,7.25,7.25,7.25,7.25,44,7.25,1.9810014688665833,255.657,6.510897413331143,1.8734772982299916,South Atlantic,0.0,0.0,0.0,False,False,False,False,,0,0,,,0,0,
15,2009,1,2009q1,Hawaii -- Statewide,55073.333333333336,10.916420909448387,335,Hawaii,HI,6.55,7.25,6.550000000000002,7.25,6.55,7.25,1,7.25,1.9810014688665833,214.537,7.758831809897592,2.0488317829011997,Pacific,,,,True,False,False,False,25.0,25,0,-24.0,25.0,25,0,-24.0
15,2009,2,2009q2,Hawaii -- Statewide,55603.333333333336,10.925998430479991,341,Hawaii,HI,6.55,7.25,6.550000000000001,7.25,6.55,7.25,2,7.25,1.9810014688665833,214.537,7.758831809897592,2.0488317829011997,Pacific,0.0,0.0,0.0,True,False,False,False,25.0,25,0,-23.0,25.0,25,0,-23.0
15,2009,3,2009q3,Hawaii -- Statewide,55700.333333333336,10.927741410337923,346,Hawaii,HI,6.55,7.25,7.0749999999999975,7.25,7.25,7.25,3,7.25,1.9810014688665833,214.537,7.758831809897592,2.0488317829011997,Pacific,0.0,0.0,0.0,True,False,False,False,25.0,25,0,-22.0,25.0,25,0,-22.0
15,2009,4,2009q4,Hawaii -- Statewide,54914.0,10.913523604095793,353,Hawaii,HI,7.25,7.25,7.25,7.25,7.25,7.25,4,7.25,1.9810014688665833,214.537,7.758831809897592,2.0488317829011997,Pacific,0.0,0.0,0.0,False,False,False,False,25.0,25,0,-21.0,25.0,25,0,-21.0
15,2010,1,2010q1,Hawaii -- Statewide,54813.333333333336,10.911688752343705,341,Hawaii,HI,7.25,7.25,7.25,7.25,7.25,7.25,5,7.25,1.9810014688665833,218.056,7.633619345489231,2.032562090031529,Pacific,0.0,0.0,0.0,False,False,False,False,25.0,25,0,-20.0,25.0,25,0,-20.0
15,2010,2,2010q2,Hawaii -- Statewide,55116.333333333336,10.9172013819461,349,Hawaii,HI,7.25,7.25,7.25,7.25,7.25,7.25,6,7.25,1.9810014688665833,218.056,7.633619345489231,2.032562090031529,Pacific,0.0,0.0,0.0,False,False,False,False,25.0,25,0,-19.0,25.0,25,0,-19.0
15,2010,3,2010q3,Hawaii -- Statewide,55722.666666666664,10.928142285087883,359,Hawaii,HI,7.25,7.25,7.25,7.25,7.25,7.25,7,7.25,1.9810014688665833,218.056,7.633619345489231,2.032562090031529,Pacific,0.0,0.0,0.0,False,False,False,False,25.0,25,0,-18.0,25.0,25,0,-18.0
15,2010,4,2010q4,Hawaii -- Statewide,56137.0,10.935550410654034,361,Hawaii,HI,7.25,7.25,7.25,7.25,7.25,7.25,8,7.25,1.9810014688665833,218.056,7.633619345489231,2.032562090031529,Pacific,0.0,0.0,0.0,False,False,False,False,25.0,25,0,-17.0,25.0,25,0,-17.0
15,2011,1,2011q1,Hawaii -- Statewide,56511.666666666664,10.94220238549399,351,Hawaii,HI,7.25,7.25,7.25,7.25,7.25,7.25,9,7.25,1.9810014688665833,224.939,7.400035120632705,2.0014847462303083,Pacific,0.0,0.0,0.0,False,False,False,False,25.0,25,0,-16.0,25.0,25,0,-16.0
15,2011,2,2011q2,Hawaii -- Statewide,57013.0,10.951034590988078,354,Hawaii,HI,7.25,7.25,7.25,7.25,7.25,7.25,10,7.25,1.9810014688665833,224.939,7.400035120632705,2.0014847462303083,Pacific,0.0,0.0,0.0,False,False,False,False,25.0,25,0,-15.0,25.0,25,0,-15.0
15,2011,3,2011q3,Hawaii -- Statewide,57254.0,10.955252787971395,368,Hawaii,HI,7.25,7.25,7.25,7.25,7.25,7.25,11,7.25,1.9810014688665833,224.939,7.400035120632705,2.0014847462303083,Pacific,0.0,0.0,0.0,False,False,False,False,25.0,25,0,-14.0,25.0,25,0,-14.0
15,2011,4,2011q4,Hawaii -- Statewide,56969.333333333336,10.950268390340558,357,Hawaii,HI,7.25,7.25,7.25,7.25,7.25,7.25,12,7.25,1.9810014688665833,224.939,7.400035120632705,2.0014847462303083,Pacific,0.0,0.0,0.0,False,False,False,False,25.0,25,0,-13.0,25.0,25,0,-13.0
15,2012,1,2012q1,Hawaii -- Statewide,57314.333333333336,10.95630601685507,370,Hawaii,HI,7.25,7.25,7.25,7.25,7.25,7.25,13,7.25,1.9810014688665833,229.594,7.25,1.9810014688665833,Pacific,0.0,0.0,0.0,False,False,False,False,25.0,25,0,-12.0,25.0,25,0,-12.0
15,2012,2,2012q2,Hawaii -- Statewide,58370.333333333336,10.974563048877664,362,Hawaii,HI,7.25,7.25,7.25,7.25,7.25,7.25,14,7.25,1.9810014688665833,229.594,7.25,1.9810014688665833,Pacific,0.0,0.0,0.0,False,False,False,False,25.0,25,0,-11.0,25.0,25,0,-11.0
15,2012,3,2012q3,Hawaii -- Statewide,59154.0,10.987899491803097,370,Hawaii,HI,7.25,7.25,7.25,7.25,7.25,7.25,15,7.25,1.9810014688665833,229.594,7.25,1.9810014688665833,Pacific,0.0,0.0,0.0,False,False,False,False,25.0,25,0,-10.0,25.0,25,0,-10.0
15,2012,4,2012q4,Hawaii -- Statewide,59052.333333333336,10.986179335380534,371,Hawaii,HI,7.25,7.25,7.25,7.25,7.25,7.25,16,7.25,1.9810014688665833,229.594,7.25,1.9810014688665833,Pacific,0.0,0.0,0.0,False,False,False,False,25.0,25,0,-9.0,25.0,25,0,-9.0
15,2013,1,2013q1,Hawaii -- Statewide,59644.0,10.996148835710798,380,Hawaii,HI,7.25,7.25,7.25,7.25,7.25,7.25,17,7.25,1.9810014688665833,232.957,7.14533798082908,1.966460113388207,Pacific,0.0,0.0,0.0,False,False,False,False,25.0,25,0,-8.0,25.0,25,0,-8.0
15,2013,2,2013q2,Hawaii -- Statewide,60599.0,11.012033670271087,369,Hawaii,HI,7.25,7.25,7.25,7.25,7.25,7.25,18,7.25,1.9810014688665833,232.957,7.14533798082908,1.966460113388207,Pacific,0.0,0.0,0.0,False,False,False,False,25.0,25,0,-7.0,25.0,25,0,-7.0
15,2013,3,2013q3,Hawaii -- Statewide,61088.333333333336,11.020076183119631,381,Hawaii,HI,7.25,7.25,7.25,7.25,7.25,7.25,19,7.25,1.9810014688665833,232.957,7.14533798082908,1.966460113388207,Pacific,0.0,0.0,0.0,False,False,False,False,25.0,25,0,-6.0,25.0,25,0,-6.0
15,2013,4,2013q4,Hawaii -- Statewide,61471.333333333336,11.026326220463492,374,Hawaii,HI,7.25,7.25,7.25,7.25,7.25,7.25,20,7.25,1.9810014688665833,232.957,7.14533798082908,1.966460113388207,Pacific,0.0,0.0,0.0,False,False,False,False,25.0,25,0,-5.0,25.0,25,0,-5.0
15,2014,1,2014q1,Hawaii -- Statewide,61407.333333333336,11.025284542399703,385,Hawaii,HI,7.25,7.25,7.25,7.25,7.25,7.25,21,7.25,1.9810014688665833,236.736,7.031277456745066,1.9503684043563676,Pacific,0.0,0.0,0.0,False,False,False,False,25.0,25,0,-4.0,25.0,25,0,-4.0
15,2014,2,2014q2,Hawaii -- Statewide,61925.0,11.03367925435756,381,Hawaii,HI,7.25,7.25,7.25,7.25,7.25,7.25,22,7.25,1.9810014688665833,236.736,7.031277456745066,1.9503684043563676,Pacific,0.0,0.0,0.0,False,False,False,False,25.0,25,0,-3.0,25.0,25,0,-3.0
15,2014,3,2014q3,Hawaii -- Statewide,62264.333333333336,11.039144042173225,392,Hawaii,HI,7.25,7.25,7.25,7.25,7.25,7.25,23,7.25,1.9810014688665833,236.736,7.031277456745066,1.9503684043563676,Pacific,0.0,0.0,0.0,False,False,False,False,25.0,25,0,-2.0,25.0,25,0,-2.0
15,2014,4,2014q4,Hawaii -- Statewide,62326.333333333336,11.040139301397316,389,Hawaii,HI,7.25,7.25,7.25,7.25,7.25,7.25,24,7.25,1.9810014688665833,236.736,7.031277456745066,1.9503684043563676,Pacific,0.0,0.0,0.0,False,False,False,False,25.0,25,0,-1.0,25.0,25,0,-1.0
15,2015,1,2015q1,Hawaii -- Statewide,62521.0,11.043257779289133,404,Hawaii,HI,7.25,7.75,7.25,7.75,7.25,7.75,25,7.75,2.0476928433652555,237.017,7.507282178071615,2.015873506544562,Pacific,0.5,0.5,0.06669137449867213,True,True,True,True,25.0,25,1,0.0,25.0,25,1,0.0
15,2015,2,2015q2,Hawaii -- Statewide,63047.0,11.051635758976346,395,Hawaii,HI,7.25,7.75,7.25,7.75,7.25,7.75,26,7.75,2.0476928433652555,237.017,7.507282178071615,2.015873506544562,Pacific,0.0,0.0,0.0,True,False,False,False,25.0,25,1,1.0,25.0,25,1,1.0
15,2015,3,2015q3,Hawaii -- Statewide,64190.0,11.069602714305823,411,Hawaii,HI,7.25,7.75,7.25,7.75,7.25,7.75,27,7.75,2.0476928433652555,237.017,7.507282178071615,2.015873506544562,Pacific,0.0,0.0,0.0,True,False,False,False,25.0,25,1,2.0,25.0,25,1,2.0
15,2015,4,2015q4,Hawaii -- Statewide,64688.333333333336,11.077336144806512,424,Hawaii,HI,7.25,7.75,7.25,7.75,7.25,7.75,28,7.75,2.0476928433652555,237.017,7.507282178071615,2.015873506544562,Pacific,0.0,0.0,0.0,True,False,False,False,25.0,25,1,3.0,25.0,25,1,3.0
15,2016,1,2016q1,Hawaii -- Statewide,65059.666666666664,11.083060076538452,411,Hawaii,HI,7.25,8.5,7.25,8.5,7.25,8.5,29,8.5,2.1400661634962708,240.007,8.131217006170653,2.095710605612725,Pacific,0.75,0.75,0.09237332013101529,True,True,True,True,25.0,25,1,4.0,25.0,25,1,4.0
15,2016,2,2016q2,Hawaii -- Statewide,65634.33333333333,11.091854212003526,419,Hawaii,HI,7.25,8.5,7.25,8.5,7.25,8.5,30,8.5,2.1400661634962708,240.007,8.131217006170653,2.095710605612725,Pacific,0.0,0.0,0.0,True,False,False,False,25.0,25,1,5.0,25.0,25,1,5.0
15,2016,3,2016q3,Hawaii -- Statewide,66574.33333333333,11.106074396863063,439,Hawaii,HI,7.25,8.5,7.25,8.5,7.25,8.5,31,8.5,2.1400661634962708,240.007,8.131217006170653,2.095710605612725,Pacific,0.0,0.0,0.0,True,False,False,False,25.0,25,1,6.0,25.0,25,1,6.0
15,2016,4,2016q4,Hawaii -- Statewide,66671.66666666667,11.107535354049705,437,Hawaii,HI,7.25,8.5,7.25,8.5,7.25,8.5,32,8.5,2.1400661634962708,240.007,8.131217006170653,2.095710605612725,Pacific,0.0,0.0,0.0,True,False,False,False,25.0,25,1,7.0,25.0,25,1,7.0
15,2017,1,2017q1,Hawaii -- Statewide,68437.66666666667,11.133678634302017,439,Hawaii,HI,7.25,9.25,7.25,9.25,7.25,9.25,33,9.25,2.224623551524334,245.12,8.664101256527415,2.1591881966718804,Pacific,0.75,0.75,0.08455738802806323,True,True,True,True,25.0,25,1,8.0,25.0,25,1,8.0
15,2017,2,2017q2,Hawaii -- Statewide,68841.0,11.139554776658086,447,Hawaii,HI,7.25,9.25,7.25,9.25,7.25,9.25,34,9.25,2.224623551524334,245.12,8.664101256527415,2.1591881966718804,Pacific,0.0,0.0,0.0,True,False,False,False,25.0,25,1,9.0,25.0,25,1,9.0
15,2017,3,2017q3,Hawaii -- Statewide,69374.33333333333,11.147272241392953,446,Hawaii,HI,7.25,9.25,7.25,9.25,7.25,9.25,35,9.25,2.224623551524334,245.12,8.664101256527415,2.1591881966718804,Pacific,0.0,0.0,0.0,True,False,False,False,25.0,25,1,10.0,25.0,25,1,10.0
15,2017,4,2017q4,Hawaii -- Statewide,69059.66666666667,11.14272614421161,454,Hawaii,HI,7.25,9.25,7.25,9.25,7.25,9.25,36,9.25,2.224623551524334,245.12,8.664101256527415,2.1591881966718804,Pacific,0.0,0.0,0.0,True,False,False,False,25.0,25,1,11.0,25.0,25,1,11.0
15,2018,1,2018q1,Hawaii -- Statewide,68904.66666666667,11.140479185719236,469,Hawaii,HI,7.25,10.100000381469727,7.25,10.100000381469727,7.25,10.100000381469727,37,10.100000381469727,2.312535461616493,251.107,9.234706669201417,2.222968850201587,Pacific,0.8500003814697266,0.8500003814697266,0.08791191009215904,True,True,True,True,25.0,25,1,12.0,25.0,25,1,12.0
15,2018,2,2018q2,Hawaii -- Statewide,68799.33333333333,11.138949333952008,470,Hawaii,HI,7.25,10.100000381469727,7.25,10.100000381469727,7.25,10.100000381469727,38,10.100000381469727,2.312535461616493,251.107,9.234706669201417,2.222968850201587,Pacific,0.0,0.0,0.0,True,False,False,False,25.0,25,1,13.0,25.0,25,1,13.0
15,2018,3,2018q3,Hawaii -- Statewide,69048.66666666667,11.142566848972027,472,Hawaii,HI,7.25,10.100000381469727,7.25,10.100000381469727,7.25,10.100000381469727,39,10.100000381469727,2.312535461616493,251.107,9.234706669201417,2.222968850201587,Pacific,0.0,0.0,0.0,True,False,False,False,25.0,25,1,14.0,25.0,25,1,14.0
15,2018,4,2018q4,Hawaii -- Statewide,68574.33333333333,11.135673594042665,479,Hawaii,HI,7.25,10.100000381469727,7.25,10.100000381469727,7.25,10.100000381469727,40,10.100000381469727,2.312535461616493,251.107,9.234706669201417,2.222968850201587,Pacific,0.0,0.0,0.0,True,False,False,False,25.0,25,1,15.0,25.0,25,1,15.0
15,2019,1,2019q1,Hawaii -- Statewide,69956.66666666667,11.155631281723357,483,Hawaii,HI,7.25,10.100000381469727,7.25,10.100000381469727,7.25,10.100000381469727,41,10.100000381469727,2.312535461616493,255.657,9.07035398046273,2.2050112909799013,Pacific,0.0,0.0,0.0,True,False,False,False,25.0,25,1,16.0,25.0,25,1,16.0
15,2019,2,2019q2,Hawaii -- Statewide,70117.33333333333,11.157925308268275,488,Hawaii,HI,7.25,10.100000381469727,7.25,10.100000381469727,7.25,10.100000381469727,42,10.100000381469727,2.312535461616493,255.657,9.07035398046273,2.2050112909799013,Pacific,0.0,0.0,0.0,True,False,False,False,25.0,25,1,17.0,25.0,25,1,17.0
15,2019,3,2019q3,Hawaii -- Statewide,70533.0,11.163835964389085,495,Hawaii,HI,7.25,10.100000381469727,7.25,10.100000381469727,7.25,10.100000381469727,43,10.100000381469727,2.312535461616493,255.657,9.07035398046273,2.2050112909799013,Pacific,0.0,0.0,0.0,True,False,False,False,25.0,25,1,18.0,25.0,25,1,18.0
15,2019,4,2019q4,Hawaii -- Statewide,69789.0,11.153231683208153,492,Hawaii,HI,7.25,10.100000381469727,7.25,10.100000381469727,7.25,10.100000381469727,44,10.100000381469727,2.312535461616493,255.657,9.07035398046273,2.2050112909799013,Pacific,0.0,0.0,0.0,True,False,False,False,25.0,25,1,19.0,25.0,25,1,19.0
16,2009,1,2009q1,Idaho -- Statewide,41271.333333333336,10.627923429792798,225,Idaho,ID,6.55,6.550000190734863,6.550000000000002,6.550000190734863,6.55,6.550000190734863,1,6.550000190734863,1.8794650787669867,214.537,7.009703425477097,1.9472953928016028,Mountain,,,,False,False,False,False,,0,0,,,0,0,
16,2009,2,2009q2,Idaho -- Statewide,42390.333333333336,10.654675627805583,232,Idaho,ID,6.55,6.550000190734863,6.550000000000001,6.550000190734863,6.55,6.550000190734863,2,6.550000190734863,1.8794650787669867,214.537,7.009703425477097,1.9472953928016028,Mountain,0.0,0.0,0.0,False,False,False,False,,0,0,,,0,0,
16,2009,3,2009q3,Idaho -- Statewide,43338.666666666664,10.676800510119344,241,Idaho,ID,6.55,6.550000190734863,7.075,7.074999809265137,7.25,7.25,3,7.075,1.9565674435293015,214.537,7.571549662762134,2.024397757563918,Mountain,0.5249996185302734,0.5249998092651369,0.0771023647623148,False,False,False,False,,0,0,,,0,0,
16,2009,4,2009q4,Idaho -- Statewide,41057.666666666664,10.622732861551139,239,Idaho,ID,7.25,7.25,7.25,7.25,7.25,7.25,4,7.25,1.9810014688665833,214.537,7.758831809897592,2.0488317829011997,Mountain,0.17500019073486328,0.17499999999999982,0.024434025337281895,False,False,False,False,,0,0,,,0,0,
16,2010,1,2010q1,Idaho -- Statewide,39513.666666666664,10.584401882609116,235,Idaho,ID,7.25,7.25,7.25,7.25,7.25,7.25,5,7.25,1.9810014688665833,218.056,7.633619345489231,2.032562090031529,Mountain,0.0,0.0,0.0,False,False,False,False,,0,0,,,0,0,
16,2010,2,2010q2,Idaho -- Statewide,41539.333333333336,10.634396048513004,241,Idaho,ID,7.25,7.25,7.25,7.25,7.25,7.25,6,7.25,1.9810014688665833,218.056,7.633619345489231,2.032562090031529,Mountain,0.0,0.0,0.0,False,False,False,False,,0,0,,,0,0,
16,2010,3,2010q3,Idaho -- Statewide,42791.0,10.664083079084039,251,Idaho,ID,7.25,7.25,7.25,7.25,7.25,7.25,7,7.25,1.9810014688665833,218.056,7.633619345489231,2.032562090031529,Mountain,0.0,0.0,0.0,False,False,False,False,,0,0,,,0,0,
16,2010,4,2010q4,Idaho -- Statewide,41083.333333333336,10.623357803236827,251,Idaho,ID,7.25,7.25,7.25,7.25,7.25,7.25,8,7.25,1.9810014688665833,218.056,7.633619345489231,2.032562090031529,Mountain,0.0,0.0,0.0,False,False,False,False,,0,0,,,0,0,
16,2011,1,2011q1,Idaho -- Statewide,40030.333333333336,10.597392779039966,240,Idaho,ID,7.25,7.25,7.25,7.25,7.25,7.25,9,7.25,1.9810014688665833,224.939,7.400035120632705,2.0014847462303083,Mountain,0.0,0.0,0.0,False,False,False,False,,0,0,,,0,0,
16,2011,2,2011q2,Idaho -- Statewide,42597.333333333336,10.65954693248906,246,Idaho,ID,7.25,7.25,7.25,7.25,7.25,7.25,10,7.25,1.9810014688665833,224.939,7.400035120632705,2.0014847462303083,Mountain,0.0,0.0,0.0,False,False,False,False,,0,0,,,0,0,
16,2011,3,2011q3,Idaho -- Statewide,44475.0,10.702682512534036,257,Idaho,ID,7.25,7.25,7.25,7.25,7.25,7.25,11,7.25,1.9810014688665833,224.939,7.400035120632705,2.0014847462303083,Mountain,0.0,0.0,0.0,False,False,False,False,,0,0,,,0,0,
16,2011,4,2011q4,Idaho -- Statewide,42258.0,10.651548963973465,246,Idaho,ID,7.25,7.25,7.25,7.25,7.25,7.25,12,7.25,1.9810014688665833,224.939,7.400035120632705,2.0014847462303083,Mountain,0.0,0.0,0.0,False,False,False,False,,0,0,,,0,0,
16,2012,1,2012q1,Idaho -- Statewide,41218.666666666664,10.626646507164045,250,Idaho,ID,7.25,7.25,7.25,7.25,7.25,7.25,13,7.25,1.9810014688665833,229.594,7.25,1.9810014688665833,Mountain,0.0,0.0,0.0,False,False,False,False,,0,0,,,0,0,
16,2012,2,2012q2,Idaho -- Statewide,43230.666666666664,10.674305398932237,247,Idaho,ID,7.25,7.25,7.25,7.25,7.25,7.25,14,7.25,1.9810014688665833,229.594,7.25,1.9810014688665833,Mountain,0.0,0.0,0.0,False,False,False,False,,0,0,,,0,0,
16,2012,3,2012q3,Idaho -- Statewide,44909.333333333336,10.712400921467781,261,Idaho,ID,7.25,7.25,7.25,7.25,7.25,7.25,15,7.25,1.9810014688665833,229.594,7.25,1.9810014688665833,Mountain,0.0,0.0,0.0,False,False,False,False,,0,0,,,0,0,
16,2012,4,2012q4,Idaho -- Statewide,43257.666666666664,10.674929760619795,255,Idaho,ID,7.25,7.25,7.25,7.25,7.25,7.25,16,7.25,1.9810014688665833,229.594,7.25,1.9810014688665833,Mountain,0.0,0.0,0.0,False,False,False,False,,0,0,,,0,0,
16,2013,1,2013q1,Idaho -- Statewide,42639.333333333336,10.660532423945769,250,Idaho,ID,7.25,7.25,7.25,7.25,7.25,7.25,17,7.25,1.9810014688665833,232.957,7.14533798082908,1.966460113388207,Mountain,0.0,0.0,0.0,False,False,False,False,,0,0,,,0,0,
16,2013,2,2013q2,Idaho -- Statewide,45447.333333333336,10.724309425350404,251,Idaho,ID,7.25,7.25,7.25,7.25,7.25,7.25,18,7.25,1.9810014688665833,232.957,7.14533798082908,1.966460113388207,Mountain,0.0,0.0,0.0,False,False,False,False,,0,0,,,0,0,
16,2013,3,2013q3,Idaho -- Statewide,46694.666666666664,10.751385232995299,266,Idaho,ID,7.25,7.25,7.25,7.25,7.25,7.25,19,7.25,1.9810014688665833,232.957,7.14533798082908,1.966460113388207,Mountain,0.0,0.0,0.0,False,False,False,False,,0,0,,,0,0,
16,2013,4,2013q4,Idaho -- Statewide,45431.0,10.72394997039761,256,Idaho,ID,7.25,7.25,7.25,7.25,7.25,7.25,20,7.25,1.9810014688665833,232.957,7.14533798082908,1.966460113388207,Mountain,0.0,0.0,0.0,False,False,False,False,,0,0,,,0,0,
16,2014,1,2014q1,Idaho -- Statewide,44914.0,10.712504829138487,255,Idaho,ID,7.25,7.25,7.25,7.25,7.25,7.25,21,7.25,1.9810014688665833,236.736,7.031277456745066,1.9503684043563676,Mountain,0.0,0.0,0.0,False,False,False,False,,0,0,,,0,0,
16,2014,2,2014q2,Idaho -- Statewide,47547.0,10.769473974500535,254,Idaho,ID,7.25,7.25,7.25,7.25,7.25,7.25,22,7.25,1.9810014688665833,236.736,7.031277456745066,1.9503684043563676,Mountain,0.0,0.0,0.0,False,False,False,False,,0,0,,,0,0,
16,2014,3,2014q3,Idaho -- Statewide,48766.666666666664,10.794802298340105,274,Idaho,ID,7.25,7.25,7.25,7.25,7.25,7.25,23,7.25,1.9810014688665833,236.736,7.031277456745066,1.9503684043563676,Mountain,0.0,0.0,0.0,False,False,False,False,,0,0,,,0,0,
16,2014,4,2014q4,Idaho -- Statewide,47038.0,10.758711064661833,268,Idaho,ID,7.25,7.25,7.25,7.25,7.25,7.25,24,7.25,1.9810014688665833,236.736,7.031277456745066,1.9503684043563676,Mountain,0.0,0.0,0.0,False,False,False,False,,0,0,,,0,0,
16,2015,1,2015q1,Idaho -- Statewide,47060.333333333336,10.759185745412523,263,Idaho,ID,7.25,7.25,7.25,7.25,7.25,7.25,25,7.25,1.9810014688665833,237.017,7.022941392389575,1.9491821320458897,Mountain,0.0,0.0,0.0,False,False,False,False,,0,0,,,0,0,
16,2015,2,2015q2,Idaho -- Statewide,49403.666666666664,10.80777992444314,266,Idaho,ID,7.25,7.25,7.25,7.25,7.25,7.25,26,7.25,1.9810014688665833,237.017,7.022941392389575,1.9491821320458897,Mountain,0.0,0.0,0.0,False,False,False,False,,0,0,,,0,0,
16,2015,3,2015q3,Idaho -- Statewide,51309.333333333336,10.845627950932743,282,Idaho,ID,7.25,7.25,7.25,7.25,7.25,7.25,27,7.25,1.9810014688665833,237.017,7.022941392389575,1.9491821320458897,Mountain,0.0,0.0,0.0,False,False,False,False,,0,0,,,0,0,
16,2015,4,2015q4,Idaho -- Statewide,49740.0,10.814564717357396,279,Idaho,ID,7.25,7.25,7.25,7.25,7.25,7.25,28,7.25,1.9810014688665833,237.017,7.022941392389575,1.9491821320458897,Mountain,0.0,0.0,0.0,False,False,False,False,,0,0,,,0,0,
16,2016,1,2016q1,Idaho -- Statewide,49753.0,10.814826042276215,267,Idaho,ID,7.25,7.25,7.25,7.25,7.25,7.25,29,7.25,1.9810014688665833,240.007,6.935449799380851,1.9366459109830372,Mountain,0.0,0.0,0.0,False,False,False,False,,0,0,,,0,0,
16,2016,2,2016q2,Idaho -- Statewide,52574.333333333336,10.869983320192517,275,Idaho,ID,7.25,7.25,7.25,7.25,7.25,7.25,30,7.25,1.9810014688665833,240.007,6.935449799380851,1.9366459109830372,Mountain,0.0,0.0,0.0,False,False,False,False,,0,0,,,0,0,
16,2016,3,2016q3,Idaho -- Statewide,54414.0,10.904376752675622,295,Idaho,ID,7.25,7.25,7.25,7.25,7.25,7.25,31,7.25,1.9810014688665833,240.007,6.935449799380851,1.9366459109830372,Mountain,0.0,0.0,0.0,False,False,False,False,,0,0,,,0,0,
16,2016,4,2016q4,Idaho -- Statewide,52752.666666666664,10.873369602983148,288,Idaho,ID,7.25,7.25,7.25,7.25,7.25,7.25,32,7.25,1.9810014688665833,240.007,6.935449799380851,1.9366459109830372,Mountain,0.0,0.0,0.0,False,False,False,False,,0,0,,,0,0,
16,2017,1,2017q1,Idaho -- Statewide,52063.666666666664,10.860222607621706,280,Idaho,ID,7.25,7.25,7.25,7.25,7.25,7.25,33,7.25,1.9810014688665833,245.12,6.7907820659268925,1.9155661140141298,Mountain,0.0,0.0,0.0,False,False,False,False,,0,0,,,0,0,
16,2017,2,2017q2,Idaho -- Statewide,55061.666666666664,10.916209048246946,290,Idaho,ID,7.25,7.25,7.25,7.25,7.25,7.25,34,7.25,1.9810014688665833,245.12,6.7907820659268925,1.9155661140141298,Mountain,0.0,0.0,0.0,False,False,False,False,,0,0,,,0,0,
16,2017,3,2017q3,Idaho -- Statewide,56297.333333333336,10.938402447701096,301,Idaho,ID,7.25,7.25,7.25,7.25,7.25,7.25,35,7.25,1.9810014688665833,245.12,6.7907820659268925,1.9155661140141298,Mountain,0.0,0.0,0.0,False,False,False,False,,0,0,,,0,0,
16,2017,4,2017q4,Idaho -- Statewide,54709.333333333336,10.909789601520885,298,Idaho,ID,7.25,7.25,7.25,7.25,7.25,7.25,36,7.25,1.9810014688665833,245.12,6.7907820659268925,1.9155661140141298,Mountain,0.0,0.0,0.0,False,False,False,False,,0,0,,,0,0,
16,2018,1,2018q1,Idaho -- Statewide,54702.0,10.909655550812957,289,Idaho,ID,7.25,7.25,7.25,7.25,7.25,7.25,37,7.25,1.9810014688665833,251.107,6.628873348811463,1.8914348574516775,Mountain,0.0,0.0,0.0,False,False,False,False,,0,0,,,0,0,
16,2018,2,2018q2,Idaho -- Statewide,57052.666666666664,10.95173009682125,299,Idaho,ID,7.25,7.25,7.25,7.25,7.25,7.25,38,7.25,1.9810014688665833,251.107,6.628873348811463,1.8914348574516775,Mountain,0.0,0.0,0.0,False,False,False,False,,0,0,,,0,0,
16,2018,3,2018q3,Idaho -- Statewide,58360.333333333336,10.974391714295074,313,Idaho,ID,7.25,7.25,7.25,7.25,7.25,7.25,39,7.25,1.9810014688665833,251.107,6.628873348811463,1.8914348574516775,Mountain,0.0,0.0,0.0,False,False,False,False,,0,0,,,0,0,
16,2018,4,2018q4,Idaho -- Statewide,57023.0,10.951209974200845,310,Idaho,ID,7.25,7.25,7.25,7.25,7.25,7.25,40,7.25,1.9810014688665833,251.107,6.628873348811463,1.8914348574516775,Mountain,0.0,0.0,0.0,False,False,False,False,,0,0,,,0,0,
16,2019,1,2019q1,Idaho -- Statewide,57016.666666666664,10.951098901737641,298,Idaho,ID,7.25,7.25,7.25,7.25,7.25,7.25,41,7.25,1.9810014688665833,255.657,6.510897413331143,1.8734772982299916,Mountain,0.0,0.0,0.0,False,False,False,False,,0,0,,,0,0,
16,2019,2,2019q2,Idaho -- Statewide,59513.0,10.993950055063785,310,Idaho,ID,7.25,7.25,7.25,7.25,7.25,7.25,42,7.25,1.9810014688665833,255.657,6.510897413331143,1.8734772982299916,Mountain,0.0,0.0,0.0,False,False,False,False,,0,0,,,0,0,
16,2019,3,2019q3,Idaho -- Statewide,61187.0,11.0216900276358,320,Idaho,ID,7.25,7.25,7.25,7.25,7.25,7.25,43,7.25,1.9810014688665833,255.657,6.510897413331143,1.8734772982299916,Mountain,0.0,0.0,0.0,False,False,False,False,,0,0,,,0,0,
16,2019,4,2019q4,Idaho -- Statewide,59404.666666666664,10.99212806567669,320,Idaho,ID,7.25,7.25,7.25,7.25,7.25,7.25,44,7.25,1.9810014688665833,255.657,6.510897413331143,1.8734772982299916,Mountain,0.0,0.0,0.0,False,False,False,False,,0,0,,,0,0,
17,2009,1,2009q1,Illinois -- Statewide,380597.3333333333,12.849497227338645,289,Illinois,IL,6.55,7.75,6.550000000000002,7.75,6.55,7.75,1,7.75,2.0476928433652555,214.537,8.293923658856048,2.115523157399872,East North Central,,,,True,False,False,False,,0,0,,,0,0,
17,2009,2,2009q2,Illinois -- Statewide,398607.6666666667,12.895732920561477,293,Illinois,IL,6.55,7.75,6.550000000000001,7.75,6.55,7.75,2,7.75,2.0476928433652555,214.537,8.293923658856048,2.115523157399872,East North Central,0.0,0.0,0.0,True,False,False,False,,0,0,,,0,0,
17,2009,3,2009q3,Illinois -- Statewide,398243.0,12.894817650718887,303,Illinois,IL,6.55,8.0,7.075,8.0,7.25,8.0,3,8.0,2.0794415416798357,214.537,8.561469583335276,2.147271855714452,East North Central,0.25,0.25,0.03174869831458027,True,False,False,False,,0,0,,,0,0,
17,2009,4,2009q4,Illinois -- Statewide,388607.3333333333,12.870324686908853,318,Illinois,IL,7.25,8.0,7.25,8.0,7.25,8.0,4,8.0,2.0794415416798357,214.537,8.561469583335276,2.147271855714452,East North Central,0.0,0.0,0.0,True,False,False,False,,0,0,,,0,0,
17,2010,1,2010q1,Illinois -- Statewide,377212.3333333333,12.840563526273003,293,Illinois,IL,7.25,8.0,7.25,8.0,7.25,8.0,5,8.0,2.0794415416798357,218.056,8.423304105367428,2.1310021628447813,East North Central,0.0,0.0,0.0,True,False,False,False,,0,0,,,0,0,
17,2010,2,2010q2,Illinois -- Statewide,396478.0,12.890375833019554,304,Illinois,IL,7.25,8.0,7.25,8.0,7.25,8.0,6,8.0,2.0794415416798357,218.056,8.423304105367428,2.1310021628447813,East North Central,0.0,0.0,0.0,True,False,False,False,,0,0,,,0,0,
17,2010,3,2010q3,Illinois -- Statewide,398566.6666666667,12.895630057239561,315,Illinois,IL,7.25,8.25,7.25,8.25,7.25,8.25,7,8.25,2.1102132003465894,218.056,8.68653235866016,2.161773821511535,East North Central,0.25,0.25,0.030771658666753687,True,False,False,False,,0,0,,,0,0,
17,2010,4,2010q4,Illinois -- Statewide,393138.0,12.881915974252577,329,Illinois,IL,7.25,8.25,7.25,8.25,7.25,8.25,8,8.25,2.1102132003465894,218.056,8.68653235866016,2.161773821511535,East North Central,0.0,0.0,0.0,True,False,False,False,,0,0,,,0,0,
17,2011,1,2011q1,Illinois -- Statewide,382782.0,12.855220915511797,303,Illinois,IL,7.25,8.25,7.25,8.25,7.25,8.25,9,8.25,2.1102132003465894,224.939,8.42072962003032,2.130696477710315,East North Central,0.0,0.0,0.0,True,False,False,False,,0,0,,,0,0,
17,2011,2,2011q2,Illinois -- Statewide,403500.3333333333,12.907932592796715,312,Illinois,IL,7.25,8.25,7.25,8.25,7.25,8.25,10,8.25,2.1102132003465894,224.939,8.42072962003032,2.130696477710315,East North Central,0.0,0.0,0.0,True,False,False,False,,0,0,,,0,0,
17,2011,3,2011q3,Illinois -- Statewide,406226.3333333333,12.914665754518857,327,Illinois,IL,7.25,8.25,7.25,8.25,7.25,8.25,11,8.25,2.1102132003465894,224.939,8.42072962003032,2.130696477710315,East North Central,0.0,0.0,0.0,True,False,False,False,,0,0,,,0,0,
17,2011,4,2011q4,Illinois -- Statewide,400066.3333333333,12.899385645674625,327,Illinois,IL,7.25,8.25,7.25,8.25,7.25,8.25,12,8.25,2.1102132003465894,224.939,8.42072962003032,2.130696477710315,East North Central,0.0,0.0,0.0,True,False,False,False,,0,0,,,0,0,
17,2012,1,2012q1,Illinois -- Statewide,392560.0,12.880444670763785,319,Illinois,IL,7.25,8.25,7.25,8.25,7.25,8.25,13,8.25,2.1102132003465894,229.594,8.25,2.1102132003465894,East North Central,0.0,0.0,0.0,True,False,False,False,,0,0,,,0,0,
17,2012,2,2012q2,Illinois -- Statewide,412898.6666666667,12.930957482677073,321,Illinois,IL,7.25,8.25,7.25,8.25,7.25,8.25,14,8.25,2.1102132003465894,229.594,8.25,2.1102132003465894,East North Central,0.0,0.0,0.0,True,False,False,False,,0,0,,,0,0,
17,2012,3,2012q3,Illinois -- Statewide,417338.0,12.941651724020177,324,Illinois,IL,7.25,8.25,7.25,8.25,7.25,8.25,15,8.25,2.1102132003465894,229.594,8.25,2.1102132003465894,East North Central,0.0,0.0,0.0,True,False,False,False,,0,0,,,0,0,
17,2012,4,2012q4,Illinois -- Statewide,409946.3333333333,12.92378153580414,338,Illinois,IL,7.25,8.25,7.25,8.25,7.25,8.25,16,8.25,2.1102132003465894,229.594,8.25,2.1102132003465894,East North Central,0.0,0.0,0.0,True,False,False,False,,0,0,,,0,0,
17,2013,1,2013q1,Illinois -- Statewide,402456.6666666667,12.905342709589465,319,Illinois,IL,7.25,8.25,7.25,8.25,7.25,8.25,17,8.25,2.1102132003465894,232.957,8.130901840253781,2.095671844868213,East North Central,0.0,0.0,0.0,True,False,False,False,,0,0,,,0,0,
17,2013,2,2013q2,Illinois -- Statewide,422054.3333333333,12.952889336705049,325,Illinois,IL,7.25,8.25,7.25,8.25,7.25,8.25,18,8.25,2.1102132003465894,232.957,8.130901840253781,2.095671844868213,East North Central,0.0,0.0,0.0,True,False,False,False,,0,0,,,0,0,
17,2013,3,2013q3,Illinois -- Statewide,427455.3333333333,12.965605078469379,329,Illinois,IL,7.25,8.25,7.25,8.25,7.25,8.25,19,8.25,2.1102132003465894,232.957,8.130901840253781,2.095671844868213,East North Central,0.0,0.0,0.0,True,False,False,False,,0,0,,,0,0,
17,2013,4,2013q4,Illinois -- Statewide,417797.6666666667,12.942752543279688,343,Illinois,IL,7.25,8.25,7.25,8.25,7.25,8.25,20,8.25,2.1102132003465894,232.957,8.130901840253781,2.095671844868213,East North Central,0.0,0.0,0.0,True,False,False,False,,0,0,,,0,0,
17,2014,1,2014q1,Illinois -- Statewide,410243.0,12.92450494604016,317,Illinois,IL,7.25,8.25,7.25,8.25,7.25,8.25,21,8.25,2.1102132003465894,236.736,8.001108830089214,2.0795801358363737,East North Central,0.0,0.0,0.0,True,False,False,False,,0,0,,,0,0,
17,2014,2,2014q2,Illinois -- Statewide,432619.6666666667,12.977614253018066,330,Illinois,IL,7.25,8.25,7.25,8.25,7.25,8.25,22,8.25,2.1102132003465894,236.736,8.001108830089214,2.0795801358363737,East North Central,0.0,0.0,0.0,True,False,False,False,,0,0,,,0,0,
17,2014,3,2014q3,Illinois -- Statewide,433131.3333333333,12.978796271234021,336,Illinois,IL,7.25,8.25,7.25,8.25,7.25,8.25,23,8.25,2.1102132003465894,236.736,8.001108830089214,2.0795801358363737,East North Central,0.0,0.0,0.0,True,False,False,False,,0,0,,,0,0,
17,2014,4,2014q4,Illinois -- Statewide,428299.3333333333,12.967577607060885,351,Illinois,IL,7.25,8.25,7.25,8.25,7.25,8.25,24,8.25,2.1102132003465894,236.736,8.001108830089214,2.0795801358363737,East North Central,0.0,0.0,0.0,True,False,False,False,,0,0,,,0,0,
17,2015,1,2015q1,Illinois -- Statewide,421221.6666666667,12.950914498248167,327,Illinois,IL,7.25,8.25,7.25,8.25,7.25,8.25,25,8.25,2.1102132003465894,237.017,7.991622963753655,2.078393863525896,East North Central,0.0,0.0,0.0,True,False,False,False,,0,0,,,0,0,
17,2015,2,2015q2,Illinois -- Statewide,447152.6666666667,13.010655351452545,341,Illinois,IL,7.25,8.25,7.25,8.25,7.25,8.25,26,8.25,2.1102132003465894,237.017,7.991622963753655,2.078393863525896,East North Central,0.0,0.0,0.0,True,False,False,False,,0,0,,,0,0,
17,2015,3,2015q3,Illinois -- Statewide,449991.0,13.0169828615465,350,Illinois,IL,7.25,8.25,7.25,8.25,7.25,8.25,27,8.25,2.1102132003465894,237.017,7.991622963753655,2.078393863525896,East North Central,0.0,0.0,0.0,True,False,False,False,,0,0,,,0,0,
17,2015,4,2015q4,Illinois -- Statewide,448693.3333333333,13.01409493411653,371,Illinois,IL,7.25,8.25,7.25,8.25,7.25,8.25,28,8.25,2.1102132003465894,237.017,7.991622963753655,2.078393863525896,East North Central,0.0,0.0,0.0,True,False,False,False,,0,0,,,0,0,
17,2016,1,2016q1,Illinois -- Statewide,441990.3333333333,12.9990432905341,336,Illinois,IL,7.25,8.25,7.25,8.25,7.25,8.25,29,8.25,2.1102132003465894,240.007,7.892063564812693,2.0658576424630435,East North Central,0.0,0.0,0.0,True,False,False,False,,0,0,,,0,0,
17,2016,2,2016q2,Illinois -- Statewide,461556.0,13.042358669008811,354,Illinois,IL,7.25,8.25,7.25,8.25,7.25,8.25,30,8.25,2.1102132003465894,240.007,7.892063564812693,2.0658576424630435,East North Central,0.0,0.0,0.0,True,False,False,False,,0,0,,,0,0,
17,2016,3,2016q3,Illinois -- Statewide,463107.3333333333,13.045714127656213,370,Illinois,IL,7.25,8.25,7.25,8.25,7.25,8.25,31,8.25,2.1102132003465894,240.007,7.892063564812693,2.0658576424630435,East North Central,0.0,0.0,0.0,True,False,False,False,,0,0,,,0,0,
17,2016,4,2016q4,Illinois -- Statewide,457650.6666666667,13.033861435529152,374,Illinois,IL,7.25,8.25,7.25,8.25,7.25,8.25,32,8.25,2.1102132003465894,240.007,7.892063564812693,2.0658576424630435,East North Central,0.0,0.0,0.0,True,False,False,False,,0,0,,,0,0,
17,2017,1,2017q1,Illinois -- Statewide,452238.6666666667,13.021965343057781,357,Illinois,IL,7.25,8.25,7.25,8.25,7.25,8.25,33,8.25,2.1102132003465894,245.12,7.727441661227154,2.044777845494136,East North Central,0.0,0.0,0.0,True,False,False,False,,0,0,,,0,0,
17,2017,2,2017q2,Illinois -- Statewide,473551.0,13.068014894361447,365,Illinois,IL,7.25,8.25,7.25,8.25,7.25,8.25,34,8.25,2.1102132003465894,245.12,7.727441661227154,2.044777845494136,East North Central,0.0,0.0,0.0,True,False,False,False,,0,0,,,0,0,
17,2017,3,2017q3,Illinois -- Statewide,475632.6666666667,13.072401126609655,369,Illinois,IL,7.25,8.25,7.25,8.25,7.25,8.25,35,8.25,2.1102132003465894,245.12,7.727441661227154,2.044777845494136,East North Central,0.0,0.0,0.0,True,False,False,False,,0,0,,,0,0,
17,2017,4,2017q4,Illinois -- Statewide,466691.6666666667,13.053424075911051,389,Illinois,IL,7.25,8.25,7.25,8.25,7.25,8.25,36,8.25,2.1102132003465894,245.12,7.727441661227154,2.044777845494136,East North Central,0.0,0.0,0.0,True,False,False,False,,0,0,,,0,0,
17,2018,1,2018q1,Illinois -- Statewide,456076.6666666667,13.030416203019456,366,Illinois,IL,7.25,8.25,7.25,8.25,7.25,8.25,37,8.25,2.1102132003465894,251.107,7.543200707268216,2.0206465889316836,East North Central,0.0,0.0,0.0,True,False,False,False,,0,0,,,0,0,
17,2018,2,2018q2,Illinois -- Statewide,477186.3333333333,13.07566232951107,377,Illinois,IL,7.25,8.25,7.25,8.25,7.25,8.25,38,8.25,2.1102132003465894,251.107,7.543200707268216,2.0206465889316836,East North Central,0.0,0.0,0.0,True,False,False,False,,0,0,,,0,0,
17,2018,3,2018q3,Illinois -- Statewide,479725.0,13.080968302037943,387,Illinois,IL,7.25,8.25,7.25,8.25,7.25,8.25,39,8.25,2.1102132003465894,251.107,7.543200707268216,2.0206465889316836,East North Central,0.0,0.0,0.0,True,False,False,False,,0,0,,,0,0,
17,2018,4,2018q4,Illinois -- Statewide,469376.0,13.059159431990944,403,Illinois,IL,7.25,8.25,7.25,8.25,7.25,8.25,40,8.25,2.1102132003465894,251.107,7.543200707268216,2.0206465889316836,East North Central,0.0,0.0,0.0,True,False,False,False,,0,0,,,0,0,
17,2019,1,2019q1,Illinois -- Statewide,458347.6666666667,13.03538327265299,379,Illinois,IL,7.25,8.25,7.25,8.25,7.25,8.25,41,8.25,2.1102132003465894,255.657,7.408952228963024,2.0026890297099977,East North Central,0.0,0.0,0.0,True,False,False,False,,0,0,,,0,0,
17,2019,2,2019q2,Illinois -- Statewide,480600.3333333333,13.082791295861737,395,Illinois,IL,7.25,8.25,7.25,8.25,7.25,8.25,42,8.25,2.1102132003465894,255.657,7.408952228963024,2.0026890297099977,East North Central,0.0,0.0,0.0,True,False,False,False,,0,0,,,0,0,
17,2019,3,2019q3,Illinois -- Statewide,482504.6666666667,13.08674587156242,408,Illinois,IL,7.25,8.25,7.25,8.25,7.25,8.25,43,8.25,2.1102132003465894,255.657,7.408952228963024,2.0026890297099977,East North Central,0.0,0.0,0.0,True,False,False,False,,0,0,,,0,0,
17,2019,4,2019q4,Illinois -- Statewide,474734.6666666667,13.070511330452407,421,Illinois,IL,7.25,8.25,7.25,8.25,7.25,8.25,44,8.25,2.1102132003465894,255.657,7.408952228963024,2.0026890297099977,East North Central,0.0,0.0,0.0,True,False,False,False,,0,0,,,0,0,
18,2009,1,2009q1,Indiana -- Statewide,209019.33333333334,12.250182030655958,230,Indiana,IN,6.55,6.550000190734863,6.550000000000002,6.550000190734863,6.55,6.550000190734863,1,6.550000190734863,1.8794650787669867,214.537,7.009703425477097,1.9472953928016028,East North Central,,,,False,False,False,False,,0,0,,,0,0,
18,2009,2,2009q2,Indiana -- Statewide,217499.0,12.289949531799158,235,Indiana,IN,6.55,6.550000190734863,6.550000000000001,6.550000190734863,6.55,6.550000190734863,2,6.550000190734863,1.8794650787669867,214.537,7.009703425477097,1.9472953928016028,East North Central,0.0,0.0,0.0,False,False,False,False,,0,0,,,0,0,
18,2009,3,2009q3,Indiana -- Statewide,216125.33333333334,12.283613765301734,243,Indiana,IN,6.55,6.550000190734863,7.075,7.074999809265137,7.25,7.25,3,7.075,1.9565674435293015,214.537,7.571549662762134,2.024397757563918,East North Central,0.5249996185302734,0.5249998092651369,0.0771023647623148,False,False,False,False,,0,0,,,0,0,
18,2009,4,2009q4,Indiana -- Statewide,210503.0,12.25725518378449,254,Indiana,IN,7.25,7.25,7.25,7.25,7.25,7.25,4,7.25,1.9810014688665833,214.537,7.758831809897592,2.0488317829011997,East North Central,0.17500019073486328,0.17499999999999982,0.024434025337281895,False,False,False,False,,0,0,,,0,0,
18,2010,1,2010q1,Indiana -- Statewide,204663.66666666666,12.229123260373285,238,Indiana,IN,7.25,7.25,7.25,7.25,7.25,7.25,5,7.25,1.9810014688665833,218.056,7.633619345489231,2.032562090031529,East North Central,0.0,0.0,0.0,False,False,False,False,,0,0,,,0,0,
18,2010,2,2010q2,Indiana -- Statewide,214319.66666666666,12.275223948910574,247,Indiana,IN,7.25,7.25,7.25,7.25,7.25,7.25,6,7.25,1.9810014688665833,218.056,7.633619345489231,2.032562090031529,East North Central,0.0,0.0,0.0,False,False,False,False,,0,0,,,0,0,
18,2010,3,2010q3,Indiana -- Statewide,214738.33333333334,12.277175511634235,254,Indiana,IN,7.25,7.25,7.25,7.25,7.25,7.25,7,7.25,1.9810014688665833,218.056,7.633619345489231,2.032562090031529,East North Central,0.0,0.0,0.0,False,False,False,False,,0,0,,,0,0,
18,2010,4,2010q4,Indiana -- Statewide,212704.0,12.267656806841309,260,Indiana,IN,7.25,7.25,7.25,7.25,7.25,7.25,8,7.25,1.9810014688665833,218.056,7.633619345489231,2.032562090031529,East North Central,0.0,0.0,0.0,False,False,False,False,,0,0,,,0,0,
18,2011,1,2011q1,Indiana -- Statewide,207545.33333333334,12.243105068686527,243,Indiana,IN,7.25,7.25,7.25,7.25,7.25,7.25,9,7.25,1.9810014688665833,224.939,7.400035120632705,2.0014847462303083,East North Central,0.0,0.0,0.0,False,False,False,False,,0,0,,,0,0,
18,2011,2,2011q2,Indiana -- Statewide,218689.66666666666,12.29540895665361,250,Indiana,IN,7.25,7.25,7.25,7.25,7.25,7.25,10,7.25,1.9810014688665833,224.939,7.400035120632705,2.0014847462303083,East North Central,0.0,0.0,0.0,False,False,False,False,,0,0,,,0,0,
18,2011,3,2011q3,Indiana -- Statewide,219243.0,12.297935982700807,261,Indiana,IN,7.25,7.25,7.25,7.25,7.25,7.25,11,7.25,1.9810014688665833,224.939,7.400035120632705,2.0014847462303083,East North Central,0.0,0.0,0.0,False,False,False,False,,0,0,,,0,0,
18,2011,4,2011q4,Indiana -- Statewide,217077.33333333334,12.288008943844165,259,Indiana,IN,7.25,7.25,7.25,7.25,7.25,7.25,12,7.25,1.9810014688665833,224.939,7.400035120632705,2.0014847462303083,East North Central,0.0,0.0,0.0,False,False,False,False,,0,0,,,0,0,
18,2012,1,2012q1,Indiana -- Statewide,214621.33333333334,12.276630513992496,258,Indiana,IN,7.25,7.25,7.25,7.25,7.25,7.25,13,7.25,1.9810014688665833,229.594,7.25,1.9810014688665833,East North Central,0.0,0.0,0.0,False,False,False,False,,0,0,,,0,0,
18,2012,2,2012q2,Indiana -- Statewide,225224.33333333334,12.3248522215123,255,Indiana,IN,7.25,7.25,7.25,7.25,7.25,7.25,14,7.25,1.9810014688665833,229.594,7.25,1.9810014688665833,East North Central,0.0,0.0,0.0,False,False,False,False,,0,0,,,0,0,
18,2012,3,2012q3,Indiana -- Statewide,226292.0,12.329581479693177,261,Indiana,IN,7.25,7.25,7.25,7.25,7.25,7.25,15,7.25,1.9810014688665833,229.594,7.25,1.9810014688665833,East North Central,0.0,0.0,0.0,False,False,False,False,,0,0,,,0,0,
18,2012,4,2012q4,Indiana -- Statewide,223871.66666666666,12.318828249991046,267,Indiana,IN,7.25,7.25,7.25,7.25,7.25,7.25,16,7.25,1.9810014688665833,229.594,7.25,1.9810014688665833,East North Central,0.0,0.0,0.0,False,False,False,False,,0,0,,,0,0,
18,2013,1,2013q1,Indiana -- Statewide,219848.33333333334,12.300693193653832,254,Indiana,IN,7.25,7.25,7.25,7.25,7.25,7.25,17,7.25,1.9810014688665833,232.957,7.14533798082908,1.966460113388207,East North Central,0.0,0.0,0.0,False,False,False,False,,0,0,,,0,0,
18,2013,2,2013q2,Indiana -- Statewide,230772.0,12.349185489098847,259,Indiana,IN,7.25,7.25,7.25,7.25,7.25,7.25,18,7.25,1.9810014688665833,232.957,7.14533798082908,1.966460113388207,East North Central,0.0,0.0,0.0,False,False,False,False,,0,0,,,0,0,
18,2013,3,2013q3,Indiana -- Statewide,230729.33333333334,12.349000585334952,263,Indiana,IN,7.25,7.25,7.25,7.25,7.25,7.25,19,7.25,1.9810014688665833,232.957,7.14533798082908,1.966460113388207,East North Central,0.0,0.0,0.0,False,False,False,False,,0,0,,,0,0,
18,2013,4,2013q4,Indiana -- Statewide,228207.0,12.338008390786275,268,Indiana,IN,7.25,7.25,7.25,7.25,7.25,7.25,20,7.25,1.9810014688665833,232.957,7.14533798082908,1.966460113388207,East North Central,0.0,0.0,0.0,False,False,False,False,,0,0,,,0,0,
18,2014,1,2014q1,Indiana -- Statewide,221675.66666666666,12.308970631649423,254,Indiana,IN,7.25,7.25,7.25,7.25,7.25,7.25,21,7.25,1.9810014688665833,236.736,7.031277456745066,1.9503684043563676,East North Central,0.0,0.0,0.0,False,False,False,False,,0,0,,,0,0,
18,2014,2,2014q2,Indiana -- Statewide,234933.66666666666,12.367058483777216,263,Indiana,IN,7.25,7.25,7.25,7.25,7.25,7.25,22,7.25,1.9810014688665833,236.736,7.031277456745066,1.9503684043563676,East North Central,0.0,0.0,0.0,False,False,False,False,,0,0,,,0,0,
18,2014,3,2014q3,Indiana -- Statewide,235603.0,12.369903464125018,268,Indiana,IN,7.25,7.25,7.25,7.25,7.25,7.25,23,7.25,1.9810014688665833,236.736,7.031277456745066,1.9503684043563676,East North Central,0.0,0.0,0.0,False,False,False,False,,0,0,,,0,0,
18,2014,4,2014q4,Indiana -- Statewide,233447.0,12.360710349599014,277,Indiana,IN,7.25,7.25,7.25,7.25,7.25,7.25,24,7.25,1.9810014688665833,236.736,7.031277456745066,1.9503684043563676,East North Central,0.0,0.0,0.0,False,False,False,False,,0,0,,,0,0,
18,2015,1,2015q1,Indiana -- Statewide,230087.33333333334,12.346214225978606,264,Indiana,IN,7.25,7.25,7.25,7.25,7.25,7.25,25,7.25,1.9810014688665833,237.017,7.022941392389575,1.9491821320458897,East North Central,0.0,0.0,0.0,False,False,False,False,,0,0,,,0,0,
18,2015,2,2015q2,Indiana -- Statewide,241356.66666666666,12.394031063108915,274,Indiana,IN,7.25,7.25,7.25,7.25,7.25,7.25,26,7.25,1.9810014688665833,237.017,7.022941392389575,1.9491821320458897,East North Central,0.0,0.0,0.0,False,False,False,False,,0,0,,,0,0,
18,2015,3,2015q3,Indiana -- Statewide,241617.66666666666,12.395111865989705,281,Indiana,IN,7.25,7.25,7.25,7.25,7.25,7.25,27,7.25,1.9810014688665833,237.017,7.022941392389575,1.9491821320458897,East North Central,0.0,0.0,0.0,False,False,False,False,,0,0,,,0,0,
18,2015,4,2015q4,Indiana -- Statewide,240034.66666666666,12.38853863633748,294,Indiana,IN,7.25,7.25,7.25,7.25,7.25,7.25,28,7.25,1.9810014688665833,237.017,7.022941392389575,1.9491821320458897,East North Central,0.0,0.0,0.0,False,False,False,False,,0,0,,,0,0,
18,2016,1,2016q1,Indiana -- Statewide,236369.33333333334,12.37315083246698,272,Indiana,IN,7.25,7.25,7.25,7.25,7.25,7.25,29,7.25,1.9810014688665833,240.007,6.935449799380851,1.9366459109830372,East North Central,0.0,0.0,0.0,False,False,False,False,,0,0,,,0,0,
18,2016,2,2016q2,Indiana -- Statewide,246990.66666666666,12.417105828121548,282,Indiana,IN,7.25,7.25,7.25,7.25,7.25,7.25,30,7.25,1.9810014688665833,240.007,6.935449799380851,1.9366459109830372,East North Central,0.0,0.0,0.0,False,False,False,False,,0,0,,,0,0,
18,2016,3,2016q3,Indiana -- Statewide,246105.0,12.413513553117092,294,Indiana,IN,7.25,7.25,7.25,7.25,7.25,7.25,31,7.25,1.9810014688665833,240.007,6.935449799380851,1.9366459109830372,East North Central,0.0,0.0,0.0,False,False,False,False,,0,0,,,0,0,
18,2016,4,2016q4,Indiana -- Statewide,242042.66666666666,12.396869298138244,297,Indiana,IN,7.25,7.25,7.25,7.25,7.25,7.25,32,7.25,1.9810014688665833,240.007,6.935449799380851,1.9366459109830372,East North Central,0.0,0.0,0.0,False,False,False,False,,0,0,,,0,0,
18,2017,1,2017q1,Indiana -- Statewide,238596.66666666666,12.382529818165578,289,Indiana,IN,7.25,7.25,7.25,7.25,7.25,7.25,33,7.25,1.9810014688665833,245.12,6.7907820659268925,1.9155661140141298,East North Central,0.0,0.0,0.0,False,False,False,False,,0,0,,,0,0,
18,2017,2,2017q2,Indiana -- Statewide,247243.66666666666,12.41812963405746,296,Indiana,IN,7.25,7.25,7.25,7.25,7.25,7.25,34,7.25,1.9810014688665833,245.12,6.7907820659268925,1.9155661140141298,East North Central,0.0,0.0,0.0,False,False,False,False,,0,0,,,0,0,
18,2017,3,2017q3,Indiana -- Statewide,245984.33333333334,12.413023127249627,298,Indiana,IN,7.25,7.25,7.25,7.25,7.25,7.25,35,7.25,1.9810014688665833,245.12,6.7907820659268925,1.9155661140141298,East North Central,0.0,0.0,0.0,False,False,False,False,,0,0,,,0,0,
18,2017,4,2017q4,Indiana -- Statewide,243681.33333333334,12.403616639770837,308,Indiana,IN,7.25,7.25,7.25,7.25,7.25,7.25,36,7.25,1.9810014688665833,245.12,6.7907820659268925,1.9155661140141298,East North Central,0.0,0.0,0.0,False,False,False,False,,0,0,,,0,0,
18,2018,1,2018q1,Indiana -- Statewide,239823.66666666666,12.387659210061257,298,Indiana,IN,7.25,7.25,7.25,7.25,7.25,7.25,37,7.25,1.9810014688665833,251.107,6.628873348811463,1.8914348574516775,East North Central,0.0,0.0,0.0,False,False,False,False,,0,0,,,0,0,
18,2018,2,2018q2,Indiana -- Statewide,248067.33333333334,12.421455493672548,308,Indiana,IN,7.25,7.25,7.25,7.25,7.25,7.25,38,7.25,1.9810014688665833,251.107,6.628873348811463,1.8914348574516775,East North Central,0.0,0.0,0.0,False,False,False,False,,0,0,,,0,0,
18,2018,3,2018q3,Indiana -- Statewide,247724.0,12.42007050218467,311,Indiana,IN,7.25,7.25,7.25,7.25,7.25,7.25,39,7.25,1.9810014688665833,251.107,6.628873348811463,1.8914348574516775,East North Central,0.0,0.0,0.0,False,False,False,False,,0,0,,,0,0,
18,2018,4,2018q4,Indiana -- Statewide,244165.66666666666,12.405602235633722,323,Indiana,IN,7.25,7.25,7.25,7.25,7.25,7.25,40,7.25,1.9810014688665833,251.107,6.628873348811463,1.8914348574516775,East North Central,0.0,0.0,0.0,False,False,False,False,,0,0,,,0,0,
18,2019,1,2019q1,Indiana -- Statewide,244496.33333333334,12.40695559119293,302,Indiana,IN,7.25,7.25,7.25,7.25,7.25,7.25,41,7.25,1.9810014688665833,255.657,6.510897413331143,1.8734772982299916,East North Central,0.0,0.0,0.0,False,False,False,False,,0,0,,,0,0,
18,2019,2,2019q2,Indiana -- Statewide,250430.0,12.430934719338348,320,Indiana,IN,7.25,7.25,7.25,7.25,7.25,7.25,42,7.25,1.9810014688665833,255.657,6.510897413331143,1.8734772982299916,East North Central,0.0,0.0,0.0,False,False,False,False,,0,0,,,0,0,
18,2019,3,2019q3,Indiana -- Statewide,248697.66666666666,12.423993247627125,323,Indiana,IN,7.25,7.25,7.25,7.25,7.25,7.25,43,7.25,1.9810014688665833,255.657,6.510897413331143,1.8734772982299916,East North Central,0.0,0.0,0.0,False,False,False,False,,0,0,,,0,0,
18,2019,4,2019q4,Indiana -- Statewide,245427.0,12.41075482965658,334,Indiana,IN,7.25,7.25,7.25,7.25,7.25,7.25,44,7.25,1.9810014688665833,255.657,6.510897413331143,1.8734772982299916,East North Central,0.0,0.0,0.0,False,False,False,False,,0,0,,,0,0,
19,2009,1,2009q1,Iowa -- Statewide,92348.0,11.433319328652216,209,Iowa,IA,6.55,7.25,6.550000000000002,7.25,6.55,7.25,1,7.25,1.9810014688665833,214.537,7.758831809897592,2.0488317829011997,West North Central,,,,True,False,False,False,,0,0,,,0,0,
19,2009,2,2009q2,Iowa -- Statewide,97336.33333333333,11.485927614025131,214,Iowa,IA,6.55,7.25,6.550000000000001,7.25,6.55,7.25,2,7.25,1.9810014688665833,214.537,7.758831809897592,2.0488317829011997,West North Central,0.0,0.0,0.0,True,False,False,False,,0,0,,,0,0,
19,2009,3,2009q3,Iowa -- Statewide,97394.33333333333,11.486523308608916,219,Iowa,IA,6.55,7.25,7.075,7.25,7.25,7.25,3,7.25,1.9810014688665833,214.537,7.758831809897592,2.0488317829011997,West North Central,0.0,0.0,0.0,True,False,False,False,,0,0,,,0,0,
19,2009,4,2009q4,Iowa -- Statewide,93766.66666666667,11.448564705809838,223,Iowa,IA,7.25,7.25,7.25,7.25,7.25,7.25,4,7.25,1.9810014688665833,214.537,7.758831809897592,2.0488317829011997,West North Central,0.0,0.0,0.0,False,False,False,False,,0,0,,,0,0,
19,2010,1,2010q1,Iowa -- Statewide,90014.0,11.407720492770446,213,Iowa,IA,7.25,7.25,7.25,7.25,7.25,7.25,5,7.25,1.9810014688665833,218.056,7.633619345489231,2.032562090031529,West North Central,0.0,0.0,0.0,False,False,False,False,,0,0,,,0,0,
19,2010,2,2010q2,Iowa -- Statewide,95391.33333333333,11.465743007747125,219,Iowa,IA,7.25,7.25,7.25,7.25,7.25,7.25,6,7.25,1.9810014688665833,218.056,7.633619345489231,2.032562090031529,West North Central,0.0,0.0,0.0,False,False,False,False,,0,0,,,0,0,
19,2010,3,2010q3,Iowa -- Statewide,95592.33333333333,11.467847900565662,227,Iowa,IA,7.25,7.25,7.25,7.25,7.25,7.25,7,7.25,1.9810014688665833,218.056,7.633619345489231,2.032562090031529,West North Central,0.0,0.0,0.0,False,False,False,False,,0,0,,,0,0,
19,2010,4,2010q4,Iowa -- Statewide,92877.0,11.439031316108522,233,Iowa,IA,7.25,7.25,7.25,7.25,7.25,7.25,8,7.25,1.9810014688665833,218.056,7.633619345489231,2.032562090031529,West North Central,0.0,0.0,0.0,False,False,False,False,,0,0,,,0,0,
19,2011,1,2011q1,Iowa -- Statewide,90996.66666666667,11.418578154791462,218,Iowa,IA,7.25,7.25,7.25,7.25,7.25,7.25,9,7.25,1.9810014688665833,224.939,7.400035120632705,2.0014847462303083,West North Central,0.0,0.0,0.0,False,False,False,False,,0,0,,,0,0,
19,2011,2,2011q2,Iowa -- Statewide,96102.33333333333,11.473168874927238,226,Iowa,IA,7.25,7.25,7.25,7.25,7.25,7.25,10,7.25,1.9810014688665833,224.939,7.400035120632705,2.0014847462303083,West North Central,0.0,0.0,0.0,False,False,False,False,,0,0,,,0,0,
19,2011,3,2011q3,Iowa -- Statewide,96356.33333333333,11.47580840425444,237,Iowa,IA,7.25,7.25,7.25,7.25,7.25,7.25,11,7.25,1.9810014688665833,224.939,7.400035120632705,2.0014847462303083,West North Central,0.0,0.0,0.0,False,False,False,False,,0,0,,,0,0,
19,2011,4,2011q4,Iowa -- Statewide,94172.33333333333,11.45288171608111,235,Iowa,IA,7.25,7.25,7.25,7.25,7.25,7.25,12,7.25,1.9810014688665833,224.939,7.400035120632705,2.0014847462303083,West North Central,0.0,0.0,0.0,False,False,False,False,,0,0,,,0,0,
19,2012,1,2012q1,Iowa -- Statewide,92602.66666666667,11.43607321791581,235,Iowa,IA,7.25,7.25,7.25,7.25,7.25,7.25,13,7.25,1.9810014688665833,229.594,7.25,1.9810014688665833,West North Central,0.0,0.0,0.0,False,False,False,False,,0,0,,,0,0,
19,2012,2,2012q2,Iowa -- Statewide,97884.33333333333,11.491541788474198,233,Iowa,IA,7.25,7.25,7.25,7.25,7.25,7.25,14,7.25,1.9810014688665833,229.594,7.25,1.9810014688665833,West North Central,0.0,0.0,0.0,False,False,False,False,,0,0,,,0,0,
19,2012,3,2012q3,Iowa -- Statewide,98794.0,11.500792153146955,239,Iowa,IA,7.25,7.25,7.25,7.25,7.25,7.25,15,7.25,1.9810014688665833,229.594,7.25,1.9810014688665833,West North Central,0.0,0.0,0.0,False,False,False,False,,0,0,,,0,0,
19,2012,4,2012q4,Iowa -- Statewide,96177.66666666667,11.473952454469446,243,Iowa,IA,7.25,7.25,7.25,7.25,7.25,7.25,16,7.25,1.9810014688665833,229.594,7.25,1.9810014688665833,West North Central,0.0,0.0,0.0,False,False,False,False,,0,0,,,0,0,
19,2013,1,2013q1,Iowa -- Statewide,94462.66666666667,11.455959973695995,234,Iowa,IA,7.25,7.25,7.25,7.25,7.25,7.25,17,7.25,1.9810014688665833,232.957,7.14533798082908,1.966460113388207,West North Central,0.0,0.0,0.0,False,False,False,False,,0,0,,,0,0,
19,2013,2,2013q2,Iowa -- Statewide,99721.0,11.510131565665834,236,Iowa,IA,7.25,7.25,7.25,7.25,7.25,7.25,18,7.25,1.9810014688665833,232.957,7.14533798082908,1.966460113388207,West North Central,0.0,0.0,0.0,False,False,False,False,,0,0,,,0,0,
19,2013,3,2013q3,Iowa -- Statewide,100615.33333333333,11.519059943853618,242,Iowa,IA,7.25,7.25,7.25,7.25,7.25,7.25,19,7.25,1.9810014688665833,232.957,7.14533798082908,1.966460113388207,West North Central,0.0,0.0,0.0,False,False,False,False,,0,0,,,0,0,
19,2013,4,2013q4,Iowa -- Statewide,98045.0,11.493181835933617,247,Iowa,IA,7.25,7.25,7.25,7.25,7.25,7.25,20,7.25,1.9810014688665833,232.957,7.14533798082908,1.966460113388207,West North Central,0.0,0.0,0.0,False,False,False,False,,0,0,,,0,0,
19,2014,1,2014q1,Iowa -- Statewide,96221.33333333333,11.474406372290394,237,Iowa,IA,7.25,7.25,7.25,7.25,7.25,7.25,21,7.25,1.9810014688665833,236.736,7.031277456745066,1.9503684043563676,West North Central,0.0,0.0,0.0,False,False,False,False,,0,0,,,0,0,
19,2014,2,2014q2,Iowa -- Statewide,100697.0,11.519871286803097,243,Iowa,IA,7.25,7.25,7.25,7.25,7.25,7.25,22,7.25,1.9810014688665833,236.736,7.031277456745066,1.9503684043563676,West North Central,0.0,0.0,0.0,False,False,False,False,,0,0,,,0,0,
19,2014,3,2014q3,Iowa -- Statewide,101051.66666666667,11.523387216180824,252,Iowa,IA,7.25,7.25,7.25,7.25,7.25,7.25,23,7.25,1.9810014688665833,236.736,7.031277456745066,1.9503684043563676,West North Central,0.0,0.0,0.0,False,False,False,False,,0,0,,,0,0,
19,2014,4,2014q4,Iowa -- Statewide,98530.66666666667,11.49812311542239,258,Iowa,IA,7.25,7.25,7.25,7.25,7.25,7.25,24,7.25,1.9810014688665833,236.736,7.031277456745066,1.9503684043563676,West North Central,0.0,0.0,0.0,False,False,False,False,,0,0,,,0,0,
19,2015,1,2015q1,Iowa -- Statewide,97246.66666666667,11.485005984972094,246,Iowa,IA,7.25,7.25,7.25,7.25,7.25,7.25,25,7.25,1.9810014688665833,237.017,7.022941392389575,1.9491821320458897,West North Central,0.0,0.0,0.0,False,False,False,False,,0,0,,,0,0,
19,2015,2,2015q2,Iowa -- Statewide,102100.0,11.533708004152757,254,Iowa,IA,7.25,7.25,7.25,7.25,7.25,7.25,26,7.25,1.9810014688665833,237.017,7.022941392389575,1.9491821320458897,West North Central,0.0,0.0,0.0,False,False,False,False,,0,0,,,0,0,
19,2015,3,2015q3,Iowa -- Statewide,102615.33333333333,11.53874264824592,263,Iowa,IA,7.25,7.25,7.25,7.25,7.25,7.25,27,7.25,1.9810014688665833,237.017,7.022941392389575,1.9491821320458897,West North Central,0.0,0.0,0.0,False,False,False,False,,0,0,,,0,0,
19,2015,4,2015q4,Iowa -- Statewide,100552.66666666667,11.518436915651382,270,Iowa,IA,7.25,7.25,7.25,7.25,7.25,7.25,28,7.25,1.9810014688665833,237.017,7.022941392389575,1.9491821320458897,West North Central,0.0,0.0,0.0,False,False,False,False,,0,0,,,0,0,
19,2016,1,2016q1,Iowa -- Statewide,98509.66666666667,11.497909961092773,258,Iowa,IA,7.25,7.25,7.25,7.25,7.25,7.25,29,7.25,1.9810014688665833,240.007,6.935449799380851,1.9366459109830372,West North Central,0.0,0.0,0.0,False,False,False,False,,0,0,,,0,0,
19,2016,2,2016q2,Iowa -- Statewide,102928.33333333333,11.541788232155305,267,Iowa,IA,7.25,7.25,7.25,7.25,7.25,7.25,30,7.25,1.9810014688665833,240.007,6.935449799380851,1.9366459109830372,West North Central,0.0,0.0,0.0,False,False,False,False,,0,0,,,0,0,
19,2016,3,2016q3,Iowa -- Statewide,102962.0,11.54211526710077,281,Iowa,IA,7.25,7.25,7.25,7.25,7.25,7.25,31,7.25,1.9810014688665833,240.007,6.935449799380851,1.9366459109830372,West North Central,0.0,0.0,0.0,False,False,False,False,,0,0,,,0,0,
19,2016,4,2016q4,Iowa -- Statewide,101002.0,11.522895597607539,278,Iowa,IA,7.25,7.25,7.25,7.25,7.25,7.25,32,7.25,1.9810014688665833,240.007,6.935449799380851,1.9366459109830372,West North Central,0.0,0.0,0.0,False,False,False,False,,0,0,,,0,0,
19,2017,1,2017q1,Iowa -- Statewide,99304.33333333333,11.505944487886087,271,Iowa,IA,7.25,7.25,7.25,7.25,7.25,7.25,33,7.25,1.9810014688665833,245.12,6.7907820659268925,1.9155661140141298,West North Central,0.0,0.0,0.0,False,False,False,False,,0,0,,,0,0,
19,2017,2,2017q2,Iowa -- Statewide,103286.66666666667,11.545263572882174,278,Iowa,IA,7.25,7.25,7.25,7.25,7.25,7.25,34,7.25,1.9810014688665833,245.12,6.7907820659268925,1.9155661140141298,West North Central,0.0,0.0,0.0,False,False,False,False,,0,0,,,0,0,
19,2017,3,2017q3,Iowa -- Statewide,103394.0,11.546302212293526,285,Iowa,IA,7.25,7.25,7.25,7.25,7.25,7.25,35,7.25,1.9810014688665833,245.12,6.7907820659268925,1.9155661140141298,West North Central,0.0,0.0,0.0,False,False,False,False,,0,0,,,0,0,
19,2017,4,2017q4,Iowa -- Statewide,101628.66666666667,11.529080926560034,287,Iowa,IA,7.25,7.25,7.25,7.25,7.25,7.25,36,7.25,1.9810014688665833,245.12,6.7907820659268925,1.9155661140141298,West North Central,0.0,0.0,0.0,False,False,False,False,,0,0,,,0,0,
19,2018,1,2018q1,Iowa -- Statewide,99571.0,11.508626236517395,278,Iowa,IA,7.25,7.25,7.25,7.25,7.25,7.25,37,7.25,1.9810014688665833,251.107,6.628873348811463,1.8914348574516775,West North Central,0.0,0.0,0.0,False,False,False,False,,0,0,,,0,0,
19,2018,2,2018q2,Iowa -- Statewide,103704.0,11.549295966279878,285,Iowa,IA,7.25,7.25,7.25,7.25,7.25,7.25,38,7.25,1.9810014688665833,251.107,6.628873348811463,1.8914348574516775,West North Central,0.0,0.0,0.0,False,False,False,False,,0,0,,,0,0,
19,2018,3,2018q3,Iowa -- Statewide,103944.33333333333,11.551610778412403,294,Iowa,IA,7.25,7.25,7.25,7.25,7.25,7.25,39,7.25,1.9810014688665833,251.107,6.628873348811463,1.8914348574516775,West North Central,0.0,0.0,0.0,False,False,False,False,,0,0,,,0,0,
19,2018,4,2018q4,Iowa -- Statewide,101501.0,11.527823929632195,298,Iowa,IA,7.25,7.25,7.25,7.25,7.25,7.25,40,7.25,1.9810014688665833,251.107,6.628873348811463,1.8914348574516775,West North Central,0.0,0.0,0.0,False,False,False,False,,0,0,,,0,0,
19,2019,1,2019q1,Iowa -- Statewide,99038.66666666667,11.503265625253757,282,Iowa,IA,7.25,7.25,7.25,7.25,7.25,7.25,41,7.25,1.9810014688665833,255.657,6.510897413331143,1.8734772982299916,West North Central,0.0,0.0,0.0,False,False,False,False,,0,0,,,0,0,
19,2019,2,2019q2,Iowa -- Statewide,103526.0,11.547578067869651,296,Iowa,IA,7.25,7.25,7.25,7.25,7.25,7.25,42,7.25,1.9810014688665833,255.657,6.510897413331143,1.8734772982299916,West North Central,0.0,0.0,0.0,False,False,False,False,,0,0,,,0,0,
19,2019,3,2019q3,Iowa -- Statewide,104397.0,11.555956218385615,305,Iowa,IA,7.25,7.25,7.25,7.25,7.25,7.25,43,7.25,1.9810014688665833,255.657,6.510897413331143,1.8734772982299916,West North Central,0.0,0.0,0.0,False,False,False,False,,0,0,,,0,0,
19,2019,4,2019q4,Iowa -- Statewide,101723.0,11.530008711826282,310,Iowa,IA,7.25,7.25,7.25,7.25,7.25,7.25,44,7.25,1.9810014688665833,255.657,6.510897413331143,1.8734772982299916,West North Central,0.0,0.0,0.0,False,False,False,False,,0,0,,,0,0,
20,2009,1,2009q1,Kansas -- Statewide,89936.33333333333,11.40685729157431,229,Kansas,KS,6.55,6.550000190734863,6.550000000000002,6.550000190734863,6.55,6.550000190734863,1,6.550000190734863,1.8794650787669867,214.537,7.009703425477097,1.9472953928016028,West North Central,,,,False,False,False,False,,0,0,,,0,0,
20,2009,2,2009q2,Kansas -- Statewide,92504.33333333333,11.435010769250084,232,Kansas,KS,6.55,6.550000190734863,6.550000000000001,6.550000190734863,6.55,6.550000190734863,2,6.550000190734863,1.8794650787669867,214.537,7.009703425477097,1.9472953928016028,West North Central,0.0,0.0,0.0,False,False,False,False,,0,0,,,0,0,
20,2009,3,2009q3,Kansas -- Statewide,92233.66666666667,11.432080491122784,240,Kansas,KS,6.55,6.550000190734863,7.075,7.074999809265137,7.25,7.25,3,7.075,1.9565674435293015,214.537,7.571549662762134,2.024397757563918,West North Central,0.5249996185302734,0.5249998092651369,0.0771023647623148,False,False,False,False,,0,0,,,0,0,
20,2009,4,2009q4,Kansas -- Statewide,90349.33333333333,11.411438917280737,247,Kansas,KS,7.25,7.25,7.25,7.25,7.25,7.25,4,7.25,1.9810014688665833,214.537,7.758831809897592,2.0488317829011997,West North Central,0.17500019073486328,0.17499999999999982,0.024434025337281895,False,False,False,False,,0,0,,,0,0,
20,2010,1,2010q1,Kansas -- Statewide,88025.33333333333,11.385379930819076,235,Kansas,KS,7.25,7.25,7.25,7.25,7.25,7.25,5,7.25,1.9810014688665833,218.056,7.633619345489231,2.032562090031529,West North Central,0.0,0.0,0.0,False,False,False,False,,0,0,,,0,0,
20,2010,2,2010q2,Kansas -- Statewide,91654.0,11.42577589661443,242,Kansas,KS,7.25,7.25,7.25,7.25,7.25,7.25,6,7.25,1.9810014688665833,218.056,7.633619345489231,2.032562090031529,West North Central,0.0,0.0,0.0,False,False,False,False,,0,0,,,0,0,
20,2010,3,2010q3,Kansas -- Statewide,90852.33333333333,11.416990756855357,250,Kansas,KS,7.25,7.25,7.25,7.25,7.25,7.25,7,7.25,1.9810014688665833,218.056,7.633619345489231,2.032562090031529,West North Central,0.0,0.0,0.0,False,False,False,False,,0,0,,,0,0,
20,2010,4,2010q4,Kansas -- Statewide,90748.66666666667,11.415849059640834,252,Kansas,KS,7.25,7.25,7.25,7.25,7.25,7.25,8,7.25,1.9810014688665833,218.056,7.633619345489231,2.032562090031529,West North Central,0.0,0.0,0.0,False,False,False,False,,0,0,,,0,0,
20,2011,1,2011q1,Kansas -- Statewide,88247.0,11.387894979883445,240,Kansas,KS,7.25,7.25,7.25,7.25,7.25,7.25,9,7.25,1.9810014688665833,224.939,7.400035120632705,2.0014847462303083,West North Central,0.0,0.0,0.0,False,False,False,False,,0,0,,,0,0,
20,2011,2,2011q2,Kansas -- Statewide,92421.66666666667,11.43411671787631,246,Kansas,KS,7.25,7.25,7.25,7.25,7.25,7.25,10,7.25,1.9810014688665833,224.939,7.400035120632705,2.0014847462303083,West North Central,0.0,0.0,0.0,False,False,False,False,,0,0,,,0,0,
20,2011,3,2011q3,Kansas -- Statewide,92543.33333333333,11.43543228227189,259,Kansas,KS,7.25,7.25,7.25,7.25,7.25,7.25,11,7.25,1.9810014688665833,224.939,7.400035120632705,2.0014847462303083,West North Central,0.0,0.0,0.0,False,False,False,False,,0,0,,,0,0,
20,2011,4,2011q4,Kansas -- Statewide,91964.66666666667,11.429159724291011,251,Kansas,KS,7.25,7.25,7.25,7.25,7.25,7.25,12,7.25,1.9810014688665833,224.939,7.400035120632705,2.0014847462303083,West North Central,0.0,0.0,0.0,False,False,False,False,,0,0,,,0,0,
20,2012,1,2012q1,Kansas -- Statewide,91212.33333333333,11.420945400837269,255,Kansas,KS,7.25,7.25,7.25,7.25,7.25,7.25,13,7.25,1.9810014688665833,229.594,7.25,1.9810014688665833,West North Central,0.0,0.0,0.0,False,False,False,False,,0,0,,,0,0,
20,2012,2,2012q2,Kansas -- Statewide,95517.33333333333,11.467063010872131,251,Kansas,KS,7.25,7.25,7.25,7.25,7.25,7.25,14,7.25,1.9810014688665833,229.594,7.25,1.9810014688665833,West North Central,0.0,0.0,0.0,False,False,False,False,,0,0,,,0,0,
20,2012,3,2012q3,Kansas -- Statewide,94836.66666666667,11.459911392647573,257,Kansas,KS,7.25,7.25,7.25,7.25,7.25,7.25,15,7.25,1.9810014688665833,229.594,7.25,1.9810014688665833,West North Central,0.0,0.0,0.0,False,False,False,False,,0,0,,,0,0,
20,2012,4,2012q4,Kansas -- Statewide,94275.0,11.453971322126558,260,Kansas,KS,7.25,7.25,7.25,7.25,7.25,7.25,16,7.25,1.9810014688665833,229.594,7.25,1.9810014688665833,West North Central,0.0,0.0,0.0,False,False,False,False,,0,0,,,0,0,
20,2013,1,2013q1,Kansas -- Statewide,92640.0,11.436476292806821,251,Kansas,KS,7.25,7.25,7.25,7.25,7.25,7.25,17,7.25,1.9810014688665833,232.957,7.14533798082908,1.966460113388207,West North Central,0.0,0.0,0.0,False,False,False,False,,0,0,,,0,0,
20,2013,2,2013q2,Kansas -- Statewide,96458.0,11.476862959425013,256,Kansas,KS,7.25,7.25,7.25,7.25,7.25,7.25,18,7.25,1.9810014688665833,232.957,7.14533798082908,1.966460113388207,West North Central,0.0,0.0,0.0,False,False,False,False,,0,0,,,0,0,
20,2013,3,2013q3,Kansas -- Statewide,95835.66666666667,11.470390198081116,265,Kansas,KS,7.25,7.25,7.25,7.25,7.25,7.25,19,7.25,1.9810014688665833,232.957,7.14533798082908,1.966460113388207,West North Central,0.0,0.0,0.0,False,False,False,False,,0,0,,,0,0,
20,2013,4,2013q4,Kansas -- Statewide,95186.66666666667,11.463595154948287,268,Kansas,KS,7.25,7.25,7.25,7.25,7.25,7.25,20,7.25,1.9810014688665833,232.957,7.14533798082908,1.966460113388207,West North Central,0.0,0.0,0.0,False,False,False,False,,0,0,,,0,0,
20,2014,1,2014q1,Kansas -- Statewide,92824.33333333333,11.438464097046243,259,Kansas,KS,7.25,7.25,7.25,7.25,7.25,7.25,21,7.25,1.9810014688665833,236.736,7.031277456745066,1.9503684043563676,West North Central,0.0,0.0,0.0,False,False,False,False,,0,0,,,0,0,
20,2014,2,2014q2,Kansas -- Statewide,97458.33333333333,11.48718021521837,267,Kansas,KS,7.25,7.25,7.25,7.25,7.25,7.25,22,7.25,1.9810014688665833,236.736,7.031277456745066,1.9503684043563676,West North Central,0.0,0.0,0.0,False,False,False,False,,0,0,,,0,0,
20,2014,3,2014q3,Kansas -- Statewide,97415.66666666667,11.4867423254296,274,Kansas,KS,7.25,7.25,7.25,7.25,7.25,7.25,23,7.25,1.9810014688665833,236.736,7.031277456745066,1.9503684043563676,West North Central,0.0,0.0,0.0,False,False,False,False,,0,0,,,0,0,
20,2014,4,2014q4,Kansas -- Statewide,97032.33333333333,11.48279953527564,277,Kansas,KS,7.25,7.25,7.25,7.25,7.25,7.25,24,7.25,1.9810014688665833,236.736,7.031277456745066,1.9503684043563676,West North Central,0.0,0.0,0.0,False,False,False,False,,0,0,,,0,0,
20,2015,1,2015q1,Kansas -- Statewide,96131.66666666667,11.473474058542633,269,Kansas,KS,7.25,7.25,7.25,7.25,7.25,7.25,25,7.25,1.9810014688665833,237.017,7.022941392389575,1.9491821320458897,West North Central,0.0,0.0,0.0,False,False,False,False,,0,0,,,0,0,
20,2015,2,2015q2,Kansas -- Statewide,99290.66666666667,11.505806854343568,277,Kansas,KS,7.25,7.25,7.25,7.25,7.25,7.25,26,7.25,1.9810014688665833,237.017,7.022941392389575,1.9491821320458897,West North Central,0.0,0.0,0.0,False,False,False,False,,0,0,,,0,0,
20,2015,3,2015q3,Kansas -- Statewide,99677.33333333333,11.509693581389488,284,Kansas,KS,7.25,7.25,7.25,7.25,7.25,7.25,27,7.25,1.9810014688665833,237.017,7.022941392389575,1.9491821320458897,West North Central,0.0,0.0,0.0,False,False,False,False,,0,0,,,0,0,
20,2015,4,2015q4,Kansas -- Statewide,99237.33333333333,11.505269566559313,294,Kansas,KS,7.25,7.25,7.25,7.25,7.25,7.25,28,7.25,1.9810014688665833,237.017,7.022941392389575,1.9491821320458897,West North Central,0.0,0.0,0.0,False,False,False,False,,0,0,,,0,0,
20,2016,1,2016q1,Kansas -- Statewide,97602.33333333333,11.488656679219238,278,Kansas,KS,7.25,7.25,7.25,7.25,7.25,7.25,29,7.25,1.9810014688665833,240.007,6.935449799380851,1.9366459109830372,West North Central,0.0,0.0,0.0,False,False,False,False,,0,0,,,0,0,
20,2016,2,2016q2,Kansas -- Statewide,101126.0,11.524122543063445,284,Kansas,KS,7.25,7.25,7.25,7.25,7.25,7.25,30,7.25,1.9810014688665833,240.007,6.935449799380851,1.9366459109830372,West North Central,0.0,0.0,0.0,False,False,False,False,,0,0,,,0,0,
20,2016,3,2016q3,Kansas -- Statewide,100219.0,11.51511307041564,299,Kansas,KS,7.25,7.25,7.25,7.25,7.25,7.25,31,7.25,1.9810014688665833,240.007,6.935449799380851,1.9366459109830372,West North Central,0.0,0.0,0.0,False,False,False,False,,0,0,,,0,0,
20,2016,4,2016q4,Kansas -- Statewide,99776.66666666667,11.510689634028653,294,Kansas,KS,7.25,7.25,7.25,7.25,7.25,7.25,32,7.25,1.9810014688665833,240.007,6.935449799380851,1.9366459109830372,West North Central,0.0,0.0,0.0,False,False,False,False,,0,0,,,0,0,
20,2017,1,2017q1,Kansas -- Statewide,98603.33333333333,11.498860346645394,291,Kansas,KS,7.25,7.25,7.25,7.25,7.25,7.25,33,7.25,1.9810014688665833,245.12,6.7907820659268925,1.9155661140141298,West North Central,0.0,0.0,0.0,False,False,False,False,,0,0,,,0,0,
20,2017,2,2017q2,Kansas -- Statewide,100950.33333333333,11.5223839257002,297,Kansas,KS,7.25,7.25,7.25,7.25,7.25,7.25,34,7.25,1.9810014688665833,245.12,6.7907820659268925,1.9155661140141298,West North Central,0.0,0.0,0.0,False,False,False,False,,0,0,,,0,0,
20,2017,3,2017q3,Kansas -- Statewide,101219.66666666667,11.525048351605827,300,Kansas,KS,7.25,7.25,7.25,7.25,7.25,7.25,35,7.25,1.9810014688665833,245.12,6.7907820659268925,1.9155661140141298,West North Central,0.0,0.0,0.0,False,False,False,False,,0,0,,,0,0,
20,2017,4,2017q4,Kansas -- Statewide,100722.0,11.520119525550468,307,Kansas,KS,7.25,7.25,7.25,7.25,7.25,7.25,36,7.25,1.9810014688665833,245.12,6.7907820659268925,1.9155661140141298,West North Central,0.0,0.0,0.0,False,False,False,False,,0,0,,,0,0,
20,2018,1,2018q1,Kansas -- Statewide,99285.33333333333,11.5057531385538,299,Kansas,KS,7.25,7.25,7.25,7.25,7.25,7.25,37,7.25,1.9810014688665833,251.107,6.628873348811463,1.8914348574516775,West North Central,0.0,0.0,0.0,False,False,False,False,,0,0,,,0,0,
20,2018,2,2018q2,Kansas -- Statewide,101707.66666666667,11.529857964314969,304,Kansas,KS,7.25,7.25,7.25,7.25,7.25,7.25,38,7.25,1.9810014688665833,251.107,6.628873348811463,1.8914348574516775,West North Central,0.0,0.0,0.0,False,False,False,False,,0,0,,,0,0,
20,2018,3,2018q3,Kansas -- Statewide,101533.66666666667,11.52814571376379,309,Kansas,KS,7.25,7.25,7.25,7.25,7.25,7.25,39,7.25,1.9810014688665833,251.107,6.628873348811463,1.8914348574516775,West North Central,0.0,0.0,0.0,False,False,False,False,,0,0,,,0,0,
20,2018,4,2018q4,Kansas -- Statewide,101499.33333333333,11.52780750929791,314,Kansas,KS,7.25,7.25,7.25,7.25,7.25,7.25,40,7.25,1.9810014688665833,251.107,6.628873348811463,1.8914348574516775,West North Central,0.0,0.0,0.0,False,False,False,False,,0,0,,,0,0,
20,2019,1,2019q1,Kansas -- Statewide,100213.33333333333,11.515056525979183,304,Kansas,KS,7.25,7.25,7.25,7.25,7.25,7.25,41,7.25,1.9810014688665833,255.657,6.510897413331143,1.8734772982299916,West North Central,0.0,0.0,0.0,False,False,False,False,,0,0,,,0,0,
20,2019,2,2019q2,Kansas -- Statewide,102857.0,11.541094953047072,315,Kansas,KS,7.25,7.25,7.25,7.25,7.25,7.25,42,7.25,1.9810014688665833,255.657,6.510897413331143,1.8734772982299916,West North Central,0.0,0.0,0.0,False,False,False,False,,0,0,,,0,0,
20,2019,3,2019q3,Kansas -- Statewide,102764.33333333333,11.54019361979105,320,Kansas,KS,7.25,7.25,7.25,7.25,7.25,7.25,43,7.25,1.9810014688665833,255.657,6.510897413331143,1.8734772982299916,West North Central,0.0,0.0,0.0,False,False,False,False,,0,0,,,0,0,
20,2019,4,2019q4,Kansas -- Statewide,102226.33333333333,11.53494458827161,328,Kansas,KS,7.25,7.25,7.25,7.25,7.25,7.25,44,7.25,1.9810014688665833,255.657,6.510897413331143,1.8734772982299916,West North Central,0.0,0.0,0.0,False,False,False,False,,0,0,,,0,0,
21,2009,1,2009q1,Kentucky -- Statewide,131477.66666666666,11.786592280941846,238,Kentucky,KY,6.55,6.550000190734863,6.550000000000002,6.550000190734863,6.55,6.550000190734863,1,6.550000190734863,1.8794650787669867,214.537,7.009703425477097,1.9472953928016028,East South Central,,,,False,False,False,False,,0,0,,,0,0,
21,2009,2,2009q2,Kentucky -- Statewide,138018.66666666666,11.835144220692245,244,Kentucky,KY,6.55,6.550000190734863,6.550000000000001,6.550000190734863,6.55,6.550000190734863,2,6.550000190734863,1.8794650787669867,214.537,7.009703425477097,1.9472953928016028,East South Central,0.0,0.0,0.0,False,False,False,False,,0,0,,,0,0,
21,2009,3,2009q3,Kentucky -- Statewide,136607.0,11.824863469315389,256,Kentucky,KY,6.55,7.25,7.075000000000001,7.25,7.25,7.25,3,7.25,1.9810014688665833,214.537,7.758831809897592,2.0488317829011997,East South Central,0.6999998092651367,0.6999998092651367,0.1015363900995967,True,False,False,False,,0,0,,,0,0,
21,2009,4,2009q4,Kentucky -- Statewide,133195.33333333334,11.79957200143965,264,Kentucky,KY,7.25,7.25,7.25,7.25,7.25,7.25,4,7.25,1.9810014688665833,214.537,7.758831809897592,2.0488317829011997,East South Central,0.0,0.0,0.0,False,False,False,False,,0,0,,,0,0,
21,2010,1,2010q1,Kentucky -- Statewide,129293.66666666667,11.769841581863993,246,Kentucky,KY,7.25,7.25,7.25,7.25,7.25,7.25,5,7.25,1.9810014688665833,218.056,7.633619345489231,2.032562090031529,East South Central,0.0,0.0,0.0,False,False,False,False,,0,0,,,0,0,
21,2010,2,2010q2,Kentucky -- Statewide,137753.33333333334,11.833219925149486,255,Kentucky,KY,7.25,7.25,7.25,7.25,7.25,7.25,6,7.25,1.9810014688665833,218.056,7.633619345489231,2.032562090031529,East South Central,0.0,0.0,0.0,False,False,False,False,,0,0,,,0,0,
21,2010,3,2010q3,Kentucky -- Statewide,137009.66666666666,11.827806761931756,262,Kentucky,KY,7.25,7.25,7.25,7.25,7.25,7.25,7,7.25,1.9810014688665833,218.056,7.633619345489231,2.032562090031529,East South Central,0.0,0.0,0.0,False,False,False,False,,0,0,,,0,0,
21,2010,4,2010q4,Kentucky -- Statewide,136716.33333333334,11.825663498627424,268,Kentucky,KY,7.25,7.25,7.25,7.25,7.25,7.25,8,7.25,1.9810014688665833,218.056,7.633619345489231,2.032562090031529,East South Central,0.0,0.0,0.0,False,False,False,False,,0,0,,,0,0,
21,2011,1,2011q1,Kentucky -- Statewide,132676.33333333334,11.795667857265597,250,Kentucky,KY,7.25,7.25,7.25,7.25,7.25,7.25,9,7.25,1.9810014688665833,224.939,7.400035120632705,2.0014847462303083,East South Central,0.0,0.0,0.0,False,False,False,False,,0,0,,,0,0,
21,2011,2,2011q2,Kentucky -- Statewide,140615.66666666666,11.85378567936784,258,Kentucky,KY,7.25,7.25,7.25,7.25,7.25,7.25,10,7.25,1.9810014688665833,224.939,7.400035120632705,2.0014847462303083,East South Central,0.0,0.0,0.0,False,False,False,False,,0,0,,,0,0,
21,2011,3,2011q3,Kentucky -- Statewide,138977.0,11.842063730795651,268,Kentucky,KY,7.25,7.25,7.25,7.25,7.25,7.25,11,7.25,1.9810014688665833,224.939,7.400035120632705,2.0014847462303083,East South Central,0.0,0.0,0.0,False,False,False,False,,0,0,,,0,0,
21,2011,4,2011q4,Kentucky -- Statewide,137523.66666666666,11.831551302489729,269,Kentucky,KY,7.25,7.25,7.25,7.25,7.25,7.25,12,7.25,1.9810014688665833,224.939,7.400035120632705,2.0014847462303083,East South Central,0.0,0.0,0.0,False,False,False,False,,0,0,,,0,0,
21,2012,1,2012q1,Kentucky -- Statewide,136035.33333333334,11.820669934896562,265,Kentucky,KY,7.25,7.25,7.25,7.25,7.25,7.25,13,7.25,1.9810014688665833,229.594,7.25,1.9810014688665833,East South Central,0.0,0.0,0.0,False,False,False,False,,0,0,,,0,0,
21,2012,2,2012q2,Kentucky -- Statewide,144497.66666666666,11.881018638768724,267,Kentucky,KY,7.25,7.25,7.25,7.25,7.25,7.25,14,7.25,1.9810014688665833,229.594,7.25,1.9810014688665833,East South Central,0.0,0.0,0.0,False,False,False,False,,0,0,,,0,0,
21,2012,3,2012q3,Kentucky -- Statewide,143053.33333333334,11.870972800082573,268,Kentucky,KY,7.25,7.25,7.25,7.25,7.25,7.25,15,7.25,1.9810014688665833,229.594,7.25,1.9810014688665833,East South Central,0.0,0.0,0.0,False,False,False,False,,0,0,,,0,0,
21,2012,4,2012q4,Kentucky -- Statewide,142867.66666666666,11.869674072862372,274,Kentucky,KY,7.25,7.25,7.25,7.25,7.25,7.25,16,7.25,1.9810014688665833,229.594,7.25,1.9810014688665833,East South Central,0.0,0.0,0.0,False,False,False,False,,0,0,,,0,0,
21,2013,1,2013q1,Kentucky -- Statewide,140729.0,11.854591334159924,261,Kentucky,KY,7.25,7.25,7.25,7.25,7.25,7.25,17,7.25,1.9810014688665833,232.957,7.14533798082908,1.966460113388207,East South Central,0.0,0.0,0.0,False,False,False,False,,0,0,,,0,0,
21,2013,2,2013q2,Kentucky -- Statewide,147579.66666666666,11.902123421947838,267,Kentucky,KY,7.25,7.25,7.25,7.25,7.25,7.25,18,7.25,1.9810014688665833,232.957,7.14533798082908,1.966460113388207,East South Central,0.0,0.0,0.0,False,False,False,False,,0,0,,,0,0,
21,2013,3,2013q3,Kentucky -- Statewide,146650.0,11.895804074405596,268,Kentucky,KY,7.25,7.25,7.25,7.25,7.25,7.25,19,7.25,1.9810014688665833,232.957,7.14533798082908,1.966460113388207,East South Central,0.0,0.0,0.0,False,False,False,False,,0,0,,,0,0,
21,2013,4,2013q4,Kentucky -- Statewide,146384.66666666666,11.893993139140738,275,Kentucky,KY,7.25,7.25,7.25,7.25,7.25,7.25,20,7.25,1.9810014688665833,232.957,7.14533798082908,1.966460113388207,East South Central,0.0,0.0,0.0,False,False,False,False,,0,0,,,0,0,
21,2014,1,2014q1,Kentucky -- Statewide,142623.66666666666,11.867964738595994,265,Kentucky,KY,7.25,7.25,7.25,7.25,7.25,7.25,21,7.25,1.9810014688665833,236.736,7.031277456745066,1.9503684043563676,East South Central,0.0,0.0,0.0,False,False,False,False,,0,0,,,0,0,
21,2014,2,2014q2,Kentucky -- Statewide,150592.66666666666,11.922333899049894,278,Kentucky,KY,7.25,7.25,7.25,7.25,7.25,7.25,22,7.25,1.9810014688665833,236.736,7.031277456745066,1.9503684043563676,East South Central,0.0,0.0,0.0,False,False,False,False,,0,0,,,0,0,
21,2014,3,2014q3,Kentucky -- Statewide,149253.66666666666,11.913402598233926,279,Kentucky,KY,7.25,7.25,7.25,7.25,7.25,7.25,23,7.25,1.9810014688665833,236.736,7.031277456745066,1.9503684043563676,East South Central,0.0,0.0,0.0,False,False,False,False,,0,0,,,0,0,
21,2014,4,2014q4,Kentucky -- Statewide,148837.0,11.91060702638535,289,Kentucky,KY,7.25,7.25,7.25,7.25,7.25,7.25,24,7.25,1.9810014688665833,236.736,7.031277456745066,1.9503684043563676,East South Central,0.0,0.0,0.0,False,False,False,False,,0,0,,,0,0,
21,2015,1,2015q1,Kentucky -- Statewide,146590.33333333334,11.895397127197402,274,Kentucky,KY,7.25,7.25,7.25,7.25,7.25,7.25,25,7.25,1.9810014688665833,237.017,7.022941392389575,1.9491821320458897,East South Central,0.0,0.0,0.0,False,False,False,False,,0,0,,,0,0,
21,2015,2,2015q2,Kentucky -- Statewide,154435.66666666666,11.947532891623137,287,Kentucky,KY,7.25,7.25,7.25,7.25,7.25,7.25,26,7.25,1.9810014688665833,237.017,7.022941392389575,1.9491821320458897,East South Central,0.0,0.0,0.0,False,False,False,False,,0,0,,,0,0,
21,2015,3,2015q3,Kentucky -- Statewide,153484.0,11.941351606048906,291,Kentucky,KY,7.25,7.25,7.25,7.25,7.25,7.25,27,7.25,1.9810014688665833,237.017,7.022941392389575,1.9491821320458897,East South Central,0.0,0.0,0.0,False,False,False,False,,0,0,,,0,0,
21,2015,4,2015q4,Kentucky -- Statewide,154473.33333333334,11.94777676063863,303,Kentucky,KY,7.25,7.25,7.25,7.25,7.25,7.25,28,7.25,1.9810014688665833,237.017,7.022941392389575,1.9491821320458897,East South Central,0.0,0.0,0.0,False,False,False,False,,0,0,,,0,0,
21,2016,1,2016q1,Kentucky -- Statewide,151243.66666666666,11.92664750173814,284,Kentucky,KY,7.25,7.25,7.25,7.25,7.25,7.25,29,7.25,1.9810014688665833,240.007,6.935449799380851,1.9366459109830372,East South Central,0.0,0.0,0.0,False,False,False,False,,0,0,,,0,0,
21,2016,2,2016q2,Kentucky -- Statewide,159907.33333333334,11.982349759767498,293,Kentucky,KY,7.25,7.25,7.25,7.25,7.25,7.25,30,7.25,1.9810014688665833,240.007,6.935449799380851,1.9366459109830372,East South Central,0.0,0.0,0.0,False,False,False,False,,0,0,,,0,0,
21,2016,3,2016q3,Kentucky -- Statewide,159226.66666666666,11.978084042552764,307,Kentucky,KY,7.25,7.25,7.25,7.25,7.25,7.25,31,7.25,1.9810014688665833,240.007,6.935449799380851,1.9366459109830372,East South Central,0.0,0.0,0.0,False,False,False,False,,0,0,,,0,0,
21,2016,4,2016q4,Kentucky -- Statewide,157258.33333333334,11.965645167329187,305,Kentucky,KY,7.25,7.25,7.25,7.25,7.25,7.25,32,7.25,1.9810014688665833,240.007,6.935449799380851,1.9366459109830372,East South Central,0.0,0.0,0.0,False,False,False,False,,0,0,,,0,0,
21,2017,1,2017q1,Kentucky -- Statewide,154283.66666666666,11.946548178352081,303,Kentucky,KY,7.25,7.25,7.25,7.25,7.25,7.25,33,7.25,1.9810014688665833,245.12,6.7907820659268925,1.9155661140141298,East South Central,0.0,0.0,0.0,False,False,False,False,,0,0,,,0,0,
21,2017,2,2017q2,Kentucky -- Statewide,161385.33333333334,11.99155015914823,306,Kentucky,KY,7.25,7.25,7.25,7.25,7.25,7.25,34,7.25,1.9810014688665833,245.12,6.7907820659268925,1.9155661140141298,East South Central,0.0,0.0,0.0,False,False,False,False,,0,0,,,0,0,
21,2017,3,2017q3,Kentucky -- Statewide,159148.66666666666,11.977594054834533,307,Kentucky,KY,7.25,7.25,7.25,7.25,7.25,7.25,35,7.25,1.9810014688665833,245.12,6.7907820659268925,1.9155661140141298,East South Central,0.0,0.0,0.0,False,False,False,False,,0,0,,,0,0,
21,2017,4,2017q4,Kentucky -- Statewide,159486.33333333334,11.979713513105404,312,Kentucky,KY,7.25,7.25,7.25,7.25,7.25,7.25,36,7.25,1.9810014688665833,245.12,6.7907820659268925,1.9155661140141298,East South Central,0.0,0.0,0.0,False,False,False,False,,0,0,,,0,0,
21,2018,1,2018q1,Kentucky -- Statewide,155324.33333333334,11.953270682846929,308,Kentucky,KY,7.25,7.25,7.25,7.25,7.25,7.25,37,7.25,1.9810014688665833,251.107,6.628873348811463,1.8914348574516775,East South Central,0.0,0.0,0.0,False,False,False,False,,0,0,,,0,0,
21,2018,2,2018q2,Kentucky -- Statewide,160914.0,11.988625339760844,314,Kentucky,KY,7.25,7.25,7.25,7.25,7.25,7.25,38,7.25,1.9810014688665833,251.107,6.628873348811463,1.8914348574516775,East South Central,0.0,0.0,0.0,False,False,False,False,,0,0,,,0,0,
21,2018,3,2018q3,Kentucky -- Statewide,160296.66666666666,11.984781544037501,318,Kentucky,KY,7.25,7.25,7.25,7.25,7.25,7.25,39,7.25,1.9810014688665833,251.107,6.628873348811463,1.8914348574516775,East South Central,0.0,0.0,0.0,False,False,False,False,,0,0,,,0,0,
21,2018,4,2018q4,Kentucky -- Statewide,159258.66666666666,11.978284993722307,328,Kentucky,KY,7.25,7.25,7.25,7.25,7.25,7.25,40,7.25,1.9810014688665833,251.107,6.628873348811463,1.8914348574516775,East South Central,0.0,0.0,0.0,False,False,False,False,,0,0,,,0,0,
21,2019,1,2019q1,Kentucky -- Statewide,157170.33333333334,11.965085421913919,316,Kentucky,KY,7.25,7.25,7.25,7.25,7.25,7.25,41,7.25,1.9810014688665833,255.657,6.510897413331143,1.8734772982299916,East South Central,0.0,0.0,0.0,False,False,False,False,,0,0,,,0,0,
21,2019,2,2019q2,Kentucky -- Statewide,164229.0,12.009017074291574,324,Kentucky,KY,7.25,7.25,7.25,7.25,7.25,7.25,42,7.25,1.9810014688665833,255.657,6.510897413331143,1.8734772982299916,East South Central,0.0,0.0,0.0,False,False,False,False,,0,0,,,0,0,
21,2019,3,2019q3,Kentucky -- Statewide,162665.66666666666,11.999452248607295,333,Kentucky,KY,7.25,7.25,7.25,7.25,7.25,7.25,43,7.25,1.9810014688665833,255.657,6.510897413331143,1.8734772982299916,East South Central,0.0,0.0,0.0,False,False,False,False,,0,0,,,0,0,
21,2019,4,2019q4,Kentucky -- Statewide,162263.0,11.996973754623204,337,Kentucky,KY,7.25,7.25,7.25,7.25,7.25,7.25,44,7.25,1.9810014688665833,255.657,6.510897413331143,1.8734772982299916,East South Central,0.0,0.0,0.0,False,False,False,False,,0,0,,,0,0,
22,2009,1,2009q1,Louisiana -- Statewide,138963.33333333334,11.841965388345574,270,Louisiana,LA,6.55,6.550000190734863,6.550000000000002,6.550000190734863,6.55,6.550000190734863,1,6.550000190734863,1.8794650787669867,214.537,7.009703425477097,1.9472953928016028,West South Central,,,,False,False,False,False,,0,0,,,0,0,
22,2009,2,2009q2,Louisiana -- Statewide,141210.66666666666,11.858008144153114,272,Louisiana,LA,6.55,6.550000190734863,6.550000000000001,6.550000190734863,6.55,6.550000190734863,2,6.550000190734863,1.8794650787669867,214.537,7.009703425477097,1.9472953928016028,West South Central,0.0,0.0,0.0,False,False,False,False,,0,0,,,0,0,
22,2009,3,2009q3,Louisiana -- Statewide,138545.0,11.838950461585082,278,Louisiana,LA,6.55,6.550000190734863,7.075,7.074999809265137,7.25,7.25,3,7.075,1.9565674435293015,214.537,7.571549662762134,2.024397757563918,West South Central,0.5249996185302734,0.5249998092651369,0.0771023647623148,False,False,False,False,,0,0,,,0,0,
22,2009,4,2009q4,Louisiana -- Statewide,137072.66666666666,11.828266477815982,290,Louisiana,LA,7.25,7.25,7.25,7.25,7.25,7.25,4,7.25,1.9810014688665833,214.537,7.758831809897592,2.0488317829011997,West South Central,0.17500019073486328,0.17499999999999982,0.024434025337281895,False,False,False,False,,0,0,,,0,0,
22,2010,1,2010q1,Louisiana -- Statewide,137278.33333333334,11.82976577401095,278,Louisiana,LA,7.25,7.25,7.25,7.25,7.25,7.25,5,7.25,1.9810014688665833,218.056,7.633619345489231,2.032562090031529,West South Central,0.0,0.0,0.0,False,False,False,False,,0,0,,,0,0,
22,2010,2,2010q2,Louisiana -- Statewide,140568.66666666666,11.85345137908958,286,Louisiana,LA,7.25,7.25,7.25,7.25,7.25,7.25,6,7.25,1.9810014688665833,218.056,7.633619345489231,2.032562090031529,West South Central,0.0,0.0,0.0,False,False,False,False,,0,0,,,0,0,
22,2010,3,2010q3,Louisiana -- Statewide,138608.0,11.839405084129922,291,Louisiana,LA,7.25,7.25,7.25,7.25,7.25,7.25,7,7.25,1.9810014688665833,218.056,7.633619345489231,2.032562090031529,West South Central,0.0,0.0,0.0,False,False,False,False,,0,0,,,0,0,
22,2010,4,2010q4,Louisiana -- Statewide,140157.33333333334,11.850520880114034,301,Louisiana,LA,7.25,7.25,7.25,7.25,7.25,7.25,8,7.25,1.9810014688665833,218.056,7.633619345489231,2.032562090031529,West South Central,0.0,0.0,0.0,False,False,False,False,,0,0,,,0,0,
22,2011,1,2011q1,Louisiana -- Statewide,141598.33333333334,11.860749689927665,281,Louisiana,LA,7.25,7.25,7.25,7.25,7.25,7.25,9,7.25,1.9810014688665833,224.939,7.400035120632705,2.0014847462303083,West South Central,0.0,0.0,0.0,False,False,False,False,,0,0,,,0,0,
22,2011,2,2011q2,Louisiana -- Statewide,147211.66666666666,11.8996267393826,290,Louisiana,LA,7.25,7.25,7.25,7.25,7.25,7.25,10,7.25,1.9810014688665833,224.939,7.400035120632705,2.0014847462303083,West South Central,0.0,0.0,0.0,False,False,False,False,,0,0,,,0,0,
22,2011,3,2011q3,Louisiana -- Statewide,145388.33333333334,11.88716360243954,293,Louisiana,LA,7.25,7.25,7.25,7.25,7.25,7.25,11,7.25,1.9810014688665833,224.939,7.400035120632705,2.0014847462303083,West South Central,0.0,0.0,0.0,False,False,False,False,,0,0,,,0,0,
22,2011,4,2011q4,Louisiana -- Statewide,146954.0,11.897874891619507,297,Louisiana,LA,7.25,7.25,7.25,7.25,7.25,7.25,12,7.25,1.9810014688665833,224.939,7.400035120632705,2.0014847462303083,West South Central,0.0,0.0,0.0,False,False,False,False,,0,0,,,0,0,
22,2012,1,2012q1,Louisiana -- Statewide,148317.0,11.907107154057906,293,Louisiana,LA,7.25,7.25,7.25,7.25,7.25,7.25,13,7.25,1.9810014688665833,229.594,7.25,1.9810014688665833,West South Central,0.0,0.0,0.0,False,False,False,False,,0,0,,,0,0,
22,2012,2,2012q2,Louisiana -- Statewide,151482.66666666666,11.92822648594493,294,Louisiana,LA,7.25,7.25,7.25,7.25,7.25,7.25,14,7.25,1.9810014688665833,229.594,7.25,1.9810014688665833,West South Central,0.0,0.0,0.0,False,False,False,False,,0,0,,,0,0,
22,2012,3,2012q3,Louisiana -- Statewide,149722.66666666666,11.916539972884776,288,Louisiana,LA,7.25,7.25,7.25,7.25,7.25,7.25,15,7.25,1.9810014688665833,229.594,7.25,1.9810014688665833,West South Central,0.0,0.0,0.0,False,False,False,False,,0,0,,,0,0,
22,2012,4,2012q4,Louisiana -- Statewide,150500.66666666666,11.921722792840105,306,Louisiana,LA,7.25,7.25,7.25,7.25,7.25,7.25,16,7.25,1.9810014688665833,229.594,7.25,1.9810014688665833,West South Central,0.0,0.0,0.0,False,False,False,False,,0,0,,,0,0,
22,2013,1,2013q1,Louisiana -- Statewide,151284.66666666666,11.926918550732456,295,Louisiana,LA,7.25,7.25,7.25,7.25,7.25,7.25,17,7.25,1.9810014688665833,232.957,7.14533798082908,1.966460113388207,West South Central,0.0,0.0,0.0,False,False,False,False,,0,0,,,0,0,
22,2013,2,2013q2,Louisiana -- Statewide,156743.66666666666,11.962367053638499,298,Louisiana,LA,7.25,7.25,7.25,7.25,7.25,7.25,18,7.25,1.9810014688665833,232.957,7.14533798082908,1.966460113388207,West South Central,0.0,0.0,0.0,False,False,False,False,,0,0,,,0,0,
22,2013,3,2013q3,Louisiana -- Statewide,155175.33333333334,11.952310939391893,297,Louisiana,LA,7.25,7.25,7.25,7.25,7.25,7.25,19,7.25,1.9810014688665833,232.957,7.14533798082908,1.966460113388207,West South Central,0.0,0.0,0.0,False,False,False,False,,0,0,,,0,0,
22,2013,4,2013q4,Louisiana -- Statewide,155713.0,11.95576984823519,310,Louisiana,LA,7.25,7.25,7.25,7.25,7.25,7.25,20,7.25,1.9810014688665833,232.957,7.14533798082908,1.966460113388207,West South Central,0.0,0.0,0.0,False,False,False,False,,0,0,,,0,0,
22,2014,1,2014q1,Louisiana -- Statewide,156430.66666666666,11.960368166303857,297,Louisiana,LA,7.25,7.25,7.25,7.25,7.25,7.25,21,7.25,1.9810014688665833,236.736,7.031277456745066,1.9503684043563676,West South Central,0.0,0.0,0.0,False,False,False,False,,0,0,,,0,0,
22,2014,2,2014q2,Louisiana -- Statewide,162355.0,11.997540574716131,304,Louisiana,LA,7.25,7.25,7.25,7.25,7.25,7.25,22,7.25,1.9810014688665833,236.736,7.031277456745066,1.9503684043563676,West South Central,0.0,0.0,0.0,False,False,False,False,,0,0,,,0,0,
22,2014,3,2014q3,Louisiana -- Statewide,160671.66666666666,11.98711822421235,301,Louisiana,LA,7.25,7.25,7.25,7.25,7.25,7.25,23,7.25,1.9810014688665833,236.736,7.031277456745066,1.9503684043563676,West South Central,0.0,0.0,0.0,False,False,False,False,,0,0,,,0,0,
22,2014,4,2014q4,Louisiana -- Statewide,161582.0,11.992768032726621,320,Louisiana,LA,7.25,7.25,7.25,7.25,7.25,7.25,24,7.25,1.9810014688665833,236.736,7.031277456745066,1.9503684043563676,West South Central,0.0,0.0,0.0,False,False,False,False,,0,0,,,0,0,
22,2015,1,2015q1,Louisiana -- Statewide,162035.33333333334,11.995569697428532,305,Louisiana,LA,7.25,7.25,7.25,7.25,7.25,7.25,25,7.25,1.9810014688665833,237.017,7.022941392389575,1.9491821320458897,West South Central,0.0,0.0,0.0,False,False,False,False,,0,0,,,0,0,
22,2015,2,2015q2,Louisiana -- Statewide,165918.0,12.019248969388775,313,Louisiana,LA,7.25,7.25,7.25,7.25,7.25,7.25,26,7.25,1.9810014688665833,237.017,7.022941392389575,1.9491821320458897,West South Central,0.0,0.0,0.0,False,False,False,False,,0,0,,,0,0,
22,2015,3,2015q3,Louisiana -- Statewide,164481.33333333334,12.010552367571464,311,Louisiana,LA,7.25,7.25,7.25,7.25,7.25,7.25,27,7.25,1.9810014688665833,237.017,7.022941392389575,1.9491821320458897,West South Central,0.0,0.0,0.0,False,False,False,False,,0,0,,,0,0,
22,2015,4,2015q4,Louisiana -- Statewide,167196.33333333334,12.026924049567715,325,Louisiana,LA,7.25,7.25,7.25,7.25,7.25,7.25,28,7.25,1.9810014688665833,237.017,7.022941392389575,1.9491821320458897,West South Central,0.0,0.0,0.0,False,False,False,False,,0,0,,,0,0,
22,2016,1,2016q1,Louisiana -- Statewide,167490.0,12.028678926972516,304,Louisiana,LA,7.25,7.25,7.25,7.25,7.25,7.25,29,7.25,1.9810014688665833,240.007,6.935449799380851,1.9366459109830372,West South Central,0.0,0.0,0.0,False,False,False,False,,0,0,,,0,0,
22,2016,2,2016q2,Louisiana -- Statewide,171227.33333333334,12.050747387266778,313,Louisiana,LA,7.25,7.25,7.25,7.25,7.25,7.25,30,7.25,1.9810014688665833,240.007,6.935449799380851,1.9366459109830372,West South Central,0.0,0.0,0.0,False,False,False,False,,0,0,,,0,0,
22,2016,3,2016q3,Louisiana -- Statewide,167180.0,12.026826355253148,315,Louisiana,LA,7.25,7.25,7.25,7.25,7.25,7.25,31,7.25,1.9810014688665833,240.007,6.935449799380851,1.9366459109830372,West South Central,0.0,0.0,0.0,False,False,False,False,,0,0,,,0,0,
22,2016,4,2016q4,Louisiana -- Statewide,166618.66666666666,12.023463047256255,325,Louisiana,LA,7.25,7.25,7.25,7.25,7.25,7.25,32,7.25,1.9810014688665833,240.007,6.935449799380851,1.9366459109830372,West South Central,0.0,0.0,0.0,False,False,False,False,,0,0,,,0,0,
22,2017,1,2017q1,Louisiana -- Statewide,166923.66666666666,12.025291901074977,321,Louisiana,LA,7.25,7.25,7.25,7.25,7.25,7.25,33,7.25,1.9810014688665833,245.12,6.7907820659268925,1.9155661140141298,West South Central,0.0,0.0,0.0,False,False,False,False,,0,0,,,0,0,
22,2017,2,2017q2,Louisiana -- Statewide,170946.66666666666,12.049106895998527,324,Louisiana,LA,7.25,7.25,7.25,7.25,7.25,7.25,34,7.25,1.9810014688665833,245.12,6.7907820659268925,1.9155661140141298,West South Central,0.0,0.0,0.0,False,False,False,False,,0,0,,,0,0,
22,2017,3,2017q3,Louisiana -- Statewide,169442.33333333334,12.040267931593423,316,Louisiana,LA,7.25,7.25,7.25,7.25,7.25,7.25,35,7.25,1.9810014688665833,245.12,6.7907820659268925,1.9155661140141298,West South Central,0.0,0.0,0.0,False,False,False,False,,0,0,,,0,0,
22,2017,4,2017q4,Louisiana -- Statewide,170925.0,12.048980142781994,329,Louisiana,LA,7.25,7.25,7.25,7.25,7.25,7.25,36,7.25,1.9810014688665833,245.12,6.7907820659268925,1.9155661140141298,West South Central,0.0,0.0,0.0,False,False,False,False,,0,0,,,0,0,
22,2018,1,2018q1,Louisiana -- Statewide,171366.66666666666,12.051560789375486,327,Louisiana,LA,7.25,7.25,7.25,7.25,7.25,7.25,37,7.25,1.9810014688665833,251.107,6.628873348811463,1.8914348574516775,West South Central,0.0,0.0,0.0,False,False,False,False,,0,0,,,0,0,
22,2018,2,2018q2,Louisiana -- Statewide,175041.66666666666,12.072779319803573,330,Louisiana,LA,7.25,7.25,7.25,7.25,7.25,7.25,38,7.25,1.9810014688665833,251.107,6.628873348811463,1.8914348574516775,West South Central,0.0,0.0,0.0,False,False,False,False,,0,0,,,0,0,
22,2018,3,2018q3,Louisiana -- Statewide,173350.33333333334,12.06306987400335,324,Louisiana,LA,7.25,7.25,7.25,7.25,7.25,7.25,39,7.25,1.9810014688665833,251.107,6.628873348811463,1.8914348574516775,West South Central,0.0,0.0,0.0,False,False,False,False,,0,0,,,0,0,
22,2018,4,2018q4,Louisiana -- Statewide,173532.66666666666,12.064121141146021,341,Louisiana,LA,7.25,7.25,7.25,7.25,7.25,7.25,40,7.25,1.9810014688665833,251.107,6.628873348811463,1.8914348574516775,West South Central,0.0,0.0,0.0,False,False,False,False,,0,0,,,0,0,
22,2019,1,2019q1,Louisiana -- Statewide,173159.0,12.061965526533466,336,Louisiana,LA,7.25,7.25,7.25,7.25,7.25,7.25,41,7.25,1.9810014688665833,255.657,6.510897413331143,1.8734772982299916,West South Central,0.0,0.0,0.0,False,False,False,False,,0,0,,,0,0,
22,2019,2,2019q2,Louisiana -- Statewide,177257.33333333334,12.085357816364118,339,Louisiana,LA,7.25,7.25,7.25,7.25,7.25,7.25,42,7.25,1.9810014688665833,255.657,6.510897413331143,1.8734772982299916,West South Central,0.0,0.0,0.0,False,False,False,False,,0,0,,,0,0,
22,2019,3,2019q3,Louisiana -- Statewide,174049.0,12.067092147747642,335,Louisiana,LA,7.25,7.25,7.25,7.25,7.25,7.25,43,7.25,1.9810014688665833,255.657,6.510897413331143,1.8734772982299916,West South Central,0.0,0.0,0.0,False,False,False,False,,0,0,,,0,0,
22,2019,4,2019q4,Louisiana -- Statewide,174920.33333333334,12.072085911158092,346,Louisiana,LA,7.25,7.25,7.25,7.25,7.25,7.25,44,7.25,1.9810014688665833,255.657,6.510897413331143,1.8734772982299916,West South Central,0.0,0.0,0.0,False,False,False,False,,0,0,,,0,0,
23,2009,1,2009q1,Maine -- Statewide,34953.666666666664,10.461778653937833,258,Maine,ME,6.55,7.25,6.550000000000002,7.25,6.55,7.25,1,7.25,1.9810014688665833,214.537,7.758831809897592,2.0488317829011997,New England,,,,True,False,False,False,33.0,33,0,-32.0,33.0,33,0,-32.0
23,2009,2,2009q2,Maine -- Statewide,41333.0,10.629416491370417,260,Maine,ME,6.55,7.25,6.550000000000001,7.25,6.55,7.25,2,7.25,1.9810014688665833,214.537,7.758831809897592,2.0488317829011997,New England,0.0,0.0,0.0,True,False,False,False,33.0,33,0,-31.0,33.0,33,0,-31.0
23,2009,3,2009q3,Maine -- Statewide,46533.666666666664,10.747931343940426,299,Maine,ME,6.55,7.25,7.074999999999998,7.25,7.25,7.25,3,7.25,1.9810014688665833,214.537,7.758831809897592,2.0488317829011997,New England,0.0,0.0,0.0,True,False,False,False,33.0,33,0,-30.0,33.0,33,0,-30.0
23,2009,4,2009q4,Maine -- Statewide,39453.666666666664,10.582882266610616,288,Maine,ME,7.25,7.5,7.25,7.5,7.25,7.5,4,7.5,2.0149030205422647,214.537,8.02637773437682,2.082733334576881,New England,0.25,0.25,0.03390155167568132,True,False,False,False,33.0,33,0,-29.0,33.0,33,0,-29.0
23,2010,1,2010q1,Maine -- Statewide,35510.333333333336,10.477579012920204,261,Maine,ME,7.25,7.5,7.25,7.5,7.25,7.5,5,7.5,2.0149030205422647,218.056,7.896847598781964,2.06646364170721,New England,0.0,0.0,0.0,True,False,False,False,33.0,33,0,-28.0,33.0,33,0,-28.0
23,2010,2,2010q2,Maine -- Statewide,41649.0,10.637032637702912,269,Maine,ME,7.25,7.5,7.25,7.5,7.25,7.5,6,7.5,2.0149030205422647,218.056,7.896847598781964,2.06646364170721,New England,0.0,0.0,0.0,True,False,False,False,33.0,33,0,-27.0,33.0,33,0,-27.0
23,2010,3,2010q3,Maine -- Statewide,47039.0,10.758732323843143,314,Maine,ME,7.25,7.5,7.25,7.5,7.25,7.5,7,7.5,2.0149030205422647,218.056,7.896847598781964,2.06646364170721,New England,0.0,0.0,0.0,True,False,False,False,33.0,33,0,-26.0,33.0,33,0,-26.0
23,2010,4,2010q4,Maine -- Statewide,39596.333333333336,10.58649180036302,299,Maine,ME,7.25,7.5,7.25,7.5,7.25,7.5,8,7.5,2.0149030205422647,218.056,7.896847598781964,2.06646364170721,New England,0.0,0.0,0.0,True,False,False,False,33.0,33,0,-25.0,33.0,33,0,-25.0
23,2011,1,2011q1,Maine -- Statewide,35495.333333333336,10.477156511423427,267,Maine,ME,7.25,7.5,7.25,7.5,7.25,7.5,9,7.5,2.0149030205422647,224.939,7.655208745482108,2.0353862979059896,New England,0.0,0.0,0.0,True,False,False,False,33.0,33,0,-24.0,33.0,33,0,-24.0
23,2011,2,2011q2,Maine -- Statewide,41861.0,10.642109884868974,272,Maine,ME,7.25,7.5,7.25,7.5,7.25,7.5,10,7.5,2.0149030205422647,224.939,7.655208745482108,2.0353862979059896,New England,0.0,0.0,0.0,True,False,False,False,33.0,33,0,-23.0,33.0,33,0,-23.0
23,2011,3,2011q3,Maine -- Statewide,47636.0,10.771344056887887,325,Maine,ME,7.25,7.5,7.25,7.5,7.25,7.5,11,7.5,2.0149030205422647,224.939,7.655208745482108,2.0353862979059896,New England,0.0,0.0,0.0,True,False,False,False,33.0,33,0,-22.0,33.0,33,0,-22.0
23,2011,4,2011q4,Maine -- Statewide,39565.0,10.585700168043294,294,Maine,ME,7.25,7.5,7.25,7.5,7.25,7.5,12,7.5,2.0149030205422647,224.939,7.655208745482108,2.0353862979059896,New England,0.0,0.0,0.0,True,False,False,False,33.0,33,0,-21.0,33.0,33,0,-21.0
23,2012,1,2012q1,Maine -- Statewide,36238.333333333336,10.497872769401049,282,Maine,ME,7.25,7.5,7.25,7.5,7.25,7.5,13,7.5,2.0149030205422647,229.594,7.5,2.0149030205422647,New England,0.0,0.0,0.0,True,False,False,False,33.0,33,0,-20.0,33.0,33,0,-20.0
23,2012,2,2012q2,Maine -- Statewide,42990.333333333336,10.668730563201448,280,Maine,ME,7.25,7.5,7.25,7.5,7.25,7.5,14,7.5,2.0149030205422647,229.594,7.5,2.0149030205422647,New England,0.0,0.0,0.0,True,False,False,False,33.0,33,0,-19.0,33.0,33,0,-19.0
23,2012,3,2012q3,Maine -- Statewide,47707.333333333336,10.772840403704164,323,Maine,ME,7.25,7.5,7.25,7.5,7.25,7.5,15,7.5,2.0149030205422647,229.594,7.5,2.0149030205422647,New England,0.0,0.0,0.0,True,False,False,False,33.0,33,0,-18.0,33.0,33,0,-18.0
23,2012,4,2012q4,Maine -- Statewide,40047.333333333336,10.59781736684236,306,Maine,ME,7.25,7.5,7.25,7.5,7.25,7.5,16,7.5,2.0149030205422647,229.594,7.5,2.0149030205422647,New England,0.0,0.0,0.0,True,False,False,False,33.0,33,0,-17.0,33.0,33,0,-17.0
23,2013,1,2013q1,Maine -- Statewide,36685.333333333336,10.510132317472722,286,Maine,ME,7.25,7.5,7.25,7.5,7.25,7.5,17,7.5,2.0149030205422647,232.957,7.391728945685255,2.0003616650638882,New England,0.0,0.0,0.0,True,False,False,False,33.0,33,0,-16.0,33.0,33,0,-16.0
23,2013,2,2013q2,Maine -- Statewide,43823.0,10.687914072695598,289,Maine,ME,7.25,7.5,7.25,7.5,7.25,7.5,18,7.5,2.0149030205422647,232.957,7.391728945685255,2.0003616650638882,New England,0.0,0.0,0.0,True,False,False,False,33.0,33,0,-15.0,33.0,33,0,-15.0
23,2013,3,2013q3,Maine -- Statewide,49497.0,10.809667340659555,330,Maine,ME,7.25,7.5,7.25,7.5,7.25,7.5,19,7.5,2.0149030205422647,232.957,7.391728945685255,2.0003616650638882,New England,0.0,0.0,0.0,True,False,False,False,33.0,33,0,-14.0,33.0,33,0,-14.0
23,2013,4,2013q4,Maine -- Statewide,41141.666666666664,10.624776674458953,314,Maine,ME,7.25,7.5,7.25,7.5,7.25,7.5,20,7.5,2.0149030205422647,232.957,7.391728945685255,2.0003616650638882,New England,0.0,0.0,0.0,True,False,False,False,33.0,33,0,-13.0,33.0,33,0,-13.0
23,2014,1,2014q1,Maine -- Statewide,37101.0,10.521399202410167,291,Maine,ME,7.25,7.5,7.25,7.5,7.25,7.5,21,7.5,2.0149030205422647,236.736,7.273735300081103,1.984269956032049,New England,0.0,0.0,0.0,True,False,False,False,33.0,33,0,-12.0,33.0,33,0,-12.0
23,2014,2,2014q2,Maine -- Statewide,44086.666666666664,10.693912672560543,296,Maine,ME,7.25,7.5,7.25,7.5,7.25,7.5,22,7.5,2.0149030205422647,236.736,7.273735300081103,1.984269956032049,New England,0.0,0.0,0.0,True,False,False,False,33.0,33,0,-11.0,33.0,33,0,-11.0
23,2014,3,2014q3,Maine -- Statewide,49411.666666666664,10.807941842634328,344,Maine,ME,7.25,7.5,7.25,7.5,7.25,7.5,23,7.5,2.0149030205422647,236.736,7.273735300081103,1.984269956032049,New England,0.0,0.0,0.0,True,False,False,False,33.0,33,0,-10.0,33.0,33,0,-10.0
23,2014,4,2014q4,Maine -- Statewide,41334.666666666664,10.6294568134633,332,Maine,ME,7.25,7.5,7.25,7.5,7.25,7.5,24,7.5,2.0149030205422647,236.736,7.273735300081103,1.984269956032049,New England,0.0,0.0,0.0,True,False,False,False,33.0,33,0,-9.0,33.0,33,0,-9.0
23,2015,1,2015q1,Maine -- Statewide,37793.0,10.5398791792736,300,Maine,ME,7.25,7.5,7.25,7.5,7.25,7.5,25,7.5,2.0149030205422647,237.017,7.265111785230595,1.983083683721571,New England,0.0,0.0,0.0,True,False,False,False,33.0,33,0,-8.0,33.0,33,0,-8.0
23,2015,2,2015q2,Maine -- Statewide,44718.666666666664,10.708146292238407,314,Maine,ME,7.25,7.5,7.25,7.5,7.25,7.5,26,7.5,2.0149030205422647,237.017,7.265111785230595,1.983083683721571,New England,0.0,0.0,0.0,True,False,False,False,33.0,33,0,-7.0,33.0,33,0,-7.0
23,2015,3,2015q3,Maine -- Statewide,49862.0,10.817014468587551,363,Maine,ME,7.25,7.5,7.25,7.5,7.25,7.5,27,7.5,2.0149030205422647,237.017,7.265111785230595,1.983083683721571,New England,0.0,0.0,0.0,True,False,False,False,33.0,33,0,-6.0,33.0,33,0,-6.0
23,2015,4,2015q4,Maine -- Statewide,41827.0,10.641297343002263,359,Maine,ME,7.25,7.5,7.25,7.5,7.25,7.5,28,7.5,2.0149030205422647,237.017,7.265111785230595,1.983083683721571,New England,0.0,0.0,0.0,True,False,False,False,33.0,33,0,-5.0,33.0,33,0,-5.0
23,2016,1,2016q1,Maine -- Statewide,38758.0,10.565092465086195,317,Maine,ME,7.25,7.5,7.25,7.5,7.25,7.5,29,7.5,2.0149030205422647,240.007,7.174603240738811,1.9705474626587187,New England,0.0,0.0,0.0,True,False,False,False,33.0,33,0,-4.0,33.0,33,0,-4.0
23,2016,2,2016q2,Maine -- Statewide,45645.333333333336,10.728656653707391,331,Maine,ME,7.25,7.5,7.25,7.5,7.25,7.5,30,7.5,2.0149030205422647,240.007,7.174603240738811,1.9705474626587187,New England,0.0,0.0,0.0,True,False,False,False,33.0,33,0,-3.0,33.0,33,0,-3.0
23,2016,3,2016q3,Maine -- Statewide,51154.333333333336,10.842602485940628,395,Maine,ME,7.25,7.5,7.25,7.5,7.25,7.5,31,7.5,2.0149030205422647,240.007,7.174603240738811,1.9705474626587187,New England,0.0,0.0,0.0,True,False,False,False,33.0,33,0,-2.0,33.0,33,0,-2.0
23,2016,4,2016q4,Maine -- Statewide,43341.0,10.676854348197491,360,Maine,ME,7.25,7.5,7.25,7.5,7.25,7.5,32,7.5,2.0149030205422647,240.007,7.174603240738811,1.9705474626587187,New England,0.0,0.0,0.0,True,False,False,False,33.0,33,0,-1.0,33.0,33,0,-1.0
23,2017,1,2017q1,Maine -- Statewide,40169.666666666664,10.600867429252348,344,Maine,ME,7.25,9.0,7.25,9.0,7.25,9.0,33,9.0,2.1972245773362196,245.12,8.42993635770235,2.1317892224837656,New England,1.5,1.5,0.1823215567939549,True,True,True,True,33.0,33,1,0.0,33.0,33,1,0.0
23,2017,2,2017q2,Maine -- Statewide,46848.666666666664,10.754677827638675,356,Maine,ME,7.25,9.0,7.25,9.0,7.25,9.0,34,9.0,2.1972245773362196,245.12,8.42993635770235,2.1317892224837656,New England,0.0,0.0,0.0,True,False,False,False,33.0,33,1,1.0,33.0,33,1,1.0
23,2017,3,2017q3,Maine -- Statewide,52345.666666666664,10.865624436686618,404,Maine,ME,7.25,9.0,7.25,9.0,7.25,9.0,35,9.0,2.1972245773362196,245.12,8.42993635770235,2.1317892224837656,New England,0.0,0.0,0.0,True,False,False,False,33.0,33,1,2.0,33.0,33,1,2.0
23,2017,4,2017q4,Maine -- Statewide,44456.0,10.702255214959758,383,Maine,ME,7.25,9.0,7.25,9.0,7.25,9.0,36,9.0,2.1972245773362196,245.12,8.42993635770235,2.1317892224837656,New England,0.0,0.0,0.0,True,False,False,False,33.0,33,1,3.0,33.0,33,1,3.0
23,2018,1,2018q1,Maine -- Statewide,40637.333333333336,10.612442463301587,358,Maine,ME,7.25,10.0,7.25,10.0,7.25,10.0,37,10.0,2.302585092994046,251.107,9.143273584567535,2.2130184815791396,New England,1.0,1.0,0.10536051565782634,True,True,True,True,33.0,33,1,4.0,33.0,33,1,4.0
23,2018,2,2018q2,Maine -- Statewide,47622.0,10.77105011831893,374,Maine,ME,7.25,10.0,7.25,10.0,7.25,10.0,38,10.0,2.302585092994046,251.107,9.143273584567535,2.2130184815791396,New England,0.0,0.0,0.0,True,False,False,False,33.0,33,1,5.0,33.0,33,1,5.0
23,2018,3,2018q3,Maine -- Statewide,53618.0,10.8896401115792,425,Maine,ME,7.25,10.0,7.25,10.0,7.25,10.0,39,10.0,2.302585092994046,251.107,9.143273584567535,2.2130184815791396,New England,0.0,0.0,0.0,True,False,False,False,33.0,33,1,6.0,33.0,33,1,6.0
23,2018,4,2018q4,Maine -- Statewide,45000.0,10.714417768752456,404,Maine,ME,7.25,10.0,7.25,10.0,7.25,10.0,40,10.0,2.302585092994046,251.107,9.143273584567535,2.2130184815791396,New England,0.0,0.0,0.0,True,False,False,False,33.0,33,1,7.0,33.0,33,1,7.0
23,2019,1,2019q1,Maine -- Statewide,41777.0,10.640101227841237,377,Maine,ME,7.25,11.0,7.25,11.0,7.25,11.0,41,11.0,2.3978952727983707,255.657,9.8786029719507,2.290371102161779,New England,1.0,1.0,0.09531017980432477,True,True,True,True,33.0,33,1,8.0,33.0,33,1,8.0
23,2019,2,2019q2,Maine -- Statewide,48285.333333333336,10.784883135832368,392,Maine,ME,7.25,11.0,7.25,11.0,7.25,11.0,42,11.0,2.3978952727983707,255.657,9.8786029719507,2.290371102161779,New England,0.0,0.0,0.0,True,False,False,False,33.0,33,1,9.0,33.0,33,1,9.0
23,2019,3,2019q3,Maine -- Statewide,53796.0,10.89295439394344,451,Maine,ME,7.25,11.0,7.25,11.0,7.25,11.0,43,11.0,2.3978952727983707,255.657,9.8786029719507,2.290371102161779,New England,0.0,0.0,0.0,True,False,False,False,33.0,33,1,10.0,33.0,33,1,10.0
23,2019,4,2019q4,Maine -- Statewide,45424.0,10.723795878712753,428,Maine,ME,7.25,11.0,7.25,11.0,7.25,11.0,44,11.0,2.3978952727983707,255.657,9.8786029719507,2.290371102161779,New England,0.0,0.0,0.0,True,False,False,False,33.0,33,1,11.0,33.0,33,1,11.0
24,2009,1,2009q1,Maryland -- Statewide,164315.0,12.009540596267104,303,Maryland,MD,6.55,6.550000190734863,6.550000000000002,6.550000190734863,6.55,6.550000190734863,1,6.550000190734863,1.8794650787669867,214.537,7.009703425477097,1.9472953928016028,South Atlantic,,,,False,False,False,False,25.0,25,0,-24.0,25.0,25,0,-24.0
24,2009,2,2009q2,Maryland -- Statewide,176335.66666666666,12.080144654598955,305,Maryland,MD,6.55,6.550000190734863,6.550000000000001,6.550000190734863,6.55,6.550000190734863,2,6.550000190734863,1.8794650787669867,214.537,7.009703425477097,1.9472953928016028,South Atlantic,0.0,0.0,0.0,False,False,False,False,25.0,25,0,-23.0,25.0,25,0,-23.0
24,2009,3,2009q3,Maryland -- Statewide,177953.66666666666,12.089278495764926,313,Maryland,MD,6.55,6.550000190734863,7.075,7.074999809265137,7.25,7.25,3,7.075,1.9565674435293015,214.537,7.571549662762134,2.024397757563918,South Atlantic,0.5249996185302734,0.5249998092651369,0.0771023647623148,False,False,False,False,25.0,25,0,-22.0,25.0,25,0,-22.0
24,2009,4,2009q4,Maryland -- Statewide,168143.0,12.032570086804412,326,Maryland,MD,7.25,7.25,7.25,7.25,7.25,7.25,4,7.25,1.9810014688665833,214.537,7.758831809897592,2.0488317829011997,South Atlantic,0.17500019073486328,0.17499999999999982,0.024434025337281895,False,False,False,False,25.0,25,0,-21.0,25.0,25,0,-21.0
24,2010,1,2010q1,Maryland -- Statewide,160334.0,11.985014418415302,301,Maryland,MD,7.25,7.25,7.25,7.25,7.25,7.25,5,7.25,1.9810014688665833,218.056,7.633619345489231,2.032562090031529,South Atlantic,0.0,0.0,0.0,False,False,False,False,25.0,25,0,-20.0,25.0,25,0,-20.0
24,2010,2,2010q2,Maryland -- Statewide,174339.66666666666,12.068760782590966,316,Maryland,MD,7.25,7.25,7.25,7.25,7.25,7.25,6,7.25,1.9810014688665833,218.056,7.633619345489231,2.032562090031529,South Atlantic,0.0,0.0,0.0,False,False,False,False,25.0,25,0,-19.0,25.0,25,0,-19.0
24,2010,3,2010q3,Maryland -- Statewide,178282.33333333334,12.09112371500117,321,Maryland,MD,7.25,7.25,7.25,7.25,7.25,7.25,7,7.25,1.9810014688665833,218.056,7.633619345489231,2.032562090031529,South Atlantic,0.0,0.0,0.0,False,False,False,False,25.0,25,0,-18.0,25.0,25,0,-18.0
24,2010,4,2010q4,Maryland -- Statewide,171193.0,12.05054685400338,337,Maryland,MD,7.25,7.25,7.25,7.25,7.25,7.25,8,7.25,1.9810014688665833,218.056,7.633619345489231,2.032562090031529,South Atlantic,0.0,0.0,0.0,False,False,False,False,25.0,25,0,-17.0,25.0,25,0,-17.0
24,2011,1,2011q1,Maryland -- Statewide,163678.66666666666,12.005660435176386,306,Maryland,MD,7.25,7.25,7.25,7.25,7.25,7.25,9,7.25,1.9810014688665833,224.939,7.400035120632705,2.0014847462303083,South Atlantic,0.0,0.0,0.0,False,False,False,False,25.0,25,0,-16.0,25.0,25,0,-16.0
24,2011,2,2011q2,Maryland -- Statewide,177575.0,12.087148333866011,320,Maryland,MD,7.25,7.25,7.25,7.25,7.25,7.25,10,7.25,1.9810014688665833,224.939,7.400035120632705,2.0014847462303083,South Atlantic,0.0,0.0,0.0,False,False,False,False,25.0,25,0,-15.0,25.0,25,0,-15.0
24,2011,3,2011q3,Maryland -- Statewide,180766.66666666666,12.104962344161041,331,Maryland,MD,7.25,7.25,7.25,7.25,7.25,7.25,11,7.25,1.9810014688665833,224.939,7.400035120632705,2.0014847462303083,South Atlantic,0.0,0.0,0.0,False,False,False,False,25.0,25,0,-14.0,25.0,25,0,-14.0
24,2011,4,2011q4,Maryland -- Statewide,173407.0,12.06339671160258,332,Maryland,MD,7.25,7.25,7.25,7.25,7.25,7.25,12,7.25,1.9810014688665833,224.939,7.400035120632705,2.0014847462303083,South Atlantic,0.0,0.0,0.0,False,False,False,False,25.0,25,0,-13.0,25.0,25,0,-13.0
24,2012,1,2012q1,Maryland -- Statewide,171670.33333333334,12.05333124997296,322,Maryland,MD,7.25,7.25,7.25,7.25,7.25,7.25,13,7.25,1.9810014688665833,229.594,7.25,1.9810014688665833,South Atlantic,0.0,0.0,0.0,False,False,False,False,25.0,25,0,-12.0,25.0,25,0,-12.0
24,2012,2,2012q2,Maryland -- Statewide,186232.33333333334,12.134750277156696,322,Maryland,MD,7.25,7.25,7.25,7.25,7.25,7.25,14,7.25,1.9810014688665833,229.594,7.25,1.9810014688665833,South Atlantic,0.0,0.0,0.0,False,False,False,False,25.0,25,0,-11.0,25.0,25,0,-11.0
24,2012,3,2012q3,Maryland -- Statewide,190197.33333333334,12.155817408665664,326,Maryland,MD,7.25,7.25,7.25,7.25,7.25,7.25,15,7.25,1.9810014688665833,229.594,7.25,1.9810014688665833,South Atlantic,0.0,0.0,0.0,False,False,False,False,25.0,25,0,-10.0,25.0,25,0,-10.0
24,2012,4,2012q4,Maryland -- Statewide,181677.66666666666,12.109989333602883,338,Maryland,MD,7.25,7.25,7.25,7.25,7.25,7.25,16,7.25,1.9810014688665833,229.594,7.25,1.9810014688665833,South Atlantic,0.0,0.0,0.0,False,False,False,False,25.0,25,0,-9.0,25.0,25,0,-9.0
24,2013,1,2013q1,Maryland -- Statewide,177939.66666666666,12.089199820506382,320,Maryland,MD,7.25,7.25,7.25,7.25,7.25,7.25,17,7.25,1.9810014688665833,232.957,7.14533798082908,1.966460113388207,South Atlantic,0.0,0.0,0.0,False,False,False,False,25.0,25,0,-8.0,25.0,25,0,-8.0
24,2013,2,2013q2,Maryland -- Statewide,192486.33333333334,12.167780434518669,326,Maryland,MD,7.25,7.25,7.25,7.25,7.25,7.25,18,7.25,1.9810014688665833,232.957,7.14533798082908,1.966460113388207,South Atlantic,0.0,0.0,0.0,False,False,False,False,25.0,25,0,-7.0,25.0,25,0,-7.0
24,2013,3,2013q3,Maryland -- Statewide,194955.0,12.180524041683798,334,Maryland,MD,7.25,7.25,7.25,7.25,7.25,7.25,19,7.25,1.9810014688665833,232.957,7.14533798082908,1.966460113388207,South Atlantic,0.0,0.0,0.0,False,False,False,False,25.0,25,0,-6.0,25.0,25,0,-6.0
24,2013,4,2013q4,Maryland -- Statewide,187448.33333333334,12.14125853086464,343,Maryland,MD,7.25,7.25,7.25,7.25,7.25,7.25,20,7.25,1.9810014688665833,232.957,7.14533798082908,1.966460113388207,South Atlantic,0.0,0.0,0.0,False,False,False,False,25.0,25,0,-5.0,25.0,25,0,-5.0
24,2014,1,2014q1,Maryland -- Statewide,181748.0,12.110376391208673,324,Maryland,MD,7.25,7.25,7.25,7.25,7.25,7.25,21,7.25,1.9810014688665833,236.736,7.031277456745066,1.9503684043563676,South Atlantic,0.0,0.0,0.0,False,False,False,False,25.0,25,0,-4.0,25.0,25,0,-4.0
24,2014,2,2014q2,Maryland -- Statewide,197726.66666666666,12.194640884567754,334,Maryland,MD,7.25,7.25,7.25,7.25,7.25,7.25,22,7.25,1.9810014688665833,236.736,7.031277456745066,1.9503684043563676,South Atlantic,0.0,0.0,0.0,False,False,False,False,25.0,25,0,-3.0,25.0,25,0,-3.0
24,2014,3,2014q3,Maryland -- Statewide,199367.33333333334,12.20290429828137,342,Maryland,MD,7.25,7.25,7.25,7.25,7.25,7.25,23,7.25,1.9810014688665833,236.736,7.031277456745066,1.9503684043563676,South Atlantic,0.0,0.0,0.0,False,False,False,False,25.0,25,0,-2.0,25.0,25,0,-2.0
24,2014,4,2014q4,Maryland -- Statewide,191986.33333333334,12.165179467920908,353,Maryland,MD,7.25,7.25,7.25,7.25,7.25,7.25,24,7.25,1.9810014688665833,236.736,7.031277456745066,1.9503684043563676,South Atlantic,0.0,0.0,0.0,False,False,False,False,25.0,25,0,-1.0,25.0,25,0,-1.0
24,2015,1,2015q1,Maryland -- Statewide,186549.0,12.13644921814177,331,Maryland,MD,7.25,8.0,7.25,8.0,7.25,8.0,25,8.0,2.0794415416798357,237.017,7.749452570912635,2.047622204859142,South Atlantic,0.75,0.75,0.0984400728132524,True,True,True,True,25.0,25,1,0.0,25.0,25,1,0.0
24,2015,2,2015q2,Maryland -- Statewide,202631.66666666666,12.219145159997865,346,Maryland,MD,7.25,8.0,7.25,8.0,7.25,8.0,26,8.0,2.0794415416798357,237.017,7.749452570912635,2.047622204859142,South Atlantic,0.0,0.0,0.0,True,False,False,False,25.0,25,1,1.0,25.0,25,1,1.0
24,2015,3,2015q3,Maryland -- Statewide,204993.66666666666,12.230734363334363,358,Maryland,MD,7.25,8.25,7.25,8.25,7.25,8.25,27,8.25,2.1102132003465894,237.017,7.991622963753655,2.078393863525896,South Atlantic,0.25,0.25,0.030771658666753687,True,True,True,False,25.0,25,1,2.0,25.0,25,1,2.0
24,2015,4,2015q4,Maryland -- Statewide,197974.66666666666,12.195894355362922,378,Maryland,MD,7.25,8.25,7.25,8.25,7.25,8.25,28,8.25,2.1102132003465894,237.017,7.991622963753655,2.078393863525896,South Atlantic,0.0,0.0,0.0,True,False,False,False,25.0,25,1,3.0,25.0,25,1,3.0
24,2016,1,2016q1,Maryland -- Statewide,192861.0,12.169725001159302,349,Maryland,MD,7.25,8.25,7.25,8.25,7.25,8.25,29,8.25,2.1102132003465894,240.007,7.892063564812693,2.0658576424630435,South Atlantic,0.0,0.0,0.0,True,False,False,False,25.0,25,1,4.0,25.0,25,1,4.0
24,2016,2,2016q2,Maryland -- Statewide,207169.33333333334,12.241291773265617,361,Maryland,MD,7.25,8.25,7.25,8.25,7.25,8.25,30,8.25,2.1102132003465894,240.007,7.892063564812693,2.0658576424630435,South Atlantic,0.0,0.0,0.0,True,False,False,False,25.0,25,1,5.0,25.0,25,1,5.0
24,2016,3,2016q3,Maryland -- Statewide,208371.66666666666,12.247078623124505,386,Maryland,MD,7.25,8.75,7.25,8.75,7.25,8.75,31,8.75,2.169053700369523,240.007,8.370370447528613,2.1246981424859768,South Atlantic,0.5,0.5,0.05884050002293373,True,True,True,True,25.0,25,1,6.0,25.0,25,1,6.0
24,2016,4,2016q4,Maryland -- Statewide,202661.33333333334,12.219291556144455,381,Maryland,MD,7.25,8.75,7.25,8.75,7.25,8.75,32,8.75,2.169053700369523,240.007,8.370370447528613,2.1246981424859768,South Atlantic,0.0,0.0,0.0,True,False,False,False,25.0,25,1,7.0,25.0,25,1,7.0
24,2017,1,2017q1,Maryland -- Statewide,197971.66666666666,12.19587920179413,374,Maryland,MD,7.25,8.75,7.25,8.75,7.25,8.75,33,8.75,2.169053700369523,245.12,8.195771458877285,2.1036183455170696,South Atlantic,0.0,0.0,0.0,True,False,False,False,25.0,25,1,8.0,25.0,25,1,8.0
24,2017,2,2017q2,Maryland -- Statewide,210767.0,12.2585085369051,377,Maryland,MD,7.25,8.75,7.25,8.75,7.25,8.75,34,8.75,2.169053700369523,245.12,8.195771458877285,2.1036183455170696,South Atlantic,0.0,0.0,0.0,True,False,False,False,25.0,25,1,9.0,25.0,25,1,9.0
24,2017,3,2017q3,Maryland -- Statewide,210971.0,12.259475962254063,390,Maryland,MD,7.25,9.25,7.25,9.25,7.25,9.25,35,9.25,2.224623551524334,245.12,8.664101256527415,2.1591881966718804,South Atlantic,0.5,0.5,0.055569851154810834,True,True,True,True,25.0,25,1,10.0,25.0,25,1,10.0
24,2017,4,2017q4,Maryland -- Statewide,202675.66666666666,12.21936227918893,395,Maryland,MD,7.25,9.25,7.25,9.25,7.25,9.25,36,9.25,2.224623551524334,245.12,8.664101256527415,2.1591881966718804,South Atlantic,0.0,0.0,0.0,True,False,False,False,25.0,25,1,11.0,25.0,25,1,11.0
24,2018,1,2018q1,Maryland -- Statewide,197048.66666666666,12.191206016128126,389,Maryland,MD,7.25,9.25,7.25,9.25,7.25,9.25,37,9.25,2.224623551524334,251.107,8.457528065724969,2.1350569401094277,South Atlantic,0.0,0.0,0.0,True,False,False,False,25.0,25,1,12.0,25.0,25,1,12.0
24,2018,2,2018q2,Maryland -- Statewide,210689.33333333334,12.258139973609673,390,Maryland,MD,7.25,9.25,7.25,9.25,7.25,9.25,38,9.25,2.224623551524334,251.107,8.457528065724969,2.1350569401094277,South Atlantic,0.0,0.0,0.0,True,False,False,False,25.0,25,1,13.0,25.0,25,1,13.0
24,2018,3,2018q3,Maryland -- Statewide,213062.33333333334,12.269340046636872,403,Maryland,MD,7.25,10.100000381469727,7.25,10.100000381469727,7.25,10.100000381469727,39,10.100000381469727,2.312535461616493,251.107,9.234706669201417,2.222968850201587,South Atlantic,0.8500003814697266,0.8500003814697266,0.08791191009215904,True,True,True,True,25.0,25,1,14.0,25.0,25,1,14.0
24,2018,4,2018q4,Maryland -- Statewide,204193.33333333334,12.22682253644877,415,Maryland,MD,7.25,10.100000381469727,7.25,10.100000381469727,7.25,10.100000381469727,40,10.100000381469727,2.312535461616493,251.107,9.234706669201417,2.222968850201587,South Atlantic,0.0,0.0,0.0,True,False,False,False,25.0,25,1,15.0,25.0,25,1,15.0
24,2019,1,2019q1,Maryland -- Statewide,198223.66666666666,12.197151301754838,398,Maryland,MD,7.25,10.100000381469727,7.25,10.100000381469727,7.25,10.100000381469727,41,10.100000381469727,2.312535461616493,255.657,9.07035398046273,2.2050112909799013,South Atlantic,0.0,0.0,0.0,True,False,False,False,25.0,25,1,16.0,25.0,25,1,16.0
24,2019,2,2019q2,Maryland -- Statewide,212127.33333333334,12.264942002279605,406,Maryland,MD,7.25,10.100000381469727,7.25,10.100000381469727,7.25,10.100000381469727,42,10.100000381469727,2.312535461616493,255.657,9.07035398046273,2.2050112909799013,South Atlantic,0.0,0.0,0.0,True,False,False,False,25.0,25,1,17.0,25.0,25,1,17.0
24,2019,3,2019q3,Maryland -- Statewide,213396.66666666666,12.270907997609081,421,Maryland,MD,7.25,10.100000381469727,7.25,10.100000381469727,7.25,10.100000381469727,43,10.100000381469727,2.312535461616493,255.657,9.07035398046273,2.2050112909799013,South Atlantic,0.0,0.0,0.0,True,False,False,False,25.0,25,1,18.0,25.0,25,1,18.0
24,2019,4,2019q4,Maryland -- Statewide,204420.0,12.227931979883067,428,Maryland,MD,7.25,10.100000381469727,7.25,10.100000381469727,7.25,10.100000381469727,44,10.100000381469727,2.312535461616493,255.657,9.07035398046273,2.2050112909799013,South Atlantic,0.0,0.0,0.0,True,False,False,False,25.0,25,1,19.0,25.0,25,1,19.0
25,2009,1,2009q1,Massachusetts -- Statewide,205952.33333333334,12.235400029410794,320,Massachusetts,MA,6.55,8.0,6.550000000000002,8.0,6.55,8.0,1,8.0,2.0794415416798357,214.537,8.561469583335276,2.147271855714452,New England,,,,True,False,False,False,25.0,25,0,-24.0,25.0,25,0,-24.0
25,2009,2,2009q2,Massachusetts -- Statewide,224536.0,12.32179132965618,328,Massachusetts,MA,6.55,8.0,6.550000000000001,8.0,6.55,8.0,2,8.0,2.0794415416798357,214.537,8.561469583335276,2.147271855714452,New England,0.0,0.0,0.0,True,False,False,False,25.0,25,0,-23.0,25.0,25,0,-23.0
25,2009,3,2009q3,Massachusetts -- Statewide,230854.0,12.349540755053809,343,Massachusetts,MA,6.55,8.0,7.075,8.0,7.25,8.0,3,8.0,2.0794415416798357,214.537,8.561469583335276,2.147271855714452,New England,0.0,0.0,0.0,True,False,False,False,25.0,25,0,-22.0,25.0,25,0,-22.0
25,2009,4,2009q4,Massachusetts -- Statewide,218867.0,12.296219518377619,359,Massachusetts,MA,7.25,8.0,7.25,8.0,7.25,8.0,4,8.0,2.0794415416798357,214.537,8.561469583335276,2.147271855714452,New England,0.0,0.0,0.0,True,False,False,False,25.0,25,0,-21.0,25.0,25,0,-21.0
25,2010,1,2010q1,Massachusetts -- Statewide,210576.0,12.257601912074104,315,Massachusetts,MA,7.25,8.0,7.25,8.0,7.25,8.0,5,8.0,2.0794415416798357,218.056,8.423304105367428,2.1310021628447813,New England,0.0,0.0,0.0,True,False,False,False,25.0,25,0,-20.0,25.0,25,0,-20.0
25,2010,2,2010q2,Massachusetts -- Statewide,230481.0,12.347923708520257,332,Massachusetts,MA,7.25,8.0,7.25,8.0,7.25,8.0,6,8.0,2.0794415416798357,218.056,8.423304105367428,2.1310021628447813,New England,0.0,0.0,0.0,True,False,False,False,25.0,25,0,-19.0,25.0,25,0,-19.0
25,2010,3,2010q3,Massachusetts -- Statewide,237633.33333333334,12.378484148437611,350,Massachusetts,MA,7.25,8.0,7.25,8.0,7.25,8.0,7,8.0,2.0794415416798357,218.056,8.423304105367428,2.1310021628447813,New England,0.0,0.0,0.0,True,False,False,False,25.0,25,0,-18.0,25.0,25,0,-18.0
25,2010,4,2010q4,Massachusetts -- Statewide,227324.0,12.334131591596206,361,Massachusetts,MA,7.25,8.0,7.25,8.0,7.25,8.0,8,8.0,2.0794415416798357,218.056,8.423304105367428,2.1310021628447813,New England,0.0,0.0,0.0,True,False,False,False,25.0,25,0,-17.0,25.0,25,0,-17.0
25,2011,1,2011q1,Massachusetts -- Statewide,216691.66666666666,12.286230731162801,321,Massachusetts,MA,7.25,8.0,7.25,8.0,7.25,8.0,9,8.0,2.0794415416798357,224.939,8.165555995180915,2.0999248190435607,New England,0.0,0.0,0.0,True,False,False,False,25.0,25,0,-16.0,25.0,25,0,-16.0
25,2011,2,2011q2,Massachusetts -- Statewide,237425.33333333334,12.377608467062293,337,Massachusetts,MA,7.25,8.0,7.25,8.0,7.25,8.0,10,8.0,2.0794415416798357,224.939,8.165555995180915,2.0999248190435607,New England,0.0,0.0,0.0,True,False,False,False,25.0,25,0,-15.0,25.0,25,0,-15.0
25,2011,3,2011q3,Massachusetts -- Statewide,245525.33333333334,12.411155411660053,364,Massachusetts,MA,7.25,8.0,7.25,8.0,7.25,8.0,11,8.0,2.0794415416798357,224.939,8.165555995180915,2.0999248190435607,New England,0.0,0.0,0.0,True,False,False,False,25.0,25,0,-14.0,25.0,25,0,-14.0
25,2011,4,2011q4,Massachusetts -- Statewide,233158.33333333334,12.359473043966728,356,Massachusetts,MA,7.25,8.0,7.25,8.0,7.25,8.0,12,8.0,2.0794415416798357,224.939,8.165555995180915,2.0999248190435607,New England,0.0,0.0,0.0,True,False,False,False,25.0,25,0,-13.0,25.0,25,0,-13.0
25,2012,1,2012q1,Massachusetts -- Statewide,226170.33333333334,12.3290436816904,343,Massachusetts,MA,7.25,8.0,7.25,8.0,7.25,8.0,13,8.0,2.0794415416798357,229.594,8.0,2.0794415416798357,New England,0.0,0.0,0.0,True,False,False,False,25.0,25,0,-12.0,25.0,25,0,-12.0
25,2012,2,2012q2,Massachusetts -- Statewide,246712.33333333334,12.415978294511984,348,Massachusetts,MA,7.25,8.0,7.25,8.0,7.25,8.0,14,8.0,2.0794415416798357,229.594,8.0,2.0794415416798357,New England,0.0,0.0,0.0,True,False,False,False,25.0,25,0,-11.0,25.0,25,0,-11.0
25,2012,3,2012q3,Massachusetts -- Statewide,254750.0,12.448037951084972,357,Massachusetts,MA,7.25,8.0,7.25,8.0,7.25,8.0,15,8.0,2.0794415416798357,229.594,8.0,2.0794415416798357,New England,0.0,0.0,0.0,True,False,False,False,25.0,25,0,-10.0,25.0,25,0,-10.0
25,2012,4,2012q4,Massachusetts -- Statewide,240451.33333333334,12.390272991848818,368,Massachusetts,MA,7.25,8.0,7.25,8.0,7.25,8.0,16,8.0,2.0794415416798357,229.594,8.0,2.0794415416798357,New England,0.0,0.0,0.0,True,False,False,False,25.0,25,0,-9.0,25.0,25,0,-9.0
25,2013,1,2013q1,Massachusetts -- Statewide,231234.0,12.3511854637918,345,Massachusetts,MA,7.25,8.0,7.25,8.0,7.25,8.0,17,8.0,2.0794415416798357,232.957,7.884510875397606,2.0649001862014593,New England,0.0,0.0,0.0,True,False,False,False,25.0,25,0,-8.0,25.0,25,0,-8.0
25,2013,2,2013q2,Massachusetts -- Statewide,253840.33333333334,12.444460739419362,356,Massachusetts,MA,7.25,8.0,7.25,8.0,7.25,8.0,18,8.0,2.0794415416798357,232.957,7.884510875397606,2.0649001862014593,New England,0.0,0.0,0.0,True,False,False,False,25.0,25,0,-7.0,25.0,25,0,-7.0
25,2013,3,2013q3,Massachusetts -- Statewide,260414.66666666666,12.470030511335148,370,Massachusetts,MA,7.25,8.0,7.25,8.0,7.25,8.0,19,8.0,2.0794415416798357,232.957,7.884510875397606,2.0649001862014593,New England,0.0,0.0,0.0,True,False,False,False,25.0,25,0,-6.0,25.0,25,0,-6.0
25,2013,4,2013q4,Massachusetts -- Statewide,249377.33333333334,12.426722423307638,379,Massachusetts,MA,7.25,8.0,7.25,8.0,7.25,8.0,20,8.0,2.0794415416798357,232.957,7.884510875397606,2.0649001862014593,New England,0.0,0.0,0.0,True,False,False,False,25.0,25,0,-5.0,25.0,25,0,-5.0
25,2014,1,2014q1,Massachusetts -- Statewide,237766.0,12.37904227572475,353,Massachusetts,MA,7.25,8.0,7.25,8.0,7.25,8.0,21,8.0,2.0794415416798357,236.736,7.758650986753176,2.04880847716962,New England,0.0,0.0,0.0,True,False,False,False,25.0,25,0,-4.0,25.0,25,0,-4.0
25,2014,2,2014q2,Massachusetts -- Statewide,258295.0,12.461857621560146,368,Massachusetts,MA,7.25,8.0,7.25,8.0,7.25,8.0,22,8.0,2.0794415416798357,236.736,7.758650986753176,2.04880847716962,New England,0.0,0.0,0.0,True,False,False,False,25.0,25,0,-3.0,25.0,25,0,-3.0
25,2014,3,2014q3,Massachusetts -- Statewide,266495.6666666667,12.493113262293237,379,Massachusetts,MA,7.25,8.0,7.25,8.0,7.25,8.0,23,8.0,2.0794415416798357,236.736,7.758650986753176,2.04880847716962,New England,0.0,0.0,0.0,True,False,False,False,25.0,25,0,-2.0,25.0,25,0,-2.0
25,2014,4,2014q4,Massachusetts -- Statewide,254122.33333333334,12.445571057352062,397,Massachusetts,MA,7.25,8.0,7.25,8.0,7.25,8.0,24,8.0,2.0794415416798357,236.736,7.758650986753176,2.04880847716962,New England,0.0,0.0,0.0,True,False,False,False,25.0,25,0,-1.0,25.0,25,0,-1.0
25,2015,1,2015q1,Massachusetts -- Statewide,241787.66666666666,12.395815209520633,361,Massachusetts,MA,7.25,9.0,7.25,9.0,7.25,9.0,25,9.0,2.1972245773362196,237.017,8.718134142276714,2.1654052405155255,New England,1.0,1.0,0.11778303565638382,True,True,True,True,25.0,25,1,0.0,25.0,25,1,0.0
25,2015,2,2015q2,Massachusetts -- Statewide,264513.0,12.485645678411077,386,Massachusetts,MA,7.25,9.0,7.25,9.0,7.25,9.0,26,9.0,2.1972245773362196,237.017,8.718134142276714,2.1654052405155255,New England,0.0,0.0,0.0,True,False,False,False,25.0,25,1,1.0,25.0,25,1,1.0
25,2015,3,2015q3,Massachusetts -- Statewide,271554.3333333333,12.511917521108945,403,Massachusetts,MA,7.25,9.0,7.25,9.0,7.25,9.0,27,9.0,2.1972245773362196,237.017,8.718134142276714,2.1654052405155255,New England,0.0,0.0,0.0,True,False,False,False,25.0,25,1,2.0,25.0,25,1,2.0
25,2015,4,2015q4,Massachusetts -- Statewide,258520.0,12.462728339376831,432,Massachusetts,MA,7.25,9.0,7.25,9.0,7.25,9.0,28,9.0,2.1972245773362196,237.017,8.718134142276714,2.1654052405155255,New England,0.0,0.0,0.0,True,False,False,False,25.0,25,1,3.0,25.0,25,1,3.0
25,2016,1,2016q1,Massachusetts -- Statewide,250168.0,12.429887971153487,383,Massachusetts,MA,7.25,10.0,7.25,10.0,7.25,10.0,29,10.0,2.302585092994046,240.007,9.566137654318416,2.2582295351104995,New England,1.0,1.0,0.10536051565782634,True,True,True,True,25.0,25,1,4.0,25.0,25,1,4.0
25,2016,2,2016q2,Massachusetts -- Statewide,272634.0,12.515885515338676,407,Massachusetts,MA,7.25,10.0,7.25,10.0,7.25,10.0,30,10.0,2.302585092994046,240.007,9.566137654318416,2.2582295351104995,New England,0.0,0.0,0.0,True,False,False,False,25.0,25,1,5.0,25.0,25,1,5.0
25,2016,3,2016q3,Massachusetts -- Statewide,280305.3333333333,12.54363476420459,439,Massachusetts,MA,7.25,10.0,7.25,10.0,7.25,10.0,31,10.0,2.302585092994046,240.007,9.566137654318416,2.2582295351104995,New England,0.0,0.0,0.0,True,False,False,False,25.0,25,1,6.0,25.0,25,1,6.0
25,2016,4,2016q4,Massachusetts -- Statewide,265920.6666666667,12.490953297665733,433,Massachusetts,MA,7.25,10.0,7.25,10.0,7.25,10.0,32,10.0,2.302585092994046,240.007,9.566137654318416,2.2582295351104995,New England,0.0,0.0,0.0,True,False,False,False,25.0,25,1,7.0,25.0,25,1,7.0
25,2017,1,2017q1,Massachusetts -- Statewide,256913.0,12.456492785165274,416,Massachusetts,MA,7.25,11.0,7.25,11.0,7.25,11.0,33,11.0,2.3978952727983707,245.12,10.303255548302872,2.332459917945917,New England,1.0,1.0,0.09531017980432477,True,True,True,True,25.0,25,1,8.0,25.0,25,1,8.0
25,2017,2,2017q2,Massachusetts -- Statewide,278210.6666666667,12.53613389945704,430,Massachusetts,MA,7.25,11.0,7.25,11.0,7.25,11.0,34,11.0,2.3978952727983707,245.12,10.303255548302872,2.332459917945917,New England,0.0,0.0,0.0,True,False,False,False,25.0,25,1,9.0,25.0,25,1,9.0
25,2017,3,2017q3,Massachusetts -- Statewide,285311.6666666667,12.561337428993154,443,Massachusetts,MA,7.25,11.0,7.25,11.0,7.25,11.0,35,11.0,2.3978952727983707,245.12,10.303255548302872,2.332459917945917,New England,0.0,0.0,0.0,True,False,False,False,25.0,25,1,10.0,25.0,25,1,10.0
25,2017,4,2017q4,Massachusetts -- Statewide,272763.6666666667,12.51636100937554,454,Massachusetts,MA,7.25,11.0,7.25,11.0,7.25,11.0,36,11.0,2.3978952727983707,245.12,10.303255548302872,2.332459917945917,New England,0.0,0.0,0.0,True,False,False,False,25.0,25,1,11.0,25.0,25,1,11.0
25,2018,1,2018q1,Massachusetts -- Statewide,262383.3333333333,12.477561817774665,424,Massachusetts,MA,7.25,11.0,7.25,11.0,7.25,11.0,37,11.0,2.3978952727983707,251.107,10.057600943024289,2.308328661383465,New England,0.0,0.0,0.0,True,False,False,False,25.0,25,1,12.0,25.0,25,1,12.0
25,2018,2,2018q2,Massachusetts -- Statewide,281672.6666666667,12.54850091921947,442,Massachusetts,MA,7.25,11.0,7.25,11.0,7.25,11.0,38,11.0,2.3978952727983707,251.107,10.057600943024289,2.308328661383465,New England,0.0,0.0,0.0,True,False,False,False,25.0,25,1,13.0,25.0,25,1,13.0
25,2018,3,2018q3,Massachusetts -- Statewide,286752.0,12.566373009683947,458,Massachusetts,MA,7.25,11.0,7.25,11.0,7.25,11.0,39,11.0,2.3978952727983707,251.107,10.057600943024289,2.308328661383465,New England,0.0,0.0,0.0,True,False,False,False,25.0,25,1,14.0,25.0,25,1,14.0
25,2018,4,2018q4,Massachusetts -- Statewide,271733.0,12.512575245528954,472,Massachusetts,MA,7.25,11.0,7.25,11.0,7.25,11.0,40,11.0,2.3978952727983707,251.107,10.057600943024289,2.308328661383465,New England,0.0,0.0,0.0,True,False,False,False,25.0,25,1,15.0,25.0,25,1,15.0
25,2019,1,2019q1,Massachusetts -- Statewide,261935.0,12.475851660360368,451,Massachusetts,MA,7.25,12.0,7.25,12.0,7.25,12.0,41,12.0,2.4849066497880004,255.657,10.776657787582579,2.377382479151408,New England,1.0,1.0,0.08701137698962969,True,True,True,True,25.0,25,1,16.0,25.0,25,1,16.0
25,2019,2,2019q2,Massachusetts -- Statewide,281052.0,12.5462949845764,469,Massachusetts,MA,7.25,12.0,7.25,12.0,7.25,12.0,42,12.0,2.4849066497880004,255.657,10.776657787582579,2.377382479151408,New England,0.0,0.0,0.0,True,False,False,False,25.0,25,1,17.0,25.0,25,1,17.0
25,2019,3,2019q3,Massachusetts -- Statewide,286857.0,12.566739112730351,486,Massachusetts,MA,7.25,12.0,7.25,12.0,7.25,12.0,43,12.0,2.4849066497880004,255.657,10.776657787582579,2.377382479151408,New England,0.0,0.0,0.0,True,False,False,False,25.0,25,1,18.0,25.0,25,1,18.0
25,2019,4,2019q4,Massachusetts -- Statewide,272631.0,12.515874511514847,498,Massachusetts,MA,7.25,12.0,7.25,12.0,7.25,12.0,44,12.0,2.4849066497880004,255.657,10.776657787582579,2.377382479151408,New England,0.0,0.0,0.0,True,False,False,False,25.0,25,1,19.0,25.0,25,1,19.0
26,2009,1,2009q1,Michigan -- Statewide,279045.0,12.539128338120198,241,Michigan,MI,6.55,7.400000095367432,6.550000000000002,7.400000095367432,6.55,7.400000095367432,1,7.400000095367432,2.001480013097615,214.537,7.9193594666458,2.069310327132231,East North Central,,,,True,False,False,False,23.0,23,0,-22.0,24.0,24,0,-23.0
26,2009,2,2009q2,Michigan -- Statewide,295726.0,12.597188628928214,245,Michigan,MI,6.55,7.400000095367432,6.550000000000001,7.400000095367432,6.55,7.400000095367432,2,7.400000095367432,2.001480013097615,214.537,7.9193594666458,2.069310327132231,East North Central,0.0,0.0,0.0,True,False,False,False,23.0,23,0,-21.0,24.0,24,0,-22.0
26,2009,3,2009q3,Michigan -- Statewide,297692.3333333333,12.603815793677068,254,Michigan,MI,6.55,7.400000095367432,7.075000000000001,7.400000095367432,7.25,7.400000095367432,3,7.400000095367432,2.001480013097615,214.537,7.9193594666458,2.069310327132231,East North Central,0.0,0.0,0.0,True,False,False,False,23.0,23,0,-20.0,24.0,24,0,-21.0
26,2009,4,2009q4,Michigan -- Statewide,285885.3333333333,12.563346077006173,264,Michigan,MI,7.25,7.400000095367432,7.25,7.400000095367432,7.25,7.400000095367432,4,7.400000095367432,2.001480013097615,214.537,7.9193594666458,2.069310327132231,East North Central,0.0,0.0,0.0,True,False,False,False,23.0,23,0,-19.0,24.0,24,0,-20.0
26,2010,1,2010q1,Michigan -- Statewide,274985.0,12.524471829706506,248,Michigan,MI,7.25,7.400000095367432,7.25,7.400000095367432,7.25,7.400000095367432,5,7.400000095367432,2.001480013097615,218.056,7.79155639787848,2.05304063426256,East North Central,0.0,0.0,0.0,True,False,False,False,23.0,23,0,-18.0,24.0,24,0,-19.0
26,2010,2,2010q2,Michigan -- Statewide,293390.6666666667,12.589260333232984,252,Michigan,MI,7.25,7.400000095367432,7.25,7.400000095367432,7.25,7.400000095367432,6,7.400000095367432,2.001480013097615,218.056,7.79155639787848,2.05304063426256,East North Central,0.0,0.0,0.0,True,False,False,False,23.0,23,0,-17.0,24.0,24,0,-18.0
26,2010,3,2010q3,Michigan -- Statewide,296544.6666666667,12.599953132504462,264,Michigan,MI,7.25,7.400000095367432,7.25,7.400000095367432,7.25,7.400000095367432,7,7.400000095367432,2.001480013097615,218.056,7.79155639787848,2.05304063426256,East North Central,0.0,0.0,0.0,True,False,False,False,23.0,23,0,-16.0,24.0,24,0,-17.0
26,2010,4,2010q4,Michigan -- Statewide,286801.6666666667,12.566546198941298,273,Michigan,MI,7.25,7.400000095367432,7.25,7.400000095367432,7.25,7.400000095367432,8,7.400000095367432,2.001480013097615,218.056,7.79155639787848,2.05304063426256,East North Central,0.0,0.0,0.0,True,False,False,False,23.0,23,0,-15.0,24.0,24,0,-16.0
26,2011,1,2011q1,Michigan -- Statewide,277519.6666666667,12.533647080528276,248,Michigan,MI,7.25,7.400000095367432,7.25,7.400000095367432,7.25,7.400000095367432,9,7.400000095367432,2.001480013097615,224.939,7.5531393928833594,2.0219632904613394,East North Central,0.0,0.0,0.0,True,False,False,False,23.0,23,0,-14.0,24.0,24,0,-15.0
26,2011,2,2011q2,Michigan -- Statewide,295661.3333333333,12.59696993412946,257,Michigan,MI,7.25,7.400000095367432,7.25,7.400000095367432,7.25,7.400000095367432,10,7.400000095367432,2.001480013097615,224.939,7.5531393928833594,2.0219632904613394,East North Central,0.0,0.0,0.0,True,False,False,False,23.0,23,0,-13.0,24.0,24,0,-14.0
26,2011,3,2011q3,Michigan -- Statewide,300237.6666666667,12.612329662218174,275,Michigan,MI,7.25,7.400000095367432,7.25,7.400000095367432,7.25,7.400000095367432,11,7.400000095367432,2.001480013097615,224.939,7.5531393928833594,2.0219632904613394,East North Central,0.0,0.0,0.0,True,False,False,False,23.0,23,0,-12.0,24.0,24,0,-13.0
26,2011,4,2011q4,Michigan -- Statewide,291250.3333333333,12.581938428353524,272,Michigan,MI,7.25,7.400000095367432,7.25,7.400000095367432,7.25,7.400000095367432,12,7.400000095367432,2.001480013097615,224.939,7.5531393928833594,2.0219632904613394,East North Central,0.0,0.0,0.0,True,False,False,False,23.0,23,0,-11.0,24.0,24,0,-12.0
26,2012,1,2012q1,Michigan -- Statewide,287614.0,12.569374582364704,263,Michigan,MI,7.25,7.400000095367432,7.25,7.400000095367432,7.25,7.400000095367432,13,7.400000095367432,2.001480013097615,229.594,7.400000095367432,2.001480013097615,East North Central,0.0,0.0,0.0,True,False,False,False,23.0,23,0,-10.0,24.0,24,0,-11.0
26,2012,2,2012q2,Michigan -- Statewide,305351.3333333333,12.629218305215625,264,Michigan,MI,7.25,7.400000095367432,7.25,7.400000095367432,7.25,7.400000095367432,14,7.400000095367432,2.001480013097615,229.594,7.400000095367432,2.001480013097615,East North Central,0.0,0.0,0.0,True,False,False,False,23.0,23,0,-9.0,24.0,24,0,-10.0
26,2012,3,2012q3,Michigan -- Statewide,310655.0,12.646438250646394,271,Michigan,MI,7.25,7.400000095367432,7.25,7.400000095367432,7.25,7.400000095367432,15,7.400000095367432,2.001480013097615,229.594,7.400000095367432,2.001480013097615,East North Central,0.0,0.0,0.0,True,False,False,False,23.0,23,0,-8.0,24.0,24,0,-9.0
26,2012,4,2012q4,Michigan -- Statewide,303693.6666666667,12.623774796903541,278,Michigan,MI,7.25,7.400000095367432,7.25,7.400000095367432,7.25,7.400000095367432,16,7.400000095367432,2.001480013097615,229.594,7.400000095367432,2.001480013097615,East North Central,0.0,0.0,0.0,True,False,False,False,23.0,23,0,-7.0,24.0,24,0,-8.0
26,2013,1,2013q1,Michigan -- Statewide,295946.3333333333,12.597933410561916,262,Michigan,MI,7.25,7.400000095367432,7.25,7.400000095367432,7.25,7.400000095367432,17,7.400000095367432,2.001480013097615,232.957,7.293172653733479,1.9869386576192383,East North Central,0.0,0.0,0.0,True,False,False,False,23.0,23,0,-6.0,24.0,24,0,-7.0
26,2013,2,2013q2,Michigan -- Statewide,312109.0,12.651107764754341,267,Michigan,MI,7.25,7.400000095367432,7.25,7.400000095367432,7.25,7.400000095367432,18,7.400000095367432,2.001480013097615,232.957,7.293172653733479,1.9869386576192383,East North Central,0.0,0.0,0.0,True,False,False,False,23.0,23,0,-5.0,24.0,24,0,-6.0
26,2013,3,2013q3,Michigan -- Statewide,317048.3333333333,12.666809512319954,276,Michigan,MI,7.25,7.400000095367432,7.25,7.400000095367432,7.25,7.400000095367432,19,7.400000095367432,2.001480013097615,232.957,7.293172653733479,1.9869386576192383,East North Central,0.0,0.0,0.0,True,False,False,False,23.0,23,0,-4.0,24.0,24,0,-5.0
26,2013,4,2013q4,Michigan -- Statewide,310418.0,12.645675055300586,279,Michigan,MI,7.25,7.400000095367432,7.25,7.400000095367432,7.25,7.400000095367432,20,7.400000095367432,2.001480013097615,232.957,7.293172653733479,1.9869386576192383,East North Central,0.0,0.0,0.0,True,False,False,False,23.0,23,0,-3.0,24.0,24,0,-4.0
26,2014,1,2014q1,Michigan -- Statewide,301703.0,12.61719836875035,266,Michigan,MI,7.25,7.400000095367432,7.25,7.400000095367432,7.25,7.400000095367432,21,7.400000095367432,2.001480013097615,236.736,7.176752255237015,1.970846948587399,East North Central,0.0,0.0,0.0,True,False,False,False,23.0,23,0,-2.0,24.0,24,0,-3.0
26,2014,2,2014q2,Michigan -- Statewide,320013.3333333333,12.676117940574544,272,Michigan,MI,7.25,7.400000095367432,7.25,7.400000095367432,7.25,7.400000095367432,22,7.400000095367432,2.001480013097615,236.736,7.176752255237015,1.970846948587399,East North Central,0.0,0.0,0.0,True,False,False,False,23.0,23,0,-1.0,24.0,24,0,-2.0
26,2014,3,2014q3,Michigan -- Statewide,324878.0,12.691205006222049,284,Michigan,MI,7.25,7.400000095367432,7.25,7.644565105438232,7.25,8.149999618530273,23,7.644565105438232,2.0339949516201394,236.736,7.4139390748259055,2.0033618871099237,East North Central,0.24456501007080078,0.24456501007080078,0.03251493852252452,True,True,True,False,23.0,23,1,0.0,24.0,24,0,-1.0
26,2014,4,2014q4,Michigan -- Statewide,315723.0,12.662620525867654,294,Michigan,MI,7.25,8.149999618530273,7.25,8.149999618530273,7.25,8.149999618530273,24,8.149999618530273,2.098017880446669,236.736,7.90412532279349,2.067384815936453,East North Central,0.505434513092041,0.505434513092041,0.06402292882652949,True,True,True,True,23.0,23,1,1.0,24.0,24,1,0.0
26,2015,1,2015q1,Michigan -- Statewide,308726.3333333333,12.64021051081493,281,Michigan,MI,7.25,8.149999618530273,7.25,8.149999618530273,7.25,8.149999618530273,25,8.149999618530273,2.098017880446669,237.017,7.894754437094553,2.0661985436259753,East North Central,0.0,0.0,0.0,True,False,False,False,23.0,23,1,2.0,24.0,24,1,1.0
26,2015,2,2015q2,Michigan -- Statewide,324828.3333333333,12.691052116634198,289,Michigan,MI,7.25,8.149999618530273,7.25,8.149999618530273,7.25,8.149999618530273,26,8.149999618530273,2.098017880446669,237.017,7.894754437094553,2.0661985436259753,East North Central,0.0,0.0,0.0,True,False,False,False,23.0,23,1,3.0,24.0,24,1,2.0
26,2015,3,2015q3,Michigan -- Statewide,330523.6666666667,12.708433544383826,303,Michigan,MI,7.25,8.149999618530273,7.25,8.149999618530273,7.25,8.149999618530273,27,8.149999618530273,2.098017880446669,237.017,7.894754437094553,2.0661985436259753,East North Central,0.0,0.0,0.0,True,False,False,False,23.0,23,1,4.0,24.0,24,1,3.0
26,2015,4,2015q4,Michigan -- Statewide,323169.0,12.685930685187275,315,Michigan,MI,7.25,8.149999618530273,7.25,8.149999618530273,7.25,8.149999618530273,28,8.149999618530273,2.098017880446669,237.017,7.894754437094553,2.0661985436259753,East North Central,0.0,0.0,0.0,True,False,False,False,23.0,23,1,5.0,24.0,24,1,4.0
26,2016,1,2016q1,Michigan -- Statewide,318730.0,12.672099628388178,290,Michigan,MI,7.25,8.5,7.25,8.5,7.25,8.5,29,8.5,2.1400661634962708,240.007,8.131217006170653,2.095710605612725,East North Central,0.35000038146972656,0.35000038146972656,0.04204828304960184,True,True,True,False,23.0,23,1,6.0,24.0,24,1,5.0
26,2016,2,2016q2,Michigan -- Statewide,335078.3333333333,12.722119614318803,303,Michigan,MI,7.25,8.5,7.25,8.5,7.25,8.5,30,8.5,2.1400661634962708,240.007,8.131217006170653,2.095710605612725,East North Central,0.0,0.0,0.0,True,False,False,False,23.0,23,1,7.0,24.0,24,1,6.0
26,2016,3,2016q3,Michigan -- Statewide,339036.6666666667,12.733863541772184,324,Michigan,MI,7.25,8.5,7.25,8.5,7.25,8.5,31,8.5,2.1400661634962708,240.007,8.131217006170653,2.095710605612725,East North Central,0.0,0.0,0.0,True,False,False,False,23.0,23,1,8.0,24.0,24,1,7.0
26,2016,4,2016q4,Michigan -- Statewide,330999.6666666667,12.709872647309348,319,Michigan,MI,7.25,8.5,7.25,8.5,7.25,8.5,32,8.5,2.1400661634962708,240.007,8.131217006170653,2.095710605612725,East North Central,0.0,0.0,0.0,True,False,False,False,23.0,23,1,9.0,24.0,24,1,8.0
26,2017,1,2017q1,Michigan -- Statewide,325162.3333333333,12.692079823789163,313,Michigan,MI,7.25,8.899999618530273,7.25,8.899999618530273,7.25,8.899999618530273,33,8.899999618530273,2.1860512338763263,245.12,8.336270040865044,2.1206158790238727,East North Central,0.39999961853027344,0.39999961853027344,0.045985070380055504,True,True,True,False,23.0,23,1,10.0,24.0,24,1,9.0
26,2017,2,2017q2,Michigan -- Statewide,340287.3333333333,12.737545637737272,318,Michigan,MI,7.25,8.899999618530273,7.25,8.899999618530273,7.25,8.899999618530273,34,8.899999618530273,2.1860512338763263,245.12,8.336270040865044,2.1206158790238727,East North Central,0.0,0.0,0.0,True,False,False,False,23.0,23,1,11.0,24.0,24,1,10.0
26,2017,3,2017q3,Michigan -- Statewide,343278.0,12.746295893500683,329,Michigan,MI,7.25,8.899999618530273,7.25,8.899999618530273,7.25,8.899999618530273,35,8.899999618530273,2.1860512338763263,245.12,8.336270040865044,2.1206158790238727,East North Central,0.0,0.0,0.0,True,False,False,False,23.0,23,1,12.0,24.0,24,1,11.0
26,2017,4,2017q4,Michigan -- Statewide,334230.0,12.719584657721471,334,Michigan,MI,7.25,8.899999618530273,7.25,8.899999618530273,7.25,8.899999618530273,36,8.899999618530273,2.1860512338763263,245.12,8.336270040865044,2.1206158790238727,East North Central,0.0,0.0,0.0,True,False,False,False,23.0,23,1,13.0,24.0,24,1,12.0
26,2018,1,2018q1,Michigan -- Statewide,326503.3333333333,12.696195436936963,327,Michigan,MI,7.25,9.25,7.25,9.25,7.25,9.25,37,9.25,2.224623551524334,251.107,8.457528065724969,2.1350569401094277,East North Central,0.35000038146972656,0.35000038146972656,0.038572317648007726,True,True,True,False,23.0,23,1,14.0,24.0,24,1,13.0
26,2018,2,2018q2,Michigan -- Statewide,339323.3333333333,12.734708717442127,332,Michigan,MI,7.25,9.25,7.25,9.25,7.25,9.25,38,9.25,2.224623551524334,251.107,8.457528065724969,2.1350569401094277,East North Central,0.0,0.0,0.0,True,False,False,False,23.0,23,1,15.0,24.0,24,1,14.0
26,2018,3,2018q3,Michigan -- Statewide,343200.6666666667,12.746070589096,345,Michigan,MI,7.25,9.25,7.25,9.25,7.25,9.25,39,9.25,2.224623551524334,251.107,8.457528065724969,2.1350569401094277,East North Central,0.0,0.0,0.0,True,False,False,False,23.0,23,1,16.0,24.0,24,1,15.0
26,2018,4,2018q4,Michigan -- Statewide,334144.6666666667,12.719329311916034,353,Michigan,MI,7.25,9.25,7.25,9.25,7.25,9.25,40,9.25,2.224623551524334,251.107,8.457528065724969,2.1350569401094277,East North Central,0.0,0.0,0.0,True,False,False,False,23.0,23,1,17.0,24.0,24,1,16.0
26,2019,1,2019q1,Michigan -- Statewide,327393.0,12.698916563116383,333,Michigan,MI,7.25,9.25,7.25,9.25,7.25,9.25,41,9.25,2.224623551524334,255.657,8.307007044594906,2.1170993808877423,East North Central,0.0,0.0,0.0,True,False,False,False,23.0,23,1,18.0,24.0,24,1,17.0
26,2019,2,2019q2,Michigan -- Statewide,341263.0,12.740408719993797,344,Michigan,MI,7.25,9.449999809265137,7.25,9.449999809265137,7.25,9.449999809265137,42,9.449999809265137,2.2460147213220676,255.657,8.48661783643092,2.138490550685476,East North Central,0.19999980926513672,0.19999980926513672,0.02139116979773359,True,True,True,False,23.0,23,1,19.0,24.0,24,1,18.0
26,2019,3,2019q3,Michigan -- Statewide,343475.3333333333,12.746870578265026,359,Michigan,MI,7.25,9.449999809265137,7.25,9.449999809265137,7.25,9.449999809265137,43,9.449999809265137,2.2460147213220676,255.657,8.48661783643092,2.138490550685476,East North Central,0.0,0.0,0.0,True,False,False,False,23.0,23,1,20.0,24.0,24,1,19.0
26,2019,4,2019q4,Michigan -- Statewide,334254.3333333333,12.719657459228197,362,Michigan,MI,7.25,9.449999809265137,7.25,9.449999809265137,7.25,9.449999809265137,44,9.449999809265137,2.2460147213220676,255.657,8.48661783643092,2.138490550685476,East North Central,0.0,0.0,0.0,True,False,False,False,23.0,23,1,21.0,24.0,24,1,20.0
27,2009,1,2009q1,Minnesota -- Statewide,167873.0,12.030963020128361,252,Minnesota,MN,6.55,6.550000190734863,6.550000000000002,6.550000190734863,6.55,6.550000190734863,1,6.550000190734863,1.8794650787669867,214.537,7.009703425477097,1.9472953928016028,West North Central,,,,False,False,False,False,23.0,23,0,-22.0,23.0,23,0,-22.0
27,2009,2,2009q2,Minnesota -- Statewide,177431.33333333334,12.086338958590023,251,Minnesota,MN,6.55,6.550000190734863,6.550000000000001,6.550000190734863,6.55,6.550000190734863,2,6.550000190734863,1.8794650787669867,214.537,7.009703425477097,1.9472953928016028,West North Central,0.0,0.0,0.0,False,False,False,False,23.0,23,0,-21.0,23.0,23,0,-21.0
27,2009,3,2009q3,Minnesota -- Statewide,178714.33333333334,12.093543906847204,264,Minnesota,MN,6.55,6.550000190734863,7.075,7.074999809265137,7.25,7.25,3,7.075,1.9565674435293015,214.537,7.571549662762134,2.024397757563918,West North Central,0.5249996185302734,0.5249998092651369,0.0771023647623148,False,False,False,False,23.0,23,0,-20.0,23.0,23,0,-20.0
27,2009,4,2009q4,Minnesota -- Statewide,171047.0,12.049693651520581,272,Minnesota,MN,7.25,7.25,7.25,7.25,7.25,7.25,4,7.25,1.9810014688665833,214.537,7.758831809897592,2.0488317829011997,West North Central,0.17500019073486328,0.17499999999999982,0.024434025337281895,False,False,False,False,23.0,23,0,-19.0,23.0,23,0,-19.0
27,2010,1,2010q1,Minnesota -- Statewide,164443.0,12.010319284581717,254,Minnesota,MN,7.25,7.25,7.25,7.25,7.25,7.25,5,7.25,1.9810014688665833,218.056,7.633619345489231,2.032562090031529,West North Central,0.0,0.0,0.0,False,False,False,False,23.0,23,0,-18.0,23.0,23,0,-18.0
27,2010,2,2010q2,Minnesota -- Statewide,175123.33333333334,12.073245766582362,261,Minnesota,MN,7.25,7.25,7.25,7.25,7.25,7.25,6,7.25,1.9810014688665833,218.056,7.633619345489231,2.032562090031529,West North Central,0.0,0.0,0.0,False,False,False,False,23.0,23,0,-17.0,23.0,23,0,-17.0
27,2010,3,2010q3,Minnesota -- Statewide,177967.66666666666,12.089357164834162,270,Minnesota,MN,7.25,7.25,7.25,7.25,7.25,7.25,7,7.25,1.9810014688665833,218.056,7.633619345489231,2.032562090031529,West North Central,0.0,0.0,0.0,False,False,False,False,23.0,23,0,-16.0,23.0,23,0,-16.0
27,2010,4,2010q4,Minnesota -- Statewide,171155.66666666666,12.050328752768491,278,Minnesota,MN,7.25,7.25,7.25,7.25,7.25,7.25,8,7.25,1.9810014688665833,218.056,7.633619345489231,2.032562090031529,West North Central,0.0,0.0,0.0,False,False,False,False,23.0,23,0,-15.0,23.0,23,0,-15.0
27,2011,1,2011q1,Minnesota -- Statewide,165803.66666666666,12.018559636436787,262,Minnesota,MN,7.25,7.25,7.25,7.25,7.25,7.25,9,7.25,1.9810014688665833,224.939,7.400035120632705,2.0014847462303083,West North Central,0.0,0.0,0.0,False,False,False,False,23.0,23,0,-14.0,23.0,23,0,-14.0
27,2011,2,2011q2,Minnesota -- Statewide,178656.0,12.093217448110087,268,Minnesota,MN,7.25,7.25,7.25,7.25,7.25,7.25,10,7.25,1.9810014688665833,224.939,7.400035120632705,2.0014847462303083,West North Central,0.0,0.0,0.0,False,False,False,False,23.0,23,0,-13.0,23.0,23,0,-13.0
27,2011,3,2011q3,Minnesota -- Statewide,182369.66666666666,12.113791041623205,286,Minnesota,MN,7.25,7.25,7.25,7.25,7.25,7.25,11,7.25,1.9810014688665833,224.939,7.400035120632705,2.0014847462303083,West North Central,0.0,0.0,0.0,False,False,False,False,23.0,23,0,-12.0,23.0,23,0,-12.0
27,2011,4,2011q4,Minnesota -- Statewide,175736.66666666666,12.076741941455968,280,Minnesota,MN,7.25,7.25,7.25,7.25,7.25,7.25,12,7.25,1.9810014688665833,224.939,7.400035120632705,2.0014847462303083,West North Central,0.0,0.0,0.0,False,False,False,False,23.0,23,0,-11.0,23.0,23,0,-11.0
27,2012,1,2012q1,Minnesota -- Statewide,171726.0,12.053655462329067,281,Minnesota,MN,7.25,7.25,7.25,7.25,7.25,7.25,13,7.25,1.9810014688665833,229.594,7.25,1.9810014688665833,West North Central,0.0,0.0,0.0,False,False,False,False,23.0,23,0,-10.0,23.0,23,0,-10.0
27,2012,2,2012q2,Minnesota -- Statewide,182445.0,12.114204036720647,274,Minnesota,MN,7.25,7.25,7.25,7.25,7.25,7.25,14,7.25,1.9810014688665833,229.594,7.25,1.9810014688665833,West North Central,0.0,0.0,0.0,False,False,False,False,23.0,23,0,-9.0,23.0,23,0,-9.0
27,2012,3,2012q3,Minnesota -- Statewide,186535.0,12.136374168018975,282,Minnesota,MN,7.25,7.25,7.25,7.25,7.25,7.25,15,7.25,1.9810014688665833,229.594,7.25,1.9810014688665833,West North Central,0.0,0.0,0.0,False,False,False,False,23.0,23,0,-8.0,23.0,23,0,-8.0
27,2012,4,2012q4,Minnesota -- Statewide,180571.0,12.103879331213088,288,Minnesota,MN,7.25,7.25,7.25,7.25,7.25,7.25,16,7.25,1.9810014688665833,229.594,7.25,1.9810014688665833,West North Central,0.0,0.0,0.0,False,False,False,False,23.0,23,0,-7.0,23.0,23,0,-7.0
27,2013,1,2013q1,Minnesota -- Statewide,176019.0,12.07834722273907,278,Minnesota,MN,7.25,7.25,7.25,7.25,7.25,7.25,17,7.25,1.9810014688665833,232.957,7.14533798082908,1.966460113388207,West North Central,0.0,0.0,0.0,False,False,False,False,23.0,23,0,-6.0,23.0,23,0,-6.0
27,2013,2,2013q2,Minnesota -- Statewide,186343.0,12.135344340477696,279,Minnesota,MN,7.25,7.25,7.25,7.25,7.25,7.25,18,7.25,1.9810014688665833,232.957,7.14533798082908,1.966460113388207,West North Central,0.0,0.0,0.0,False,False,False,False,23.0,23,0,-5.0,23.0,23,0,-5.0
27,2013,3,2013q3,Minnesota -- Statewide,190421.33333333334,12.156994439880778,291,Minnesota,MN,7.25,7.25,7.25,7.25,7.25,7.25,19,7.25,1.9810014688665833,232.957,7.14533798082908,1.966460113388207,West North Central,0.0,0.0,0.0,False,False,False,False,23.0,23,0,-4.0,23.0,23,0,-4.0
27,2013,4,2013q4,Minnesota -- Statewide,183163.0,12.118131745758975,292,Minnesota,MN,7.25,7.25,7.25,7.25,7.25,7.25,20,7.25,1.9810014688665833,232.957,7.14533798082908,1.966460113388207,West North Central,0.0,0.0,0.0,False,False,False,False,23.0,23,0,-3.0,23.0,23,0,-3.0
27,2014,1,2014q1,Minnesota -- Statewide,178948.0,12.094850539825485,284,Minnesota,MN,7.25,7.25,7.25,7.25,7.25,7.25,21,7.25,1.9810014688665833,236.736,7.031277456745066,1.9503684043563676,West North Central,0.0,0.0,0.0,False,False,False,False,23.0,23,0,-2.0,23.0,23,0,-2.0
27,2014,2,2014q2,Minnesota -- Statewide,190511.0,12.157465214663995,288,Minnesota,MN,7.25,7.25,7.25,7.25,7.25,7.25,22,7.25,1.9810014688665833,236.736,7.031277456745066,1.9503684043563676,West North Central,0.0,0.0,0.0,False,False,False,False,23.0,23,0,-1.0,23.0,23,0,-1.0
27,2014,3,2014q3,Minnesota -- Statewide,193670.66666666666,12.173914400997397,303,Minnesota,MN,7.25,7.25,7.25,7.7472825050354,7.25,8.0,23,7.7472825050354,2.047342137363533,236.736,7.513557631543566,2.0167090728533172,West North Central,0.4972825050354004,0.4972825050354004,0.06634066849694964,True,True,True,True,23.0,23,1,0.0,23.0,23,1,0.0
27,2014,4,2014q4,Minnesota -- Statewide,185126.66666666666,12.128795554455525,311,Minnesota,MN,7.25,8.0,7.25,8.0,7.25,8.0,24,8.0,2.0794415416798357,236.736,7.758650986753176,2.04880847716962,West North Central,0.2527174949645996,0.2527174949645996,0.03209940431630276,True,True,True,False,23.0,23,1,1.0,23.0,23,1,1.0
27,2015,1,2015q1,Minnesota -- Statewide,181970.0,12.111597117307289,301,Minnesota,MN,7.25,8.0,7.25,8.0,7.25,8.0,25,8.0,2.0794415416798357,237.017,7.749452570912635,2.047622204859142,West North Central,0.0,0.0,0.0,True,False,False,False,23.0,23,1,2.0,23.0,23,1,2.0
27,2015,2,2015q2,Minnesota -- Statewide,194267.66666666666,12.176992212185315,308,Minnesota,MN,7.25,8.0,7.25,8.0,7.25,8.0,26,8.0,2.0794415416798357,237.017,7.749452570912635,2.047622204859142,West North Central,0.0,0.0,0.0,True,False,False,False,23.0,23,1,3.0,23.0,23,1,3.0
27,2015,3,2015q3,Minnesota -- Statewide,197414.66666666666,12.193061702444703,323,Minnesota,MN,7.25,8.0,7.25,8.663043022155762,7.25,9.0,27,8.663043022155762,2.15906604909165,237.017,8.391730127496468,2.127246712270957,West North Central,0.6630430221557617,0.6630430221557617,0.07962450741181426,True,True,True,True,23.0,23,1,4.0,23.0,23,1,4.0
27,2015,4,2015q4,Minnesota -- Statewide,191770.0,12.164052016267561,343,Minnesota,MN,7.25,9.0,7.25,9.0,7.25,9.0,28,9.0,2.1972245773362196,237.017,8.718134142276714,2.1654052405155255,West North Central,0.3369569778442383,0.3369569778442383,0.038158528244569556,True,True,True,False,23.0,23,1,5.0,23.0,23,1,5.0
27,2016,1,2016q1,Minnesota -- Statewide,187853.33333333334,12.143416795499103,315,Minnesota,MN,7.25,9.0,7.25,9.0,7.25,9.0,29,9.0,2.1972245773362196,240.007,8.609523888886574,2.152869019452673,West North Central,0.0,0.0,0.0,True,False,False,False,23.0,23,1,6.0,23.0,23,1,6.0
27,2016,2,2016q2,Minnesota -- Statewide,198465.33333333334,12.19836972070048,326,Minnesota,MN,7.25,9.0,7.25,9.0,7.25,9.0,30,9.0,2.1972245773362196,240.007,8.609523888886574,2.152869019452673,West North Central,0.0,0.0,0.0,True,False,False,False,23.0,23,1,7.0,23.0,23,1,7.0
27,2016,3,2016q3,Minnesota -- Statewide,201889.33333333334,12.215474971470595,351,Minnesota,MN,7.25,9.0,7.25,9.331521987915039,7.25,9.5,31,9.331521987915039,2.233398129949158,240.007,8.92666238606943,2.1890425720656115,West North Central,0.33152198791503906,0.33152198791503906,0.03617355261293831,True,True,True,False,23.0,23,1,8.0,23.0,23,1,8.0
27,2016,4,2016q4,Minnesota -- Statewide,194166.33333333334,12.176470459014212,347,Minnesota,MN,7.25,9.5,7.25,9.5,7.25,9.5,32,9.5,2.2512917986064953,240.007,9.087830771602494,2.206936240722949,West North Central,0.16847801208496094,0.16847801208496094,0.017893668657337436,True,True,True,False,23.0,23,1,9.0,23.0,23,1,9.0
27,2017,1,2017q1,Minnesota -- Statewide,190673.66666666666,12.158318694306622,342,Minnesota,MN,7.25,9.5,7.25,9.5,7.25,9.5,33,9.5,2.2512917986064953,245.12,8.89826615535248,2.1858564437540418,West North Central,0.0,0.0,0.0,True,False,False,False,23.0,23,1,10.0,23.0,23,1,10.0
27,2017,2,2017q2,Minnesota -- Statewide,200300.0,12.20757152165391,343,Minnesota,MN,7.25,9.5,7.25,9.5,7.25,9.5,34,9.5,2.2512917986064953,245.12,8.89826615535248,2.1858564437540418,West North Central,0.0,0.0,0.0,True,False,False,False,23.0,23,1,11.0,23.0,23,1,11.0
27,2017,3,2017q3,Minnesota -- Statewide,203581.66666666666,12.223822513762615,354,Minnesota,MN,7.25,9.5,7.25,9.5,7.25,9.5,35,9.5,2.2512917986064953,245.12,8.89826615535248,2.1858564437540418,West North Central,0.0,0.0,0.0,True,False,False,False,23.0,23,1,12.0,23.0,23,1,12.0
27,2017,4,2017q4,Minnesota -- Statewide,194845.0,12.179959649672922,361,Minnesota,MN,7.25,9.5,7.25,9.5,7.25,9.5,36,9.5,2.2512917986064953,245.12,8.89826615535248,2.1858564437540418,West North Central,0.0,0.0,0.0,True,False,False,False,23.0,23,1,13.0,23.0,23,1,13.0
27,2018,1,2018q1,Minnesota -- Statewide,192115.0,12.165849430039303,352,Minnesota,MN,7.25,9.649999618530273,7.25,9.649999618530273,7.25,9.649999618530273,37,9.649999618530273,2.2669578758203524,251.107,8.823258660319464,2.1773912644054465,West North Central,0.14999961853027344,0.14999961853027344,0.015666077213857044,True,True,True,False,23.0,23,1,14.0,23.0,23,1,14.0
27,2018,2,2018q2,Minnesota -- Statewide,200315.66666666666,12.207649734604516,356,Minnesota,MN,7.25,9.649999618530273,7.25,9.649999618530273,7.25,9.649999618530273,38,9.649999618530273,2.2669578758203524,251.107,8.823258660319464,2.1773912644054465,West North Central,0.0,0.0,0.0,True,False,False,False,23.0,23,1,15.0,23.0,23,1,15.0
27,2018,3,2018q3,Minnesota -- Statewide,204054.66666666666,12.226143210783983,368,Minnesota,MN,7.25,9.649999618530273,7.25,9.649999618530273,7.25,9.649999618530273,39,9.649999618530273,2.2669578758203524,251.107,8.823258660319464,2.1773912644054465,West North Central,0.0,0.0,0.0,True,False,False,False,23.0,23,1,16.0,23.0,23,1,16.0
27,2018,4,2018q4,Minnesota -- Statewide,195641.33333333334,12.184038329868944,379,Minnesota,MN,7.25,9.649999618530273,7.25,9.649999618530273,7.25,9.649999618530273,40,9.649999618530273,2.2669578758203524,251.107,8.823258660319464,2.1773912644054465,West North Central,0.0,0.0,0.0,True,False,False,False,23.0,23,1,17.0,23.0,23,1,17.0
27,2019,1,2019q1,Minnesota -- Statewide,191619.66666666666,12.163267783649372,356,Minnesota,MN,7.25,9.859999656677246,7.25,9.859999656677246,7.25,9.859999656677246,41,9.859999656677246,2.2884861337947915,255.657,8.8548201738077,2.1809619631582,West North Central,0.21000003814697266,0.21000003814697266,0.021528257974439136,True,True,True,False,23.0,23,1,18.0,23.0,23,1,18.0
27,2019,2,2019q2,Minnesota -- Statewide,201471.66666666666,12.213404038405974,373,Minnesota,MN,7.25,9.859999656677246,7.25,9.859999656677246,7.25,9.859999656677246,42,9.859999656677246,2.2884861337947915,255.657,8.8548201738077,2.1809619631582,West North Central,0.0,0.0,0.0,True,False,False,False,23.0,23,1,19.0,23.0,23,1,19.0
27,2019,3,2019q3,Minnesota -- Statewide,205898.66666666666,12.235139417359491,386,Minnesota,MN,7.25,9.859999656677246,7.25,9.859999656677246,7.25,9.859999656677246,43,9.859999656677246,2.2884861337947915,255.657,8.8548201738077,2.1809619631582,West North Central,0.0,0.0,0.0,True,False,False,False,23.0,23,1,20.0,23.0,23,1,20.0
27,2019,4,2019q4,Minnesota -- Statewide,196784.66666666666,12.18986534728576,391,Minnesota,MN,7.25,9.859999656677246,7.25,9.859999656677246,7.25,9.859999656677246,44,9.859999656677246,2.2884861337947915,255.657,8.8548201738077,2.1809619631582,West North Central,0.0,0.0,0.0,True,False,False,False,23.0,23,1,21.0,23.0,23,1,21.0
28,2009,1,2009q1,Mississippi -- Statewide,77916.0,11.263386602296487,224,Mississippi,MS,6.55,6.550000190734863,6.550000000000002,6.550000190734863,6.55,6.550000190734863,1,6.550000190734863,1.8794650787669867,214.537,7.009703425477097,1.9472953928016028,East South Central,,,,False,False,False,False,,0,0,,,0,0,
28,2009,2,2009q2,Mississippi -- Statewide,79520.0,11.283763841330456,227,Mississippi,MS,6.55,6.550000190734863,6.550000000000001,6.550000190734863,6.55,6.550000190734863,2,6.550000190734863,1.8794650787669867,214.537,7.009703425477097,1.9472953928016028,East South Central,0.0,0.0,0.0,False,False,False,False,,0,0,,,0,0,
28,2009,3,2009q3,Mississippi -- Statewide,77737.0,11.261086613489224,234,Mississippi,MS,6.55,6.550000190734863,7.075,7.074999809265137,7.25,7.25,3,7.075,1.9565674435293015,214.537,7.571549662762134,2.024397757563918,East South Central,0.5249996185302734,0.5249998092651369,0.0771023647623148,False,False,False,False,,0,0,,,0,0,
28,2009,4,2009q4,Mississippi -- Statewide,76365.33333333333,11.243284119996439,241,Mississippi,MS,7.25,7.25,7.25,7.25,7.25,7.25,4,7.25,1.9810014688665833,214.537,7.758831809897592,2.0488317829011997,East South Central,0.17500019073486328,0.17499999999999982,0.024434025337281895,False,False,False,False,,0,0,,,0,0,
28,2010,1,2010q1,Mississippi -- Statewide,76056.66666666667,11.239233955471507,230,Mississippi,MS,7.25,7.25,7.25,7.25,7.25,7.25,5,7.25,1.9810014688665833,218.056,7.633619345489231,2.032562090031529,East South Central,0.0,0.0,0.0,False,False,False,False,,0,0,,,0,0,
28,2010,2,2010q2,Mississippi -- Statewide,78889.33333333333,11.275801305468226,240,Mississippi,MS,7.25,7.25,7.25,7.25,7.25,7.25,6,7.25,1.9810014688665833,218.056,7.633619345489231,2.032562090031529,East South Central,0.0,0.0,0.0,False,False,False,False,,0,0,,,0,0,
28,2010,3,2010q3,Mississippi -- Statewide,78365.0,11.269132678088168,242,Mississippi,MS,7.25,7.25,7.25,7.25,7.25,7.25,7,7.25,1.9810014688665833,218.056,7.633619345489231,2.032562090031529,East South Central,0.0,0.0,0.0,False,False,False,False,,0,0,,,0,0,
28,2010,4,2010q4,Mississippi -- Statewide,77539.66666666667,11.258544912359175,250,Mississippi,MS,7.25,7.25,7.25,7.25,7.25,7.25,8,7.25,1.9810014688665833,218.056,7.633619345489231,2.032562090031529,East South Central,0.0,0.0,0.0,False,False,False,False,,0,0,,,0,0,
28,2011,1,2011q1,Mississippi -- Statewide,77020.0,11.2518204073689,236,Mississippi,MS,7.25,7.25,7.25,7.25,7.25,7.25,9,7.25,1.9810014688665833,224.939,7.400035120632705,2.0014847462303083,East South Central,0.0,0.0,0.0,False,False,False,False,,0,0,,,0,0,
28,2011,2,2011q2,Mississippi -- Statewide,80544.33333333333,11.296563036451177,244,Mississippi,MS,7.25,7.25,7.25,7.25,7.25,7.25,10,7.25,1.9810014688665833,224.939,7.400035120632705,2.0014847462303083,East South Central,0.0,0.0,0.0,False,False,False,False,,0,0,,,0,0,
28,2011,3,2011q3,Mississippi -- Statewide,80043.33333333333,11.290323433674251,250,Mississippi,MS,7.25,7.25,7.25,7.25,7.25,7.25,11,7.25,1.9810014688665833,224.939,7.400035120632705,2.0014847462303083,East South Central,0.0,0.0,0.0,False,False,False,False,,0,0,,,0,0,
28,2011,4,2011q4,Mississippi -- Statewide,79444.66666666667,11.28281604153881,249,Mississippi,MS,7.25,7.25,7.25,7.25,7.25,7.25,12,7.25,1.9810014688665833,224.939,7.400035120632705,2.0014847462303083,East South Central,0.0,0.0,0.0,False,False,False,False,,0,0,,,0,0,
28,2012,1,2012q1,Mississippi -- Statewide,80205.33333333333,11.29234529205918,249,Mississippi,MS,7.25,7.25,7.25,7.25,7.25,7.25,13,7.25,1.9810014688665833,229.594,7.25,1.9810014688665833,East South Central,0.0,0.0,0.0,False,False,False,False,,0,0,,,0,0,
28,2012,2,2012q2,Mississippi -- Statewide,83111.33333333333,11.327936353413612,248,Mississippi,MS,7.25,7.25,7.25,7.25,7.25,7.25,14,7.25,1.9810014688665833,229.594,7.25,1.9810014688665833,East South Central,0.0,0.0,0.0,False,False,False,False,,0,0,,,0,0,
28,2012,3,2012q3,Mississippi -- Statewide,82762.33333333333,11.323728325436582,250,Mississippi,MS,7.25,7.25,7.25,7.25,7.25,7.25,15,7.25,1.9810014688665833,229.594,7.25,1.9810014688665833,East South Central,0.0,0.0,0.0,False,False,False,False,,0,0,,,0,0,
28,2012,4,2012q4,Mississippi -- Statewide,81847.66666666667,11.312615074960641,255,Mississippi,MS,7.25,7.25,7.25,7.25,7.25,7.25,16,7.25,1.9810014688665833,229.594,7.25,1.9810014688665833,East South Central,0.0,0.0,0.0,False,False,False,False,,0,0,,,0,0,
28,2013,1,2013q1,Mississippi -- Statewide,81718.0,11.311029574819049,248,Mississippi,MS,7.25,7.25,7.25,7.25,7.25,7.25,17,7.25,1.9810014688665833,232.957,7.14533798082908,1.966460113388207,East South Central,0.0,0.0,0.0,False,False,False,False,,0,0,,,0,0,
28,2013,2,2013q2,Mississippi -- Statewide,85417.0,11.355300423198056,251,Mississippi,MS,7.25,7.25,7.25,7.25,7.25,7.25,18,7.25,1.9810014688665833,232.957,7.14533798082908,1.966460113388207,East South Central,0.0,0.0,0.0,False,False,False,False,,0,0,,,0,0,
28,2013,3,2013q3,Mississippi -- Statewide,85421.66666666667,11.355355055638812,253,Mississippi,MS,7.25,7.25,7.25,7.25,7.25,7.25,19,7.25,1.9810014688665833,232.957,7.14533798082908,1.966460113388207,East South Central,0.0,0.0,0.0,False,False,False,False,,0,0,,,0,0,
28,2013,4,2013q4,Mississippi -- Statewide,85128.66666666667,11.351919116435075,256,Mississippi,MS,7.25,7.25,7.25,7.25,7.25,7.25,20,7.25,1.9810014688665833,232.957,7.14533798082908,1.966460113388207,East South Central,0.0,0.0,0.0,False,False,False,False,,0,0,,,0,0,
28,2014,1,2014q1,Mississippi -- Statewide,84672.66666666667,11.34654812096341,249,Mississippi,MS,7.25,7.25,7.25,7.25,7.25,7.25,21,7.25,1.9810014688665833,236.736,7.031277456745066,1.9503684043563676,East South Central,0.0,0.0,0.0,False,False,False,False,,0,0,,,0,0,
28,2014,2,2014q2,Mississippi -- Statewide,88223.33333333333,11.387626757272182,255,Mississippi,MS,7.25,7.25,7.25,7.25,7.25,7.25,22,7.25,1.9810014688665833,236.736,7.031277456745066,1.9503684043563676,East South Central,0.0,0.0,0.0,False,False,False,False,,0,0,,,0,0,
28,2014,3,2014q3,Mississippi -- Statewide,87714.33333333333,11.381840600961985,256,Mississippi,MS,7.25,7.25,7.25,7.25,7.25,7.25,23,7.25,1.9810014688665833,236.736,7.031277456745066,1.9503684043563676,East South Central,0.0,0.0,0.0,False,False,False,False,,0,0,,,0,0,
28,2014,4,2014q4,Mississippi -- Statewide,87643.0,11.381027024068311,264,Mississippi,MS,7.25,7.25,7.25,7.25,7.25,7.25,24,7.25,1.9810014688665833,236.736,7.031277456745066,1.9503684043563676,East South Central,0.0,0.0,0.0,False,False,False,False,,0,0,,,0,0,
28,2015,1,2015q1,Mississippi -- Statewide,87601.33333333333,11.380551497508801,253,Mississippi,MS,7.25,7.25,7.25,7.25,7.25,7.25,25,7.25,1.9810014688665833,237.017,7.022941392389575,1.9491821320458897,East South Central,0.0,0.0,0.0,False,False,False,False,,0,0,,,0,0,
28,2015,2,2015q2,Mississippi -- Statewide,91921.0,11.4286847914887,261,Mississippi,MS,7.25,7.25,7.25,7.25,7.25,7.25,26,7.25,1.9810014688665833,237.017,7.022941392389575,1.9491821320458897,East South Central,0.0,0.0,0.0,False,False,False,False,,0,0,,,0,0,
28,2015,3,2015q3,Mississippi -- Statewide,91926.33333333333,11.428742810642289,264,Mississippi,MS,7.25,7.25,7.25,7.25,7.25,7.25,27,7.25,1.9810014688665833,237.017,7.022941392389575,1.9491821320458897,East South Central,0.0,0.0,0.0,False,False,False,False,,0,0,,,0,0,
28,2015,4,2015q4,Mississippi -- Statewide,91705.0,11.426332182385133,273,Mississippi,MS,7.25,7.25,7.25,7.25,7.25,7.25,28,7.25,1.9810014688665833,237.017,7.022941392389575,1.9491821320458897,East South Central,0.0,0.0,0.0,False,False,False,False,,0,0,,,0,0,
28,2016,1,2016q1,Mississippi -- Statewide,91080.33333333333,11.419497179957247,257,Mississippi,MS,7.25,7.25,7.25,7.25,7.25,7.25,29,7.25,1.9810014688665833,240.007,6.935449799380851,1.9366459109830372,East South Central,0.0,0.0,0.0,False,False,False,False,,0,0,,,0,0,
28,2016,2,2016q2,Mississippi -- Statewide,94999.0,11.461621644211487,267,Mississippi,MS,7.25,7.25,7.25,7.25,7.25,7.25,30,7.25,1.9810014688665833,240.007,6.935449799380851,1.9366459109830372,East South Central,0.0,0.0,0.0,False,False,False,False,,0,0,,,0,0,
28,2016,3,2016q3,Mississippi -- Statewide,94756.33333333333,11.45906396327897,272,Mississippi,MS,7.25,7.25,7.25,7.25,7.25,7.25,31,7.25,1.9810014688665833,240.007,6.935449799380851,1.9366459109830372,East South Central,0.0,0.0,0.0,False,False,False,False,,0,0,,,0,0,
28,2016,4,2016q4,Mississippi -- Statewide,93800.33333333333,11.448923688648271,275,Mississippi,MS,7.25,7.25,7.25,7.25,7.25,7.25,32,7.25,1.9810014688665833,240.007,6.935449799380851,1.9366459109830372,East South Central,0.0,0.0,0.0,False,False,False,False,,0,0,,,0,0,
28,2017,1,2017q1,Mississippi -- Statewide,92837.66666666667,11.4386077272275,269,Mississippi,MS,7.25,7.25,7.25,7.25,7.25,7.25,33,7.25,1.9810014688665833,245.12,6.7907820659268925,1.9155661140141298,East South Central,0.0,0.0,0.0,False,False,False,False,,0,0,,,0,0,
28,2017,2,2017q2,Mississippi -- Statewide,97171.33333333333,11.484231022395548,273,Mississippi,MS,7.25,7.25,7.25,7.25,7.25,7.25,34,7.25,1.9810014688665833,245.12,6.7907820659268925,1.9155661140141298,East South Central,0.0,0.0,0.0,False,False,False,False,,0,0,,,0,0,
28,2017,3,2017q3,Mississippi -- Statewide,96160.0,11.473768749769034,273,Mississippi,MS,7.25,7.25,7.25,7.25,7.25,7.25,35,7.25,1.9810014688665833,245.12,6.7907820659268925,1.9155661140141298,East South Central,0.0,0.0,0.0,False,False,False,False,,0,0,,,0,0,
28,2017,4,2017q4,Mississippi -- Statewide,95200.66666666667,11.463742223556057,278,Mississippi,MS,7.25,7.25,7.25,7.25,7.25,7.25,36,7.25,1.9810014688665833,245.12,6.7907820659268925,1.9155661140141298,East South Central,0.0,0.0,0.0,False,False,False,False,,0,0,,,0,0,
28,2018,1,2018q1,Mississippi -- Statewide,94140.66666666667,11.452545396581499,273,Mississippi,MS,7.25,7.25,7.25,7.25,7.25,7.25,37,7.25,1.9810014688665833,251.107,6.628873348811463,1.8914348574516775,East South Central,0.0,0.0,0.0,False,False,False,False,,0,0,,,0,0,
28,2018,2,2018q2,Mississippi -- Statewide,97545.33333333333,11.488072506191761,280,Mississippi,MS,7.25,7.25,7.25,7.25,7.25,7.25,38,7.25,1.9810014688665833,251.107,6.628873348811463,1.8914348574516775,East South Central,0.0,0.0,0.0,False,False,False,False,,0,0,,,0,0,
28,2018,3,2018q3,Mississippi -- Statewide,96505.66666666667,11.477357007537382,281,Mississippi,MS,7.25,7.25,7.25,7.25,7.25,7.25,39,7.25,1.9810014688665833,251.107,6.628873348811463,1.8914348574516775,East South Central,0.0,0.0,0.0,False,False,False,False,,0,0,,,0,0,
28,2018,4,2018q4,Mississippi -- Statewide,95495.0,11.466829169077254,292,Mississippi,MS,7.25,7.25,7.25,7.25,7.25,7.25,40,7.25,1.9810014688665833,251.107,6.628873348811463,1.8914348574516775,East South Central,0.0,0.0,0.0,False,False,False,False,,0,0,,,0,0,
28,2019,1,2019q1,Mississippi -- Statewide,95116.0,11.462852478335789,281,Mississippi,MS,7.25,7.25,7.25,7.25,7.25,7.25,41,7.25,1.9810014688665833,255.657,6.510897413331143,1.8734772982299916,East South Central,0.0,0.0,0.0,False,False,False,False,,0,0,,,0,0,
28,2019,2,2019q2,Mississippi -- Statewide,98751.0,11.500356809294374,290,Mississippi,MS,7.25,7.25,7.25,7.25,7.25,7.25,42,7.25,1.9810014688665833,255.657,6.510897413331143,1.8734772982299916,East South Central,0.0,0.0,0.0,False,False,False,False,,0,0,,,0,0,
28,2019,3,2019q3,Mississippi -- Statewide,98241.33333333333,11.495182315492993,292,Mississippi,MS,7.25,7.25,7.25,7.25,7.25,7.25,43,7.25,1.9810014688665833,255.657,6.510897413331143,1.8734772982299916,East South Central,0.0,0.0,0.0,False,False,False,False,,0,0,,,0,0,
28,2019,4,2019q4,Mississippi -- Statewide,97308.66666666667,11.48564333580732,296,Mississippi,MS,7.25,7.25,7.25,7.25,7.25,7.25,44,7.25,1.9810014688665833,255.657,6.510897413331143,1.8734772982299916,East South Central,0.0,0.0,0.0,False,False,False,False,,0,0,,,0,0,
29,2009,1,2009q1,Missouri -- Statewide,197087.0,12.191400534598268,248,Missouri,MO,6.55,7.050000190734863,6.550000000000002,7.050000190734863,6.55,7.050000190734863,1,7.050000190734863,1.9530276438787675,214.537,7.544795274435552,2.0208579579133836,West North Central,,,,True,False,False,False,17.0,17,0,-16.0,41.0,41,0,-40.0
29,2009,2,2009q2,Missouri -- Statewide,208133.0,12.245932577416546,257,Missouri,MO,6.55,7.050000190734863,6.550000000000001,7.050000190734863,6.55,7.050000190734863,2,7.050000190734863,1.9530276438787675,214.537,7.544795274435552,2.0208579579133836,West North Central,0.0,0.0,0.0,True,False,False,False,17.0,17,0,-15.0,41.0,41,0,-39.0
29,2009,3,2009q3,Missouri -- Statewide,206133.33333333334,12.23627848758724,262,Missouri,MO,6.55,7.050000190734863,7.075,7.199999809265137,7.25,7.25,3,7.199999809265137,1.974080999531056,214.537,7.705322420880406,2.0419113135656723,West North Central,0.14999961853027344,0.14999961853027344,0.021053355652288497,True,False,False,False,17.0,17,0,-14.0,41.0,41,0,-38.0
29,2009,4,2009q4,Missouri -- Statewide,200130.0,12.20672243437167,270,Missouri,MO,7.25,7.25,7.25,7.25,7.25,7.25,4,7.25,1.9810014688665833,214.537,7.758831809897592,2.0488317829011997,West North Central,0.05000019073486328,0.05000019073486328,0.006920469335527368,False,False,False,False,17.0,17,0,-13.0,41.0,41,0,-37.0
29,2010,1,2010q1,Missouri -- Statewide,193112.0,12.171025610452606,256,Missouri,MO,7.25,7.25,7.25,7.25,7.25,7.25,5,7.25,1.9810014688665833,218.056,7.633619345489231,2.032562090031529,West North Central,0.0,0.0,0.0,False,False,False,False,17.0,17,0,-12.0,41.0,41,0,-36.0
29,2010,2,2010q2,Missouri -- Statewide,205103.0,12.231267570964713,264,Missouri,MO,7.25,7.25,7.25,7.25,7.25,7.25,6,7.25,1.9810014688665833,218.056,7.633619345489231,2.032562090031529,West North Central,0.0,0.0,0.0,False,False,False,False,17.0,17,0,-11.0,41.0,41,0,-35.0
29,2010,3,2010q3,Missouri -- Statewide,206009.33333333334,12.235676754188733,271,Missouri,MO,7.25,7.25,7.25,7.25,7.25,7.25,7,7.25,1.9810014688665833,218.056,7.633619345489231,2.032562090031529,West North Central,0.0,0.0,0.0,False,False,False,False,17.0,17,0,-10.0,41.0,41,0,-34.0
29,2010,4,2010q4,Missouri -- Statewide,201521.66666666666,12.213652181469994,276,Missouri,MO,7.25,7.25,7.25,7.25,7.25,7.25,8,7.25,1.9810014688665833,218.056,7.633619345489231,2.032562090031529,West North Central,0.0,0.0,0.0,False,False,False,False,17.0,17,0,-9.0,41.0,41,0,-33.0
29,2011,1,2011q1,Missouri -- Statewide,193295.0,12.171972798333165,260,Missouri,MO,7.25,7.25,7.25,7.25,7.25,7.25,9,7.25,1.9810014688665833,224.939,7.400035120632705,2.0014847462303083,West North Central,0.0,0.0,0.0,False,False,False,False,17.0,17,0,-8.0,41.0,41,0,-32.0
29,2011,2,2011q2,Missouri -- Statewide,205213.33333333334,12.23180536742578,267,Missouri,MO,7.25,7.25,7.25,7.25,7.25,7.25,10,7.25,1.9810014688665833,224.939,7.400035120632705,2.0014847462303083,West North Central,0.0,0.0,0.0,False,False,False,False,17.0,17,0,-7.0,41.0,41,0,-31.0
29,2011,3,2011q3,Missouri -- Statewide,206197.0,12.236587301477588,278,Missouri,MO,7.25,7.25,7.25,7.25,7.25,7.25,11,7.25,1.9810014688665833,224.939,7.400035120632705,2.0014847462303083,West North Central,0.0,0.0,0.0,False,False,False,False,17.0,17,0,-6.0,41.0,41,0,-30.0
29,2011,4,2011q4,Missouri -- Statewide,202469.0,12.218342067390056,274,Missouri,MO,7.25,7.25,7.25,7.25,7.25,7.25,12,7.25,1.9810014688665833,224.939,7.400035120632705,2.0014847462303083,West North Central,0.0,0.0,0.0,False,False,False,False,17.0,17,0,-5.0,41.0,41,0,-29.0
29,2012,1,2012q1,Missouri -- Statewide,196333.66666666666,12.187570871757043,270,Missouri,MO,7.25,7.25,7.25,7.25,7.25,7.25,13,7.25,1.9810014688665833,229.594,7.25,1.9810014688665833,West North Central,0.0,0.0,0.0,False,False,False,False,17.0,17,0,-4.0,41.0,41,0,-28.0
29,2012,2,2012q2,Missouri -- Statewide,209782.66666666666,12.25382735316455,267,Missouri,MO,7.25,7.25,7.25,7.25,7.25,7.25,14,7.25,1.9810014688665833,229.594,7.25,1.9810014688665833,West North Central,0.0,0.0,0.0,False,False,False,False,17.0,17,0,-3.0,41.0,41,0,-27.0
29,2012,3,2012q3,Missouri -- Statewide,208956.33333333334,12.249880577698281,274,Missouri,MO,7.25,7.25,7.25,7.25,7.25,7.25,15,7.25,1.9810014688665833,229.594,7.25,1.9810014688665833,West North Central,0.0,0.0,0.0,False,False,False,False,17.0,17,0,-2.0,41.0,41,0,-26.0
29,2012,4,2012q4,Missouri -- Statewide,206782.66666666666,12.239423601211252,279,Missouri,MO,7.25,7.25,7.25,7.25,7.25,7.25,16,7.25,1.9810014688665833,229.594,7.25,1.9810014688665833,West North Central,0.0,0.0,0.0,False,False,False,False,17.0,17,0,-1.0,41.0,41,0,-25.0
29,2013,1,2013q1,Missouri -- Statewide,201601.66666666666,12.214049082340944,268,Missouri,MO,7.25,7.349999904632568,7.25,7.349999904632568,7.25,7.349999904632568,17,7.349999904632568,1.9947003002495844,232.957,7.243894272780856,1.9801589447712078,West North Central,0.09999990463256836,0.09999990463256836,0.013698831383001098,True,True,True,False,17.0,17,1,0.0,41.0,41,0,-24.0
29,2013,2,2013q2,Missouri -- Statewide,214082.0,12.274114398180306,272,Missouri,MO,7.25,7.349999904632568,7.25,7.349999904632568,7.25,7.349999904632568,18,7.349999904632568,1.9947003002495844,232.957,7.243894272780856,1.9801589447712078,West North Central,0.0,0.0,0.0,True,False,False,False,17.0,17,1,1.0,41.0,41,0,-23.0
29,2013,3,2013q3,Missouri -- Statewide,214288.0,12.275076183626904,277,Missouri,MO,7.25,7.349999904632568,7.25,7.349999904632568,7.25,7.349999904632568,19,7.349999904632568,1.9947003002495844,232.957,7.243894272780856,1.9801589447712078,West North Central,0.0,0.0,0.0,True,False,False,False,17.0,17,1,2.0,41.0,41,0,-22.0
29,2013,4,2013q4,Missouri -- Statewide,211242.0,12.260759674679855,282,Missouri,MO,7.25,7.349999904632568,7.25,7.349999904632568,7.25,7.349999904632568,20,7.349999904632568,1.9947003002495844,232.957,7.243894272780856,1.9801589447712078,West North Central,0.0,0.0,0.0,True,False,False,False,17.0,17,1,3.0,41.0,41,0,-21.0
29,2014,1,2014q1,Missouri -- Statewide,205575.33333333334,12.23356783130602,269,Missouri,MO,7.25,7.5,7.25,7.5,7.25,7.5,21,7.5,2.0149030205422647,236.736,7.273735300081103,1.984269956032049,West North Central,0.15000009536743164,0.15000009536743164,0.02020272029268022,True,True,True,False,17.0,17,1,4.0,41.0,41,0,-20.0
29,2014,2,2014q2,Missouri -- Statewide,219408.0,12.298688289239635,282,Missouri,MO,7.25,7.5,7.25,7.5,7.25,7.5,22,7.5,2.0149030205422647,236.736,7.273735300081103,1.984269956032049,West North Central,0.0,0.0,0.0,True,False,False,False,17.0,17,1,5.0,41.0,41,0,-19.0
29,2014,3,2014q3,Missouri -- Statewide,217903.0,12.291805288621322,288,Missouri,MO,7.25,7.5,7.25,7.5,7.25,7.5,23,7.5,2.0149030205422647,236.736,7.273735300081103,1.984269956032049,West North Central,0.0,0.0,0.0,True,False,False,False,17.0,17,1,6.0,41.0,41,0,-18.0
29,2014,4,2014q4,Missouri -- Statewide,216256.0,12.284218170073961,293,Missouri,MO,7.25,7.5,7.25,7.5,7.25,7.5,24,7.5,2.0149030205422647,236.736,7.273735300081103,1.984269956032049,West North Central,0.0,0.0,0.0,True,False,False,False,17.0,17,1,7.0,41.0,41,0,-17.0
29,2015,1,2015q1,Missouri -- Statewide,210680.33333333334,12.258097255774418,282,Missouri,MO,7.25,7.650000095367432,7.25,7.650000095367432,7.25,7.650000095367432,25,7.650000095367432,2.0347056603047755,237.017,7.4104141133158805,2.0028863234840815,West North Central,0.15000009536743164,0.15000009536743164,0.019802639762510843,True,True,True,False,17.0,17,1,8.0,41.0,41,0,-16.0
29,2015,2,2015q2,Missouri -- Statewide,223329.33333333334,12.316402792090884,294,Missouri,MO,7.25,7.650000095367432,7.25,7.650000095367432,7.25,7.650000095367432,26,7.650000095367432,2.0347056603047755,237.017,7.4104141133158805,2.0028863234840815,West North Central,0.0,0.0,0.0,True,False,False,False,17.0,17,1,9.0,41.0,41,0,-15.0
29,2015,3,2015q3,Missouri -- Statewide,223816.0,12.318579564708434,302,Missouri,MO,7.25,7.650000095367432,7.25,7.650000095367432,7.25,7.650000095367432,27,7.650000095367432,2.0347056603047755,237.017,7.4104141133158805,2.0028863234840815,West North Central,0.0,0.0,0.0,True,False,False,False,17.0,17,1,10.0,41.0,41,0,-14.0
29,2015,4,2015q4,Missouri -- Statewide,223174.66666666666,12.315710002450242,310,Missouri,MO,7.25,7.650000095367432,7.25,7.650000095367432,7.25,7.650000095367432,28,7.650000095367432,2.0347056603047755,237.017,7.4104141133158805,2.0028863234840815,West North Central,0.0,0.0,0.0,True,False,False,False,17.0,17,1,11.0,41.0,41,0,-13.0
29,2016,1,2016q1,Missouri -- Statewide,217938.33333333334,12.291967427136917,292,Missouri,MO,7.25,7.650000095367432,7.25,7.650000095367432,7.25,7.650000095367432,29,7.650000095367432,2.0347056603047755,240.007,7.318095396783385,1.9903501024212291,West North Central,0.0,0.0,0.0,True,False,False,False,17.0,17,1,12.0,41.0,41,0,-12.0
29,2016,2,2016q2,Missouri -- Statewide,230850.0,12.349523427935136,301,Missouri,MO,7.25,7.650000095367432,7.25,7.650000095367432,7.25,7.650000095367432,30,7.650000095367432,2.0347056603047755,240.007,7.318095396783385,1.9903501024212291,West North Central,0.0,0.0,0.0,True,False,False,False,17.0,17,1,13.0,41.0,41,0,-11.0
29,2016,3,2016q3,Missouri -- Statewide,228472.66666666666,12.339171861446461,317,Missouri,MO,7.25,7.650000095367432,7.25,7.650000095367432,7.25,7.650000095367432,31,7.650000095367432,2.0347056603047755,240.007,7.318095396783385,1.9903501024212291,West North Central,0.0,0.0,0.0,True,False,False,False,17.0,17,1,14.0,41.0,41,0,-10.0
29,2016,4,2016q4,Missouri -- Statewide,225759.33333333334,12.327224814093857,313,Missouri,MO,7.25,7.650000095367432,7.25,7.650000095367432,7.25,7.650000095367432,32,7.650000095367432,2.0347056603047755,240.007,7.318095396783385,1.9903501024212291,West North Central,0.0,0.0,0.0,True,False,False,False,17.0,17,1,15.0,41.0,41,0,-9.0
29,2017,1,2017q1,Missouri -- Statewide,221776.66666666666,12.309426148484736,308,Missouri,MO,7.25,7.699999809265137,7.25,7.699999809265137,7.25,7.699999809265137,33,7.699999809265137,2.0412203040888763,245.12,7.21227870515837,1.9757849492364228,West North Central,0.04999971389770508,0.04999971389770508,0.0065146437841008265,True,True,False,False,17.0,17,1,16.0,41.0,41,0,-8.0
29,2017,2,2017q2,Missouri -- Statewide,231421.66666666666,12.351996722317223,314,Missouri,MO,7.25,7.699999809265137,7.25,7.699999809265137,7.25,7.699999809265137,34,7.699999809265137,2.0412203040888763,245.12,7.21227870515837,1.9757849492364228,West North Central,0.0,0.0,0.0,True,False,False,False,17.0,17,1,17.0,41.0,41,0,-7.0
29,2017,3,2017q3,Missouri -- Statewide,229989.33333333334,12.3457882100183,322,Missouri,MO,7.25,7.699999809265137,7.25,7.699999809265137,7.25,7.699999809265137,35,7.699999809265137,2.0412203040888763,245.12,7.21227870515837,1.9757849492364228,West North Central,0.0,0.0,0.0,True,False,False,False,17.0,17,1,18.0,41.0,41,0,-6.0
29,2017,4,2017q4,Missouri -- Statewide,227964.0,12.336943000733049,324,Missouri,MO,7.25,7.699999809265137,7.25,7.699999809265137,7.25,7.699999809265137,36,7.699999809265137,2.0412203040888763,245.12,7.21227870515837,1.9757849492364228,West North Central,0.0,0.0,0.0,True,False,False,False,17.0,17,1,19.0,41.0,41,0,-5.0
29,2018,1,2018q1,Missouri -- Statewide,222660.66666666666,12.313404217379835,317,Missouri,MO,7.25,7.849999904632568,7.25,7.849999904632568,7.25,7.849999904632568,37,7.849999904632568,2.0605135196455997,251.107,7.177469676688463,1.9709469082306936,West North Central,0.15000009536743164,0.15000009536743164,0.019293215556723364,True,True,True,False,17.0,17,1,20.0,41.0,41,0,-4.0
29,2018,2,2018q2,Missouri -- Statewide,232091.0,12.354884815121217,325,Missouri,MO,7.25,7.849999904632568,7.25,7.849999904632568,7.25,7.849999904632568,38,7.849999904632568,2.0605135196455997,251.107,7.177469676688463,1.9709469082306936,West North Central,0.0,0.0,0.0,True,False,False,False,17.0,17,1,21.0,41.0,41,0,-3.0
29,2018,3,2018q3,Missouri -- Statewide,231501.66666666666,12.352342351906556,332,Missouri,MO,7.25,7.849999904632568,7.25,7.849999904632568,7.25,7.849999904632568,39,7.849999904632568,2.0605135196455997,251.107,7.177469676688463,1.9709469082306936,West North Central,0.0,0.0,0.0,True,False,False,False,17.0,17,1,22.0,41.0,41,0,-2.0
29,2018,4,2018q4,Missouri -- Statewide,228296.33333333334,12.338399771650117,340,Missouri,MO,7.25,7.849999904632568,7.25,7.849999904632568,7.25,7.849999904632568,40,7.849999904632568,2.0605135196455997,251.107,7.177469676688463,1.9709469082306936,West North Central,0.0,0.0,0.0,True,False,False,False,17.0,17,1,23.0,41.0,41,0,-1.0
29,2019,1,2019q1,Missouri -- Statewide,223495.66666666666,12.317147304331767,326,Missouri,MO,7.25,8.600000381469727,7.25,8.600000381469727,7.25,8.600000381469727,41,8.600000381469727,2.151762247616406,255.657,7.723271757014908,2.0442380769798145,West North Central,0.7500004768371582,0.7500004768371582,0.09124872797080652,True,True,True,True,17.0,17,1,24.0,41.0,41,1,0.0
29,2019,2,2019q2,Missouri -- Statewide,233792.33333333334,12.362188535922712,340,Missouri,MO,7.25,8.600000381469727,7.25,8.600000381469727,7.25,8.600000381469727,42,8.600000381469727,2.151762247616406,255.657,7.723271757014908,2.0442380769798145,West North Central,0.0,0.0,0.0,True,False,False,False,17.0,17,1,25.0,41.0,41,1,1.0
29,2019,3,2019q3,Missouri -- Statewide,233032.66666666666,12.35893392300682,351,Missouri,MO,7.25,8.600000381469727,7.25,8.600000381469727,7.25,8.600000381469727,43,8.600000381469727,2.151762247616406,255.657,7.723271757014908,2.0442380769798145,West North Central,0.0,0.0,0.0,True,False,False,False,17.0,17,1,26.0,41.0,41,1,2.0
29,2019,4,2019q4,Missouri -- Statewide,231293.0,12.351440584034814,354,Missouri,MO,7.25,8.600000381469727,7.25,8.600000381469727,7.25,8.600000381469727,44,8.600000381469727,2.151762247616406,255.657,7.723271757014908,2.0442380769798145,West North Central,0.0,0.0,0.0,True,False,False,False,17.0,17,1,27.0,41.0,41,1,3.0
30,2009,1,2009q1,Montana -- Statewide,33398.333333333336,10.416261277520135,223,Montana,MT,6.55,6.900000095367432,6.550000000000002,6.900000095367432,6.55,6.900000095367432,1,6.900000095367432,1.9315214254245805,214.537,7.384267617687345,1.9993517394591966,Mountain,,,,True,False,False,False,9.0,9,0,-8.0,,0,0,
30,2009,2,2009q2,Montana -- Statewide,35292.333333333336,10.471421033308536,227,Montana,MT,6.55,6.900000095367432,6.550000000000001,6.900000095367432,6.55,6.900000095367432,2,6.900000095367432,1.9315214254245805,214.537,7.384267617687345,1.9993517394591966,Mountain,0.0,0.0,0.0,True,False,False,False,9.0,9,0,-7.0,,0,0,
30,2009,3,2009q3,Montana -- Statewide,36931.666666666664,10.516824637255196,247,Montana,MT,6.55,6.900000095367432,7.075,7.162499904632568,7.25,7.25,3,7.162499904632568,1.9688590687260332,214.537,7.665190634269193,2.0366893827606494,Mountain,0.2624998092651367,0.2624998092651367,0.03733764330145273,True,False,False,False,9.0,9,0,-6.0,,0,0,
30,2009,4,2009q4,Montana -- Statewide,33735.333333333336,10.426301033947446,243,Montana,MT,7.25,7.25,7.25,7.25,7.25,7.25,4,7.25,1.9810014688665833,214.537,7.758831809897592,2.0488317829011997,Mountain,0.08750009536743164,0.08750009536743164,0.012142400140550125,False,False,False,False,9.0,9,0,-5.0,,0,0,
30,2010,1,2010q1,Montana -- Statewide,32365.666666666668,10.384853469150494,231,Montana,MT,7.25,7.25,7.25,7.25,7.25,7.25,5,7.25,1.9810014688665833,218.056,7.633619345489231,2.032562090031529,Mountain,0.0,0.0,0.0,False,False,False,False,9.0,9,0,-4.0,,0,0,
30,2010,2,2010q2,Montana -- Statewide,34310.333333333336,10.443201851145824,238,Montana,MT,7.25,7.25,7.25,7.25,7.25,7.25,6,7.25,1.9810014688665833,218.056,7.633619345489231,2.032562090031529,Mountain,0.0,0.0,0.0,False,False,False,False,9.0,9,0,-3.0,,0,0,
30,2010,3,2010q3,Montana -- Statewide,36183.666666666664,10.496363098940437,256,Montana,MT,7.25,7.25,7.25,7.25,7.25,7.25,7,7.25,1.9810014688665833,218.056,7.633619345489231,2.032562090031529,Mountain,0.0,0.0,0.0,False,False,False,False,9.0,9,0,-2.0,,0,0,
30,2010,4,2010q4,Montana -- Statewide,33405.333333333336,10.416470846855919,252,Montana,MT,7.25,7.25,7.25,7.25,7.25,7.25,8,7.25,1.9810014688665833,218.056,7.633619345489231,2.032562090031529,Mountain,0.0,0.0,0.0,False,False,False,False,9.0,9,0,-1.0,,0,0,
30,2011,1,2011q1,Montana -- Statewide,32223.333333333332,10.380446106790542,237,Montana,MT,7.25,7.349999904632568,7.25,7.349999904632568,7.25,7.349999904632568,9,7.349999904632568,1.9947003002495844,224.939,7.502104473231453,2.015183577613309,Mountain,0.09999990463256836,0.09999990463256836,0.013698831383001098,True,True,True,False,9.0,9,1,0.0,,0,0,
30,2011,2,2011q2,Montana -- Statewide,34487.0,10.448337720413921,245,Montana,MT,7.25,7.349999904632568,7.25,7.349999904632568,7.25,7.349999904632568,10,7.349999904632568,1.9947003002495844,224.939,7.502104473231453,2.015183577613309,Mountain,0.0,0.0,0.0,True,False,False,False,9.0,9,1,1.0,,0,0,
30,2011,3,2011q3,Montana -- Statewide,36416.0,10.502763517486002,268,Montana,MT,7.25,7.349999904632568,7.25,7.349999904632568,7.25,7.349999904632568,11,7.349999904632568,1.9947003002495844,224.939,7.502104473231453,2.015183577613309,Mountain,0.0,0.0,0.0,True,False,False,False,9.0,9,1,2.0,,0,0,
30,2011,4,2011q4,Montana -- Statewide,34378.0,10.445172103888103,254,Montana,MT,7.25,7.349999904632568,7.25,7.349999904632568,7.25,7.349999904632568,12,7.349999904632568,1.9947003002495844,224.939,7.502104473231453,2.015183577613309,Mountain,0.0,0.0,0.0,True,False,False,False,9.0,9,1,3.0,,0,0,
30,2012,1,2012q1,Montana -- Statewide,33610.333333333336,10.422588838353201,251,Montana,MT,7.25,7.650000095367432,7.25,7.650000095367432,7.25,7.650000095367432,13,7.650000095367432,2.0347056603047755,229.594,7.650000095367432,2.0347056603047755,Mountain,0.3000001907348633,0.3000001907348633,0.040005360055191064,True,True,True,False,9.0,9,1,4.0,,0,0,
30,2012,2,2012q2,Montana -- Statewide,35848.0,10.487043056465978,255,Montana,MT,7.25,7.650000095367432,7.25,7.650000095367432,7.25,7.650000095367432,14,7.650000095367432,2.0347056603047755,229.594,7.650000095367432,2.0347056603047755,Mountain,0.0,0.0,0.0,True,False,False,False,9.0,9,1,5.0,,0,0,
30,2012,3,2012q3,Montana -- Statewide,37743.0,10.53855530701924,275,Montana,MT,7.25,7.650000095367432,7.25,7.650000095367432,7.25,7.650000095367432,15,7.650000095367432,2.0347056603047755,229.594,7.650000095367432,2.0347056603047755,Mountain,0.0,0.0,0.0,True,False,False,False,9.0,9,1,6.0,,0,0,
30,2012,4,2012q4,Montana -- Statewide,35450.666666666664,10.475897337613253,268,Montana,MT,7.25,7.650000095367432,7.25,7.650000095367432,7.25,7.650000095367432,16,7.650000095367432,2.0347056603047755,229.594,7.650000095367432,2.0347056603047755,Mountain,0.0,0.0,0.0,True,False,False,False,9.0,9,1,7.0,,0,0,
30,2013,1,2013q1,Montana -- Statewide,34999.0,10.463074768634808,258,Montana,MT,7.25,7.800000190734863,7.25,7.800000190734863,7.25,7.800000190734863,17,7.800000190734863,2.0541237581487333,232.957,7.687398291494053,2.039582402670357,Mountain,0.15000009536743164,0.15000009536743164,0.01941809784395776,True,True,True,False,9.0,9,1,8.0,,0,0,
30,2013,2,2013q2,Montana -- Statewide,37152.333333333336,10.522781856607814,261,Montana,MT,7.25,7.800000190734863,7.25,7.800000190734863,7.25,7.800000190734863,18,7.800000190734863,2.0541237581487333,232.957,7.687398291494053,2.039582402670357,Mountain,0.0,0.0,0.0,True,False,False,False,9.0,9,1,9.0,,0,0,
30,2013,3,2013q3,Montana -- Statewide,39028.333333333336,10.572043157068004,283,Montana,MT,7.25,7.800000190734863,7.25,7.800000190734863,7.25,7.800000190734863,19,7.800000190734863,2.0541237581487333,232.957,7.687398291494053,2.039582402670357,Mountain,0.0,0.0,0.0,True,False,False,False,9.0,9,1,10.0,,0,0,
30,2013,4,2013q4,Montana -- Statewide,36368.666666666664,10.501462877057909,272,Montana,MT,7.25,7.800000190734863,7.25,7.800000190734863,7.25,7.800000190734863,20,7.800000190734863,2.0541237581487333,232.957,7.687398291494053,2.039582402670357,Mountain,0.0,0.0,0.0,True,False,False,False,9.0,9,1,11.0,,0,0,
30,2014,1,2014q1,Montana -- Statewide,35266.333333333336,10.470684057897717,264,Montana,MT,7.25,7.900000095367432,7.25,7.900000095367432,7.25,7.900000095367432,21,7.900000095367432,2.0668627715448027,236.736,7.661667941909089,2.0362297070345865,Mountain,0.09999990463256836,0.09999990463256836,0.01273901339606942,True,True,True,False,9.0,9,1,12.0,,0,0,
30,2014,2,2014q2,Montana -- Statewide,37289.666666666664,10.526471534185921,268,Montana,MT,7.25,7.900000095367432,7.25,7.900000095367432,7.25,7.900000095367432,22,7.900000095367432,2.0668627715448027,236.736,7.661667941909089,2.0362297070345865,Mountain,0.0,0.0,0.0,True,False,False,False,9.0,9,1,13.0,,0,0,
30,2014,3,2014q3,Montana -- Statewide,39188.0,10.576125856464532,294,Montana,MT,7.25,7.900000095367432,7.25,7.900000095367432,7.25,7.900000095367432,23,7.900000095367432,2.0668627715448027,236.736,7.661667941909089,2.0362297070345865,Mountain,0.0,0.0,0.0,True,False,False,False,9.0,9,1,14.0,,0,0,
30,2014,4,2014q4,Montana -- Statewide,36581.0,10.507284258914009,287,Montana,MT,7.25,7.900000095367432,7.25,7.900000095367432,7.25,7.900000095367432,24,7.900000095367432,2.0668627715448027,236.736,7.661667941909089,2.0362297070345865,Mountain,0.0,0.0,0.0,True,False,False,False,9.0,9,1,15.0,,0,0,
30,2015,1,2015q1,Montana -- Statewide,36252.0,10.498249831174672,276,Montana,MT,7.25,8.050000190734863,7.25,8.050000190734863,7.25,8.050000190734863,25,8.050000190734863,2.0856721151242437,237.017,7.797886834242186,2.0538527783035496,Mountain,0.15000009536743164,0.15000009536743164,0.018809343579440974,True,True,True,False,9.0,9,1,16.0,,0,0,
30,2015,2,2015q2,Montana -- Statewide,39089.333333333336,10.573604903981382,279,Montana,MT,7.25,8.050000190734863,7.25,8.050000190734863,7.25,8.050000190734863,26,8.050000190734863,2.0856721151242437,237.017,7.797886834242186,2.0538527783035496,Mountain,0.0,0.0,0.0,True,False,False,False,9.0,9,1,17.0,,0,0,
30,2015,3,2015q3,Montana -- Statewide,40679.666666666664,10.613483656094182,309,Montana,MT,7.25,8.050000190734863,7.25,8.050000190734863,7.25,8.050000190734863,27,8.050000190734863,2.0856721151242437,237.017,7.797886834242186,2.0538527783035496,Mountain,0.0,0.0,0.0,True,False,False,False,9.0,9,1,18.0,,0,0,
30,2015,4,2015q4,Montana -- Statewide,38849.666666666664,10.567454775750406,295,Montana,MT,7.25,8.050000190734863,7.25,8.050000190734863,7.25,8.050000190734863,28,8.050000190734863,2.0856721151242437,237.017,7.797886834242186,2.0538527783035496,Mountain,0.0,0.0,0.0,True,False,False,False,9.0,9,1,19.0,,0,0,
30,2016,1,2016q1,Montana -- Statewide,37694.666666666664,10.537273895700924,282,Montana,MT,7.25,8.050000190734863,7.25,8.050000190734863,7.25,8.050000190734863,29,8.050000190734863,2.0856721151242437,240.007,7.70074099418592,2.0413165572406973,Mountain,0.0,0.0,0.0,True,False,False,False,9.0,9,1,20.0,,0,0,
30,2016,2,2016q2,Montana -- Statewide,40058.0,10.598083682861178,289,Montana,MT,7.25,8.050000190734863,7.25,8.050000190734863,7.25,8.050000190734863,30,8.050000190734863,2.0856721151242437,240.007,7.70074099418592,2.0413165572406973,Mountain,0.0,0.0,0.0,True,False,False,False,9.0,9,1,21.0,,0,0,
30,2016,3,2016q3,Montana -- Statewide,41743.0,10.639287051551051,319,Montana,MT,7.25,8.050000190734863,7.25,8.050000190734863,7.25,8.050000190734863,31,8.050000190734863,2.0856721151242437,240.007,7.70074099418592,2.0413165572406973,Mountain,0.0,0.0,0.0,True,False,False,False,9.0,9,1,22.0,,0,0,
30,2016,4,2016q4,Montana -- Statewide,39451.333333333336,10.582823123759491,302,Montana,MT,7.25,8.050000190734863,7.25,8.050000190734863,7.25,8.050000190734863,32,8.050000190734863,2.0856721151242437,240.007,7.70074099418592,2.0413165572406973,Mountain,0.0,0.0,0.0,True,False,False,False,9.0,9,1,23.0,,0,0,
30,2017,1,2017q1,Montana -- Statewide,38235.0,10.551506605478325,294,Montana,MT,7.25,8.149999618530273,7.25,8.149999618530273,7.25,8.149999618530273,33,8.149999618530273,2.098017880446669,245.12,7.633775344389848,2.0325825255942154,Mountain,0.09999942779541016,0.09999942779541016,0.012345765322425262,True,True,True,False,9.0,9,1,24.0,,0,0,
30,2017,2,2017q2,Montana -- Statewide,40535.0,10.609921077421808,304,Montana,MT,7.25,8.149999618530273,7.25,8.149999618530273,7.25,8.149999618530273,34,8.149999618530273,2.098017880446669,245.12,7.633775344389848,2.0325825255942154,Mountain,0.0,0.0,0.0,True,False,False,False,9.0,9,1,25.0,,0,0,
30,2017,3,2017q3,Montana -- Statewide,42064.666666666664,10.646963395709292,325,Montana,MT,7.25,8.149999618530273,7.25,8.149999618530273,7.25,8.149999618530273,35,8.149999618530273,2.098017880446669,245.12,7.633775344389848,2.0325825255942154,Mountain,0.0,0.0,0.0,True,False,False,False,9.0,9,1,26.0,,0,0,
30,2017,4,2017q4,Montana -- Statewide,39617.333333333336,10.587022011913014,313,Montana,MT,7.25,8.149999618530273,7.25,8.149999618530273,7.25,8.149999618530273,36,8.149999618530273,2.098017880446669,245.12,7.633775344389848,2.0325825255942154,Mountain,0.0,0.0,0.0,True,False,False,False,9.0,9,1,27.0,,0,0,
30,2018,1,2018q1,Montana -- Statewide,38738.0,10.564576309402185,302,Montana,MT,7.25,8.300000190734863,7.25,8.300000190734863,7.25,8.300000190734863,37,8.300000190734863,2.116255537782656,251.107,7.588917249585157,2.02668892636775,Mountain,0.15000057220458984,0.15000057220458984,0.018237657335987034,True,True,True,False,9.0,9,1,28.0,,0,0,
30,2018,2,2018q2,Montana -- Statewide,41132.666666666664,10.624557894198544,314,Montana,MT,7.25,8.300000190734863,7.25,8.300000190734863,7.25,8.300000190734863,38,8.300000190734863,2.116255537782656,251.107,7.588917249585157,2.02668892636775,Mountain,0.0,0.0,0.0,True,False,False,False,9.0,9,1,29.0,,0,0,
30,2018,3,2018q3,Montana -- Statewide,42459.0,10.656294183401949,339,Montana,MT,7.25,8.300000190734863,7.25,8.300000190734863,7.25,8.300000190734863,39,8.300000190734863,2.116255537782656,251.107,7.588917249585157,2.02668892636775,Mountain,0.0,0.0,0.0,True,False,False,False,9.0,9,1,30.0,,0,0,
30,2018,4,2018q4,Montana -- Statewide,40315.666666666664,10.60449542342458,327,Montana,MT,7.25,8.300000190734863,7.25,8.300000190734863,7.25,8.300000190734863,40,8.300000190734863,2.116255537782656,251.107,7.588917249585157,2.02668892636775,Mountain,0.0,0.0,0.0,True,False,False,False,9.0,9,1,31.0,,0,0,
30,2019,1,2019q1,Montana -- Statewide,39428.0,10.58223150278533,315,Montana,MT,7.25,8.5,7.25,8.5,7.25,8.5,41,8.5,2.1400661634962708,255.657,7.633465932870995,2.032541992859679,Mountain,0.19999980926513672,0.19999980926513672,0.023810625713614808,True,True,True,False,9.0,9,1,32.0,,0,0,
30,2019,2,2019q2,Montana -- Statewide,41332.0,10.629392297334245,326,Montana,MT,7.25,8.5,7.25,8.5,7.25,8.5,42,8.5,2.1400661634962708,255.657,7.633465932870995,2.032541992859679,Mountain,0.0,0.0,0.0,True,False,False,False,9.0,9,1,33.0,,0,0,
30,2019,3,2019q3,Montana -- Statewide,42808.0,10.66448027999114,353,Montana,MT,7.25,8.5,7.25,8.5,7.25,8.5,43,8.5,2.1400661634962708,255.657,7.633465932870995,2.032541992859679,Mountain,0.0,0.0,0.0,True,False,False,False,9.0,9,1,34.0,,0,0,
30,2019,4,2019q4,Montana -- Statewide,40744.666666666664,10.615080230757956,341,Montana,MT,7.25,8.5,7.25,8.5,7.25,8.5,44,8.5,2.1400661634962708,255.657,7.633465932870995,2.032541992859679,Mountain,0.0,0.0,0.0,True,False,False,False,9.0,9,1,35.0,,0,0,
31,2009,1,2009q1,Nebraska -- Statewide,60288.0,11.006888357936035,214,Nebraska,NE,6.55,6.550000190734863,6.550000000000002,6.550000190734863,6.55,6.550000190734863,1,6.550000190734863,1.8794650787669867,214.537,7.009703425477097,1.9472953928016028,West North Central,,,,False,False,False,False,25.0,25,0,-24.0,25.0,25,0,-24.0
31,2009,2,2009q2,Nebraska -- Statewide,62316.666666666664,11.03998419173715,221,Nebraska,NE,6.55,6.550000190734863,6.550000000000001,6.550000190734863,6.55,6.550000190734863,2,6.550000190734863,1.8794650787669867,214.537,7.009703425477097,1.9472953928016028,West North Central,0.0,0.0,0.0,False,False,False,False,25.0,25,0,-23.0,25.0,25,0,-23.0
31,2009,3,2009q3,Nebraska -- Statewide,61880.666666666664,11.032963078169153,228,Nebraska,NE,6.55,6.550000190734863,7.075,7.074999809265137,7.25,7.25,3,7.075,1.9565674435293015,214.537,7.571549662762134,2.024397757563918,West North Central,0.5249996185302734,0.5249998092651369,0.0771023647623148,False,False,False,False,25.0,25,0,-22.0,25.0,25,0,-22.0
31,2009,4,2009q4,Nebraska -- Statewide,60572.0,11.011588019076546,233,Nebraska,NE,7.25,7.25,7.25,7.25,7.25,7.25,4,7.25,1.9810014688665833,214.537,7.758831809897592,2.0488317829011997,West North Central,0.17500019073486328,0.17499999999999982,0.024434025337281895,False,False,False,False,25.0,25,0,-21.0,25.0,25,0,-21.0
31,2010,1,2010q1,Nebraska -- Statewide,58806.0,10.981999169497234,220,Nebraska,NE,7.25,7.25,7.25,7.25,7.25,7.25,5,7.25,1.9810014688665833,218.056,7.633619345489231,2.032562090031529,West North Central,0.0,0.0,0.0,False,False,False,False,25.0,25,0,-20.0,25.0,25,0,-20.0
31,2010,2,2010q2,Nebraska -- Statewide,61643.666666666664,11.02912577284766,232,Nebraska,NE,7.25,7.25,7.25,7.25,7.25,7.25,6,7.25,1.9810014688665833,218.056,7.633619345489231,2.032562090031529,West North Central,0.0,0.0,0.0,False,False,False,False,25.0,25,0,-19.0,25.0,25,0,-19.0
31,2010,3,2010q3,Nebraska -- Statewide,61975.333333333336,11.034491735401769,235,Nebraska,NE,7.25,7.25,7.25,7.25,7.25,7.25,7,7.25,1.9810014688665833,218.056,7.633619345489231,2.032562090031529,West North Central,0.0,0.0,0.0,False,False,False,False,25.0,25,0,-18.0,25.0,25,0,-18.0
31,2010,4,2010q4,Nebraska -- Statewide,61273.0,11.023094568124744,240,Nebraska,NE,7.25,7.25,7.25,7.25,7.25,7.25,8,7.25,1.9810014688665833,218.056,7.633619345489231,2.032562090031529,West North Central,0.0,0.0,0.0,False,False,False,False,25.0,25,0,-17.0,25.0,25,0,-17.0
31,2011,1,2011q1,Nebraska -- Statewide,60072.666666666664,11.003310219511897,226,Nebraska,NE,7.25,7.25,7.25,7.25,7.25,7.25,9,7.25,1.9810014688665833,224.939,7.400035120632705,2.0014847462303083,West North Central,0.0,0.0,0.0,False,False,False,False,25.0,25,0,-16.0,25.0,25,0,-16.0
31,2011,2,2011q2,Nebraska -- Statewide,63179.333333333336,11.053732522438,235,Nebraska,NE,7.25,7.25,7.25,7.25,7.25,7.25,10,7.25,1.9810014688665833,224.939,7.400035120632705,2.0014847462303083,West North Central,0.0,0.0,0.0,False,False,False,False,25.0,25,0,-15.0,25.0,25,0,-15.0
31,2011,3,2011q3,Nebraska -- Statewide,62863.666666666664,11.04872363933233,245,Nebraska,NE,7.25,7.25,7.25,7.25,7.25,7.25,11,7.25,1.9810014688665833,224.939,7.400035120632705,2.0014847462303083,West North Central,0.0,0.0,0.0,False,False,False,False,25.0,25,0,-14.0,25.0,25,0,-14.0
31,2011,4,2011q4,Nebraska -- Statewide,62034.666666666664,11.035448647551771,242,Nebraska,NE,7.25,7.25,7.25,7.25,7.25,7.25,12,7.25,1.9810014688665833,224.939,7.400035120632705,2.0014847462303083,West North Central,0.0,0.0,0.0,False,False,False,False,25.0,25,0,-13.0,25.0,25,0,-13.0
31,2012,1,2012q1,Nebraska -- Statewide,61438.333333333336,11.025789240717506,243,Nebraska,NE,7.25,7.25,7.25,7.25,7.25,7.25,13,7.25,1.9810014688665833,229.594,7.25,1.9810014688665833,West North Central,0.0,0.0,0.0,False,False,False,False,25.0,25,0,-12.0,25.0,25,0,-12.0
31,2012,2,2012q2,Nebraska -- Statewide,64764.0,11.078505172406643,241,Nebraska,NE,7.25,7.25,7.25,7.25,7.25,7.25,14,7.25,1.9810014688665833,229.594,7.25,1.9810014688665833,West North Central,0.0,0.0,0.0,False,False,False,False,25.0,25,0,-11.0,25.0,25,0,-11.0
31,2012,3,2012q3,Nebraska -- Statewide,64780.666666666664,11.078762483914518,248,Nebraska,NE,7.25,7.25,7.25,7.25,7.25,7.25,15,7.25,1.9810014688665833,229.594,7.25,1.9810014688665833,West North Central,0.0,0.0,0.0,False,False,False,False,25.0,25,0,-10.0,25.0,25,0,-10.0
31,2012,4,2012q4,Nebraska -- Statewide,63763.666666666664,11.062938819129727,253,Nebraska,NE,7.25,7.25,7.25,7.25,7.25,7.25,16,7.25,1.9810014688665833,229.594,7.25,1.9810014688665833,West North Central,0.0,0.0,0.0,False,False,False,False,25.0,25,0,-9.0,25.0,25,0,-9.0
31,2013,1,2013q1,Nebraska -- Statewide,62672.666666666664,11.045680693241598,241,Nebraska,NE,7.25,7.25,7.25,7.25,7.25,7.25,17,7.25,1.9810014688665833,232.957,7.14533798082908,1.966460113388207,West North Central,0.0,0.0,0.0,False,False,False,False,25.0,25,0,-8.0,25.0,25,0,-8.0
31,2013,2,2013q2,Nebraska -- Statewide,65028.666666666664,11.082583477295575,249,Nebraska,NE,7.25,7.25,7.25,7.25,7.25,7.25,18,7.25,1.9810014688665833,232.957,7.14533798082908,1.966460113388207,West North Central,0.0,0.0,0.0,False,False,False,False,25.0,25,0,-7.0,25.0,25,0,-7.0
31,2013,3,2013q3,Nebraska -- Statewide,66005.66666666667,11.097495875908784,253,Nebraska,NE,7.25,7.25,7.25,7.25,7.25,7.25,19,7.25,1.9810014688665833,232.957,7.14533798082908,1.966460113388207,West North Central,0.0,0.0,0.0,False,False,False,False,25.0,25,0,-6.0,25.0,25,0,-6.0
31,2013,4,2013q4,Nebraska -- Statewide,65590.0,11.09117852428778,258,Nebraska,NE,7.25,7.25,7.25,7.25,7.25,7.25,20,7.25,1.9810014688665833,232.957,7.14533798082908,1.966460113388207,West North Central,0.0,0.0,0.0,False,False,False,False,25.0,25,0,-5.0,25.0,25,0,-5.0
31,2014,1,2014q1,Nebraska -- Statewide,64102.0,11.068230843670063,248,Nebraska,NE,7.25,7.25,7.25,7.25,7.25,7.25,21,7.25,1.9810014688665833,236.736,7.031277456745066,1.9503684043563676,West North Central,0.0,0.0,0.0,False,False,False,False,25.0,25,0,-4.0,25.0,25,0,-4.0
31,2014,2,2014q2,Nebraska -- Statewide,66387.33333333333,11.10326155421473,255,Nebraska,NE,7.25,7.25,7.25,7.25,7.25,7.25,22,7.25,1.9810014688665833,236.736,7.031277456745066,1.9503684043563676,West North Central,0.0,0.0,0.0,False,False,False,False,25.0,25,0,-3.0,25.0,25,0,-3.0
31,2014,3,2014q3,Nebraska -- Statewide,66294.33333333333,11.101859702435707,264,Nebraska,NE,7.25,7.25,7.25,7.25,7.25,7.25,23,7.25,1.9810014688665833,236.736,7.031277456745066,1.9503684043563676,West North Central,0.0,0.0,0.0,False,False,False,False,25.0,25,0,-2.0,25.0,25,0,-2.0
31,2014,4,2014q4,Nebraska -- Statewide,65182.666666666664,11.084948863899966,270,Nebraska,NE,7.25,7.25,7.25,7.25,7.25,7.25,24,7.25,1.9810014688665833,236.736,7.031277456745066,1.9503684043563676,West North Central,0.0,0.0,0.0,False,False,False,False,25.0,25,0,-1.0,25.0,25,0,-1.0
31,2015,1,2015q1,Nebraska -- Statewide,64318.0,11.07159480884204,262,Nebraska,NE,7.25,8.0,7.25,8.0,7.25,8.0,25,8.0,2.0794415416798357,237.017,7.749452570912635,2.047622204859142,West North Central,0.75,0.75,0.0984400728132524,True,True,True,True,25.0,25,1,0.0,25.0,25,1,0.0
31,2015,2,2015q2,Nebraska -- Statewide,66891.33333333333,11.11082469113749,274,Nebraska,NE,7.25,8.0,7.25,8.0,7.25,8.0,26,8.0,2.0794415416798357,237.017,7.749452570912635,2.047622204859142,West North Central,0.0,0.0,0.0,True,False,False,False,25.0,25,1,1.0,25.0,25,1,1.0
31,2015,3,2015q3,Nebraska -- Statewide,67287.0,11.116722332040936,280,Nebraska,NE,7.25,8.0,7.25,8.0,7.25,8.0,27,8.0,2.0794415416798357,237.017,7.749452570912635,2.047622204859142,West North Central,0.0,0.0,0.0,True,False,False,False,25.0,25,1,2.0,25.0,25,1,2.0
31,2015,4,2015q4,Nebraska -- Statewide,66692.66666666667,11.107850280831832,290,Nebraska,NE,7.25,8.0,7.25,8.0,7.25,8.0,28,8.0,2.0794415416798357,237.017,7.749452570912635,2.047622204859142,West North Central,0.0,0.0,0.0,True,False,False,False,25.0,25,1,3.0,25.0,25,1,3.0
31,2016,1,2016q1,Nebraska -- Statewide,66221.33333333333,11.100757945802389,274,Nebraska,NE,7.25,9.0,7.25,9.0,7.25,9.0,29,9.0,2.1972245773362196,240.007,8.609523888886574,2.152869019452673,West North Central,1.0,1.0,0.11778303565638382,True,True,True,True,25.0,25,1,4.0,25.0,25,1,4.0
31,2016,2,2016q2,Nebraska -- Statewide,68692.66666666667,11.137397728213978,290,Nebraska,NE,7.25,9.0,7.25,9.0,7.25,9.0,30,9.0,2.1972245773362196,240.007,8.609523888886574,2.152869019452673,West North Central,0.0,0.0,0.0,True,False,False,False,25.0,25,1,5.0,25.0,25,1,5.0
31,2016,3,2016q3,Nebraska -- Statewide,69124.33333333333,11.143662094414054,298,Nebraska,NE,7.25,9.0,7.25,9.0,7.25,9.0,31,9.0,2.1972245773362196,240.007,8.609523888886574,2.152869019452673,West North Central,0.0,0.0,0.0,True,False,False,False,25.0,25,1,6.0,25.0,25,1,6.0
31,2016,4,2016q4,Nebraska -- Statewide,68285.66666666667,11.131455165067967,295,Nebraska,NE,7.25,9.0,7.25,9.0,7.25,9.0,32,9.0,2.1972245773362196,240.007,8.609523888886574,2.152869019452673,West North Central,0.0,0.0,0.0,True,False,False,False,25.0,25,1,7.0,25.0,25,1,7.0
31,2017,1,2017q1,Nebraska -- Statewide,67367.33333333333,11.11791551076568,291,Nebraska,NE,7.25,9.0,7.25,9.0,7.25,9.0,33,9.0,2.1972245773362196,245.12,8.42993635770235,2.1317892224837656,West North Central,0.0,0.0,0.0,True,False,False,False,25.0,25,1,8.0,25.0,25,1,8.0
31,2017,2,2017q2,Nebraska -- Statewide,69610.33333333333,11.150668302735262,296,Nebraska,NE,7.25,9.0,7.25,9.0,7.25,9.0,34,9.0,2.1972245773362196,245.12,8.42993635770235,2.1317892224837656,West North Central,0.0,0.0,0.0,True,False,False,False,25.0,25,1,9.0,25.0,25,1,9.0
31,2017,3,2017q3,Nebraska -- Statewide,69347.33333333333,11.146882972708548,300,Nebraska,NE,7.25,9.0,7.25,9.0,7.25,9.0,35,9.0,2.1972245773362196,245.12,8.42993635770235,2.1317892224837656,West North Central,0.0,0.0,0.0,True,False,False,False,25.0,25,1,10.0,25.0,25,1,10.0
31,2017,4,2017q4,Nebraska -- Statewide,68787.33333333333,11.138774898444249,304,Nebraska,NE,7.25,9.0,7.25,9.0,7.25,9.0,36,9.0,2.1972245773362196,245.12,8.42993635770235,2.1317892224837656,West North Central,0.0,0.0,0.0,True,False,False,False,25.0,25,1,11.0,25.0,25,1,11.0
31,2018,1,2018q1,Nebraska -- Statewide,67568.33333333333,11.120894710463316,296,Nebraska,NE,7.25,9.0,7.25,9.0,7.25,9.0,37,9.0,2.1972245773362196,251.107,8.228946226110782,2.1076579659213137,West North Central,0.0,0.0,0.0,True,False,False,False,25.0,25,1,12.0,25.0,25,1,12.0
31,2018,2,2018q2,Nebraska -- Statewide,69681.0,11.151682962743728,305,Nebraska,NE,7.25,9.0,7.25,9.0,7.25,9.0,38,9.0,2.1972245773362196,251.107,8.228946226110782,2.1076579659213137,West North Central,0.0,0.0,0.0,True,False,False,False,25.0,25,1,13.0,25.0,25,1,13.0
31,2018,3,2018q3,Nebraska -- Statewide,70007.66666666667,11.156360038843726,309,Nebraska,NE,7.25,9.0,7.25,9.0,7.25,9.0,39,9.0,2.1972245773362196,251.107,8.228946226110782,2.1076579659213137,West North Central,0.0,0.0,0.0,True,False,False,False,25.0,25,1,14.0,25.0,25,1,14.0
31,2018,4,2018q4,Nebraska -- Statewide,69357.33333333333,11.14702716396408,315,Nebraska,NE,7.25,9.0,7.25,9.0,7.25,9.0,40,9.0,2.1972245773362196,251.107,8.228946226110782,2.1076579659213137,West North Central,0.0,0.0,0.0,True,False,False,False,25.0,25,1,15.0,25.0,25,1,15.0
31,2019,1,2019q1,Nebraska -- Statewide,68520.66666666667,11.134890681910086,299,Nebraska,NE,7.25,9.0,7.25,9.0,7.25,9.0,41,9.0,2.1972245773362196,255.657,8.082493340686936,2.089700406699628,West North Central,0.0,0.0,0.0,True,False,False,False,25.0,25,1,16.0,25.0,25,1,16.0
31,2019,2,2019q2,Nebraska -- Statewide,70480.0,11.163084260610061,316,Nebraska,NE,7.25,9.0,7.25,9.0,7.25,9.0,42,9.0,2.1972245773362196,255.657,8.082493340686936,2.089700406699628,West North Central,0.0,0.0,0.0,True,False,False,False,25.0,25,1,17.0,25.0,25,1,17.0
31,2019,3,2019q3,Nebraska -- Statewide,70880.66666666667,11.168752990802826,321,Nebraska,NE,7.25,9.0,7.25,9.0,7.25,9.0,43,9.0,2.1972245773362196,255.657,8.082493340686936,2.089700406699628,West North Central,0.0,0.0,0.0,True,False,False,False,25.0,25,1,18.0,25.0,25,1,18.0
31,2019,4,2019q4,Nebraska -- Statewide,70269.33333333333,11.160090756925262,324,Nebraska,NE,7.25,9.0,7.25,9.0,7.25,9.0,44,9.0,2.1972245773362196,255.657,8.082493340686936,2.089700406699628,West North Central,0.0,0.0,0.0,True,False,False,False,25.0,25,1,19.0,25.0,25,1,19.0
32,2009,1,2009q1,Nevada -- Statewide,91122.0,11.419954546958325,345,Nevada,NV,6.55,6.849999904632568,6.550000000000002,6.849999904632568,6.55,6.849999904632568,1,6.849999904632568,1.924248638351881,214.537,7.330758228670159,1.9920789523864972,Mountain,,,,True,False,False,False,,0,0,,,0,0,
32,2009,2,2009q2,Nevada -- Statewide,93010.0,11.440462293236513,360,Nevada,NV,6.55,6.849999904632568,6.550000000000001,6.849999904632568,6.55,6.849999904632568,2,6.849999904632568,1.924248638351881,214.537,7.330758228670159,1.9920789523864972,Mountain,0.0,0.0,0.0,True,False,False,False,,0,0,,,0,0,
32,2009,3,2009q3,Nevada -- Statewide,92021.66666666667,11.429779335550077,358,Nevada,NV,6.55,7.550000190734863,7.074999999999998,7.550000190734863,7.25,7.550000190734863,3,7.550000190734863,2.0215475885238288,214.537,8.079887123394007,2.089377902558445,Mountain,0.7000002861022949,0.7000002861022949,0.09729895017194767,True,False,False,False,,0,0,,,0,0,
32,2009,4,2009q4,Nevada -- Statewide,90847.0,11.416932051815145,371,Nevada,NV,7.25,7.550000190734863,7.25,7.550000190734863,7.25,7.550000190734863,4,7.550000190734863,2.0215475885238288,214.537,8.079887123394007,2.089377902558445,Mountain,0.0,0.0,0.0,True,False,False,False,,0,0,,,0,0,
32,2010,1,2010q1,Nevada -- Statewide,91156.66666666667,11.420334916945867,357,Nevada,NV,7.25,7.550000190734863,7.25,7.550000190734863,7.25,7.550000190734863,5,7.550000190734863,2.0215475885238288,218.056,7.949493450267729,2.0731082096887743,Mountain,0.0,0.0,0.0,True,False,False,False,,0,0,,,0,0,
32,2010,2,2010q2,Nevada -- Statewide,94583.66666666667,11.457240083332504,369,Nevada,NV,7.25,7.550000190734863,7.25,7.550000190734863,7.25,7.550000190734863,6,7.550000190734863,2.0215475885238288,218.056,7.949493450267729,2.0731082096887743,Mountain,0.0,0.0,0.0,True,False,False,False,,0,0,,,0,0,
32,2010,3,2010q3,Nevada -- Statewide,94750.0,11.458997122944673,373,Nevada,NV,7.25,8.25,7.25,8.25,7.25,8.25,7,8.25,2.1102132003465894,218.056,8.68653235866016,2.161773821511535,Mountain,0.6999998092651367,0.6999998092651367,0.08866561182276067,True,False,False,False,,0,0,,,0,0,
32,2010,4,2010q4,Nevada -- Statewide,93562.0,11.44637959712633,386,Nevada,NV,7.25,8.25,7.25,8.25,7.25,8.25,8,8.25,2.1102132003465894,218.056,8.68653235866016,2.161773821511535,Mountain,0.0,0.0,0.0,True,False,False,False,,0,0,,,0,0,
32,2011,1,2011q1,Nevada -- Statewide,93763.66666666667,11.448532710985887,368,Nevada,NV,7.25,8.25,7.25,8.25,7.25,8.25,9,8.25,2.1102132003465894,224.939,8.42072962003032,2.130696477710315,Mountain,0.0,0.0,0.0,True,False,False,False,,0,0,,,0,0,
32,2011,2,2011q2,Nevada -- Statewide,98557.33333333333,11.498393722124263,388,Nevada,NV,7.25,8.25,7.25,8.25,7.25,8.25,10,8.25,2.1102132003465894,224.939,8.42072962003032,2.130696477710315,Mountain,0.0,0.0,0.0,True,False,False,False,,0,0,,,0,0,
32,2011,3,2011q3,Nevada -- Statewide,98126.66666666667,11.494014440078468,402,Nevada,NV,7.25,8.25,7.25,8.25,7.25,8.25,11,8.25,2.1102132003465894,224.939,8.42072962003032,2.130696477710315,Mountain,0.0,0.0,0.0,True,False,False,False,,0,0,,,0,0,
32,2011,4,2011q4,Nevada -- Statewide,96840.0,11.480815411051994,385,Nevada,NV,7.25,8.25,7.25,8.25,7.25,8.25,12,8.25,2.1102132003465894,224.939,8.42072962003032,2.130696477710315,Mountain,0.0,0.0,0.0,True,False,False,False,,0,0,,,0,0,
32,2012,1,2012q1,Nevada -- Statewide,96654.33333333333,11.478896318947838,392,Nevada,NV,7.25,8.25,7.25,8.25,7.25,8.25,13,8.25,2.1102132003465894,229.594,8.25,2.1102132003465894,Mountain,0.0,0.0,0.0,True,False,False,False,,0,0,,,0,0,
32,2012,2,2012q2,Nevada -- Statewide,100644.0,11.519344816772412,393,Nevada,NV,7.25,8.25,7.25,8.25,7.25,8.25,14,8.25,2.1102132003465894,229.594,8.25,2.1102132003465894,Mountain,0.0,0.0,0.0,True,False,False,False,,0,0,,,0,0,
32,2012,3,2012q3,Nevada -- Statewide,100537.33333333333,11.518284413454724,391,Nevada,NV,7.25,8.25,7.25,8.25,7.25,8.25,15,8.25,2.1102132003465894,229.594,8.25,2.1102132003465894,Mountain,0.0,0.0,0.0,True,False,False,False,,0,0,,,0,0,
32,2012,4,2012q4,Nevada -- Statewide,100319.66666666667,11.516117033160537,394,Nevada,NV,7.25,8.25,7.25,8.25,7.25,8.25,16,8.25,2.1102132003465894,229.594,8.25,2.1102132003465894,Mountain,0.0,0.0,0.0,True,False,False,False,,0,0,,,0,0,
32,2013,1,2013q1,Nevada -- Statewide,100502.33333333333,11.517936223458848,394,Nevada,NV,7.25,8.25,7.25,8.25,7.25,8.25,17,8.25,2.1102132003465894,232.957,8.130901840253781,2.095671844868213,Mountain,0.0,0.0,0.0,True,False,False,False,,0,0,,,0,0,
32,2013,2,2013q2,Nevada -- Statewide,106488.33333333333,11.575790711965114,399,Nevada,NV,7.25,8.25,7.25,8.25,7.25,8.25,18,8.25,2.1102132003465894,232.957,8.130901840253781,2.095671844868213,Mountain,0.0,0.0,0.0,True,False,False,False,,0,0,,,0,0,
32,2013,3,2013q3,Nevada -- Statewide,108572.33333333333,11.595171896505812,393,Nevada,NV,7.25,8.25,7.25,8.25,7.25,8.25,19,8.25,2.1102132003465894,232.957,8.130901840253781,2.095671844868213,Mountain,0.0,0.0,0.0,True,False,False,False,,0,0,,,0,0,
32,2013,4,2013q4,Nevada -- Statewide,106810.33333333333,11.578809954885287,393,Nevada,NV,7.25,8.25,7.25,8.25,7.25,8.25,20,8.25,2.1102132003465894,232.957,8.130901840253781,2.095671844868213,Mountain,0.0,0.0,0.0,True,False,False,False,,0,0,,,0,0,
32,2014,1,2014q1,Nevada -- Statewide,107062.0,11.581163384886278,391,Nevada,NV,7.25,8.25,7.25,8.25,7.25,8.25,21,8.25,2.1102132003465894,236.736,8.001108830089214,2.0795801358363737,Mountain,0.0,0.0,0.0,True,False,False,False,,0,0,,,0,0,
32,2014,2,2014q2,Nevada -- Statewide,112267.33333333333,11.628638210906848,397,Nevada,NV,7.25,8.25,7.25,8.25,7.25,8.25,22,8.25,2.1102132003465894,236.736,8.001108830089214,2.0795801358363737,Mountain,0.0,0.0,0.0,True,False,False,False,,0,0,,,0,0,
32,2014,3,2014q3,Nevada -- Statewide,112680.66666666667,11.632313138432398,400,Nevada,NV,7.25,8.25,7.25,8.25,7.25,8.25,23,8.25,2.1102132003465894,236.736,8.001108830089214,2.0795801358363737,Mountain,0.0,0.0,0.0,True,False,False,False,,0,0,,,0,0,
32,2014,4,2014q4,Nevada -- Statewide,112343.66666666667,11.629317904566305,396,Nevada,NV,7.25,8.25,7.25,8.25,7.25,8.25,24,8.25,2.1102132003465894,236.736,8.001108830089214,2.0795801358363737,Mountain,0.0,0.0,0.0,True,False,False,False,,0,0,,,0,0,
32,2015,1,2015q1,Nevada -- Statewide,113364.0,11.638359159557135,396,Nevada,NV,7.25,8.25,7.25,8.25,7.25,8.25,25,8.25,2.1102132003465894,237.017,7.991622963753655,2.078393863525896,Mountain,0.0,0.0,0.0,True,False,False,False,,0,0,,,0,0,
32,2015,2,2015q2,Nevada -- Statewide,118070.66666666667,11.67903859425319,402,Nevada,NV,7.25,8.25,7.25,8.25,7.25,8.25,26,8.25,2.1102132003465894,237.017,7.991622963753655,2.078393863525896,Mountain,0.0,0.0,0.0,True,False,False,False,,0,0,,,0,0,
32,2015,3,2015q3,Nevada -- Statewide,118456.66666666667,11.68230249054147,408,Nevada,NV,7.25,8.25,7.25,8.25,7.25,8.25,27,8.25,2.1102132003465894,237.017,7.991622963753655,2.078393863525896,Mountain,0.0,0.0,0.0,True,False,False,False,,0,0,,,0,0,
32,2015,4,2015q4,Nevada -- Statewide,118308.33333333333,11.681049489863664,421,Nevada,NV,7.25,8.25,7.25,8.25,7.25,8.25,28,8.25,2.1102132003465894,237.017,7.991622963753655,2.078393863525896,Mountain,0.0,0.0,0.0,True,False,False,False,,0,0,,,0,0,
32,2016,1,2016q1,Nevada -- Statewide,117811.33333333333,11.676839753834496,400,Nevada,NV,7.25,8.25,7.25,8.25,7.25,8.25,29,8.25,2.1102132003465894,240.007,7.892063564812693,2.0658576424630435,Mountain,0.0,0.0,0.0,True,False,False,False,,0,0,,,0,0,
32,2016,2,2016q2,Nevada -- Statewide,123526.66666666667,11.724212336168296,412,Nevada,NV,7.25,8.25,7.25,8.25,7.25,8.25,30,8.25,2.1102132003465894,240.007,7.892063564812693,2.0658576424630435,Mountain,0.0,0.0,0.0,True,False,False,False,,0,0,,,0,0,
32,2016,3,2016q3,Nevada -- Statewide,124825.0,11.73466803536881,431,Nevada,NV,7.25,8.25,7.25,8.25,7.25,8.25,31,8.25,2.1102132003465894,240.007,7.892063564812693,2.0658576424630435,Mountain,0.0,0.0,0.0,True,False,False,False,,0,0,,,0,0,
32,2016,4,2016q4,Nevada -- Statewide,124090.0,11.728762387768665,418,Nevada,NV,7.25,8.25,7.25,8.25,7.25,8.25,32,8.25,2.1102132003465894,240.007,7.892063564812693,2.0658576424630435,Mountain,0.0,0.0,0.0,True,False,False,False,,0,0,,,0,0,
32,2017,1,2017q1,Nevada -- Statewide,123669.0,11.725363920667993,417,Nevada,NV,7.25,8.25,7.25,8.25,7.25,8.25,33,8.25,2.1102132003465894,245.12,7.727441661227154,2.044777845494136,Mountain,0.0,0.0,0.0,True,False,False,False,,0,0,,,0,0,
32,2017,2,2017q2,Nevada -- Statewide,127747.66666666667,11.757812243058964,426,Nevada,NV,7.25,8.25,7.25,8.25,7.25,8.25,34,8.25,2.1102132003465894,245.12,7.727441661227154,2.044777845494136,Mountain,0.0,0.0,0.0,True,False,False,False,,0,0,,,0,0,
32,2017,3,2017q3,Nevada -- Statewide,127563.0,11.75636563919175,422,Nevada,NV,7.25,8.25,7.25,8.25,7.25,8.25,35,8.25,2.1102132003465894,245.12,7.727441661227154,2.044777845494136,Mountain,0.0,0.0,0.0,True,False,False,False,,0,0,,,0,0,
32,2017,4,2017q4,Nevada -- Statewide,127185.66666666667,11.753403240100749,429,Nevada,NV,7.25,8.25,7.25,8.25,7.25,8.25,36,8.25,2.1102132003465894,245.12,7.727441661227154,2.044777845494136,Mountain,0.0,0.0,0.0,True,False,False,False,,0,0,,,0,0,
32,2018,1,2018q1,Nevada -- Statewide,126894.33333333333,11.751109998121771,422,Nevada,NV,7.25,8.25,7.25,8.25,7.25,8.25,37,8.25,2.1102132003465894,251.107,7.543200707268216,2.0206465889316836,Mountain,0.0,0.0,0.0,True,False,False,False,,0,0,,,0,0,
32,2018,2,2018q2,Nevada -- Statewide,129465.66666666667,11.771171002705486,438,Nevada,NV,7.25,8.25,7.25,8.25,7.25,8.25,38,8.25,2.1102132003465894,251.107,7.543200707268216,2.0206465889316836,Mountain,0.0,0.0,0.0,True,False,False,False,,0,0,,,0,0,
32,2018,3,2018q3,Nevada -- Statewide,129375.33333333333,11.770473019487984,432,Nevada,NV,7.25,8.25,7.25,8.25,7.25,8.25,39,8.25,2.1102132003465894,251.107,7.543200707268216,2.0206465889316836,Mountain,0.0,0.0,0.0,True,False,False,False,,0,0,,,0,0,
32,2018,4,2018q4,Nevada -- Statewide,129257.0,11.769557949511501,446,Nevada,NV,7.25,8.25,7.25,8.25,7.25,8.25,40,8.25,2.1102132003465894,251.107,7.543200707268216,2.0206465889316836,Mountain,0.0,0.0,0.0,True,False,False,False,,0,0,,,0,0,
32,2019,1,2019q1,Nevada -- Statewide,129802.33333333333,11.773768059464462,435,Nevada,NV,7.25,8.25,7.25,8.25,7.25,8.25,41,8.25,2.1102132003465894,255.657,7.408952228963024,2.0026890297099977,Mountain,0.0,0.0,0.0,True,False,False,False,,0,0,,,0,0,
32,2019,2,2019q2,Nevada -- Statewide,133325.33333333334,11.800547535621938,451,Nevada,NV,7.25,8.25,7.25,8.25,7.25,8.25,42,8.25,2.1102132003465894,255.657,7.408952228963024,2.0026890297099977,Mountain,0.0,0.0,0.0,True,False,False,False,,0,0,,,0,0,
32,2019,3,2019q3,Nevada -- Statewide,133136.33333333334,11.799128944842561,445,Nevada,NV,7.25,8.25,7.25,8.25,7.25,8.25,43,8.25,2.1102132003465894,255.657,7.408952228963024,2.0026890297099977,Mountain,0.0,0.0,0.0,True,False,False,False,,0,0,,,0,0,
32,2019,4,2019q4,Nevada -- Statewide,133043.0,11.79842766322171,453,Nevada,NV,7.25,8.25,7.25,8.25,7.25,8.25,44,8.25,2.1102132003465894,255.657,7.408952228963024,2.0026890297099977,Mountain,0.0,0.0,0.0,True,False,False,False,,0,0,,,0,0,
33,2009,1,2009q1,New Hampshire -- Statewide,39789.666666666664,10.591362526071652,296,New Hampshire,NH,6.55,7.25,6.550000000000002,7.25,6.55,7.25,1,7.25,1.9810014688665833,214.537,7.758831809897592,2.0488317829011997,New England,,,,True,False,False,False,,0,0,,,0,0,
33,2009,2,2009q2,New Hampshire -- Statewide,43218.666666666664,10.674027779669846,293,New Hampshire,NH,6.55,7.25,6.550000000000001,7.25,6.55,7.25,2,7.25,1.9810014688665833,214.537,7.758831809897592,2.0488317829011997,New England,0.0,0.0,0.0,True,False,False,False,,0,0,,,0,0,
33,2009,3,2009q3,New Hampshire -- Statewide,45443.0,10.724214072342495,317,New Hampshire,NH,6.55,7.25,7.074999999999996,7.25,7.25,7.25,3,7.25,1.9810014688665833,214.537,7.758831809897592,2.0488317829011997,New England,0.0,0.0,0.0,True,False,False,False,,0,0,,,0,0,
33,2009,4,2009q4,New Hampshire -- Statewide,41046.666666666664,10.622464909797092,331,New Hampshire,NH,7.25,7.25,7.25,7.25,7.25,7.25,4,7.25,1.9810014688665833,214.537,7.758831809897592,2.0488317829011997,New England,0.0,0.0,0.0,False,False,False,False,,0,0,,,0,0,
33,2010,1,2010q1,New Hampshire -- Statewide,39535.666666666664,10.584958497058356,298,New Hampshire,NH,7.25,7.25,7.25,7.25,7.25,7.25,5,7.25,1.9810014688665833,218.056,7.633619345489231,2.032562090031529,New England,0.0,0.0,0.0,False,False,False,False,,0,0,,,0,0,
33,2010,2,2010q2,New Hampshire -- Statewide,43408.0,10.678399034898712,300,New Hampshire,NH,7.25,7.25,7.25,7.25,7.25,7.25,6,7.25,1.9810014688665833,218.056,7.633619345489231,2.032562090031529,New England,0.0,0.0,0.0,False,False,False,False,,0,0,,,0,0,
33,2010,3,2010q3,New Hampshire -- Statewide,45726.0,10.730422342894173,323,New Hampshire,NH,7.25,7.25,7.25,7.25,7.25,7.25,7,7.25,1.9810014688665833,218.056,7.633619345489231,2.032562090031529,New England,0.0,0.0,0.0,False,False,False,False,,0,0,,,0,0,
33,2010,4,2010q4,New Hampshire -- Statewide,41964.666666666664,10.644583273358172,333,New Hampshire,NH,7.25,7.25,7.25,7.25,7.25,7.25,8,7.25,1.9810014688665833,218.056,7.633619345489231,2.032562090031529,New England,0.0,0.0,0.0,False,False,False,False,,0,0,,,0,0,
33,2011,1,2011q1,New Hampshire -- Statewide,40437.333333333336,10.607508729647952,298,New Hampshire,NH,7.25,7.25,7.25,7.25,7.25,7.25,9,7.25,1.9810014688665833,224.939,7.400035120632705,2.0014847462303083,New England,0.0,0.0,0.0,False,False,False,False,,0,0,,,0,0,
33,2011,2,2011q2,New Hampshire -- Statewide,43655.0,10.684073102244907,304,New Hampshire,NH,7.25,7.25,7.25,7.25,7.25,7.25,10,7.25,1.9810014688665833,224.939,7.400035120632705,2.0014847462303083,New England,0.0,0.0,0.0,False,False,False,False,,0,0,,,0,0,
33,2011,3,2011q3,New Hampshire -- Statewide,46252.0,10.741859985248853,337,New Hampshire,NH,7.25,7.25,7.25,7.25,7.25,7.25,11,7.25,1.9810014688665833,224.939,7.400035120632705,2.0014847462303083,New England,0.0,0.0,0.0,False,False,False,False,,0,0,,,0,0,
33,2011,4,2011q4,New Hampshire -- Statewide,42474.333333333336,10.656655250909797,330,New Hampshire,NH,7.25,7.25,7.25,7.25,7.25,7.25,12,7.25,1.9810014688665833,224.939,7.400035120632705,2.0014847462303083,New England,0.0,0.0,0.0,False,False,False,False,,0,0,,,0,0,
33,2012,1,2012q1,New Hampshire -- Statewide,41171.666666666664,10.625505596496573,320,New Hampshire,NH,7.25,7.25,7.25,7.25,7.25,7.25,13,7.25,1.9810014688665833,229.594,7.25,1.9810014688665833,New England,0.0,0.0,0.0,False,False,False,False,,0,0,,,0,0,
33,2012,2,2012q2,New Hampshire -- Statewide,45159.333333333336,10.717952255828092,310,New Hampshire,NH,7.25,7.25,7.25,7.25,7.25,7.25,14,7.25,1.9810014688665833,229.594,7.25,1.9810014688665833,New England,0.0,0.0,0.0,False,False,False,False,,0,0,,,0,0,
33,2012,3,2012q3,New Hampshire -- Statewide,47822.333333333336,10.775248033910868,328,New Hampshire,NH,7.25,7.25,7.25,7.25,7.25,7.25,15,7.25,1.9810014688665833,229.594,7.25,1.9810014688665833,New England,0.0,0.0,0.0,False,False,False,False,,0,0,,,0,0,
33,2012,4,2012q4,New Hampshire -- Statewide,44042.0,10.692899003066138,335,New Hampshire,NH,7.25,7.25,7.25,7.25,7.25,7.25,16,7.25,1.9810014688665833,229.594,7.25,1.9810014688665833,New England,0.0,0.0,0.0,False,False,False,False,,0,0,,,0,0,
33,2013,1,2013q1,New Hampshire -- Statewide,42749.0,10.663101082278448,318,New Hampshire,NH,7.25,7.25,7.25,7.25,7.25,7.25,17,7.25,1.9810014688665833,232.957,7.14533798082908,1.966460113388207,New England,0.0,0.0,0.0,False,False,False,False,,0,0,,,0,0,
33,2013,2,2013q2,New Hampshire -- Statewide,46748.333333333336,10.752533883457449,315,New Hampshire,NH,7.25,7.25,7.25,7.25,7.25,7.25,18,7.25,1.9810014688665833,232.957,7.14533798082908,1.966460113388207,New England,0.0,0.0,0.0,False,False,False,False,,0,0,,,0,0,
33,2013,3,2013q3,New Hampshire -- Statewide,48853.333333333336,10.796577891239847,336,New Hampshire,NH,7.25,7.25,7.25,7.25,7.25,7.25,19,7.25,1.9810014688665833,232.957,7.14533798082908,1.966460113388207,New England,0.0,0.0,0.0,False,False,False,False,,0,0,,,0,0,
33,2013,4,2013q4,New Hampshire -- Statewide,45341.666666666664,10.721981682686016,341,New Hampshire,NH,7.25,7.25,7.25,7.25,7.25,7.25,20,7.25,1.9810014688665833,232.957,7.14533798082908,1.966460113388207,New England,0.0,0.0,0.0,False,False,False,False,,0,0,,,0,0,
33,2014,1,2014q1,New Hampshire -- Statewide,43745.666666666664,10.686147839261173,323,New Hampshire,NH,7.25,7.25,7.25,7.25,7.25,7.25,21,7.25,1.9810014688665833,236.736,7.031277456745066,1.9503684043563676,New England,0.0,0.0,0.0,False,False,False,False,,0,0,,,0,0,
33,2014,2,2014q2,New Hampshire -- Statewide,47566.0,10.769873499281642,325,New Hampshire,NH,7.25,7.25,7.25,7.25,7.25,7.25,22,7.25,1.9810014688665833,236.736,7.031277456745066,1.9503684043563676,New England,0.0,0.0,0.0,False,False,False,False,,0,0,,,0,0,
33,2014,3,2014q3,New Hampshire -- Statewide,49688.333333333336,10.813525442744517,348,New Hampshire,NH,7.25,7.25,7.25,7.25,7.25,7.25,23,7.25,1.9810014688665833,236.736,7.031277456745066,1.9503684043563676,New England,0.0,0.0,0.0,False,False,False,False,,0,0,,,0,0,
33,2014,4,2014q4,New Hampshire -- Statewide,46057.333333333336,10.737642276200042,359,New Hampshire,NH,7.25,7.25,7.25,7.25,7.25,7.25,24,7.25,1.9810014688665833,236.736,7.031277456745066,1.9503684043563676,New England,0.0,0.0,0.0,False,False,False,False,,0,0,,,0,0,
33,2015,1,2015q1,New Hampshire -- Statewide,44608.333333333336,10.705675966593473,332,New Hampshire,NH,7.25,7.25,7.25,7.25,7.25,7.25,25,7.25,1.9810014688665833,237.017,7.022941392389575,1.9491821320458897,New England,0.0,0.0,0.0,False,False,False,False,,0,0,,,0,0,
33,2015,2,2015q2,New Hampshire -- Statewide,48529.0,10.78991683637612,340,New Hampshire,NH,7.25,7.25,7.25,7.25,7.25,7.25,26,7.25,1.9810014688665833,237.017,7.022941392389575,1.9491821320458897,New England,0.0,0.0,0.0,False,False,False,False,,0,0,,,0,0,
33,2015,3,2015q3,New Hampshire -- Statewide,50608.0,10.83186494554543,365,New Hampshire,NH,7.25,7.25,7.25,7.25,7.25,7.25,27,7.25,1.9810014688665833,237.017,7.022941392389575,1.9491821320458897,New England,0.0,0.0,0.0,False,False,False,False,,0,0,,,0,0,
33,2015,4,2015q4,New Hampshire -- Statewide,47091.0,10.759837178943316,390,New Hampshire,NH,7.25,7.25,7.25,7.25,7.25,7.25,28,7.25,1.9810014688665833,237.017,7.022941392389575,1.9491821320458897,New England,0.0,0.0,0.0,False,False,False,False,,0,0,,,0,0,
33,2016,1,2016q1,New Hampshire -- Statewide,45981.666666666664,10.735998045304145,345,New Hampshire,NH,7.25,7.25,7.25,7.25,7.25,7.25,29,7.25,1.9810014688665833,240.007,6.935449799380851,1.9366459109830372,New England,0.0,0.0,0.0,False,False,False,False,,0,0,,,0,0,
33,2016,2,2016q2,New Hampshire -- Statewide,49295.666666666664,10.805591458939737,359,New Hampshire,NH,7.25,7.25,7.25,7.25,7.25,7.25,30,7.25,1.9810014688665833,240.007,6.935449799380851,1.9366459109830372,New England,0.0,0.0,0.0,False,False,False,False,,0,0,,,0,0,
33,2016,3,2016q3,New Hampshire -- Statewide,51568.333333333336,10.850663067991304,396,New Hampshire,NH,7.25,7.25,7.25,7.25,7.25,7.25,31,7.25,1.9810014688665833,240.007,6.935449799380851,1.9366459109830372,New England,0.0,0.0,0.0,False,False,False,False,,0,0,,,0,0,
33,2016,4,2016q4,New Hampshire -- Statewide,47811.333333333336,10.775017989399727,388,New Hampshire,NH,7.25,7.25,7.25,7.25,7.25,7.25,32,7.25,1.9810014688665833,240.007,6.935449799380851,1.9366459109830372,New England,0.0,0.0,0.0,False,False,False,False,,0,0,,,0,0,
33,2017,1,2017q1,New Hampshire -- Statewide,46686.333333333336,10.75120675271868,373,New Hampshire,NH,7.25,7.25,7.25,7.25,7.25,7.25,33,7.25,1.9810014688665833,245.12,6.7907820659268925,1.9155661140141298,New England,0.0,0.0,0.0,False,False,False,False,,0,0,,,0,0,
33,2017,2,2017q2,New Hampshire -- Statewide,50056.333333333336,10.82090431686438,374,New Hampshire,NH,7.25,7.25,7.25,7.25,7.25,7.25,34,7.25,1.9810014688665833,245.12,6.7907820659268925,1.9155661140141298,New England,0.0,0.0,0.0,False,False,False,False,,0,0,,,0,0,
33,2017,3,2017q3,New Hampshire -- Statewide,52277.0,10.864311782771091,394,New Hampshire,NH,7.25,7.25,7.25,7.25,7.25,7.25,35,7.25,1.9810014688665833,245.12,6.7907820659268925,1.9155661140141298,New England,0.0,0.0,0.0,False,False,False,False,,0,0,,,0,0,
33,2017,4,2017q4,New Hampshire -- Statewide,48642.666666666664,10.79225633969864,404,New Hampshire,NH,7.25,7.25,7.25,7.25,7.25,7.25,36,7.25,1.9810014688665833,245.12,6.7907820659268925,1.9155661140141298,New England,0.0,0.0,0.0,False,False,False,False,,0,0,,,0,0,
33,2018,1,2018q1,New Hampshire -- Statewide,47940.333333333336,10.777712461100066,384,New Hampshire,NH,7.25,7.25,7.25,7.25,7.25,7.25,37,7.25,1.9810014688665833,251.107,6.628873348811463,1.8914348574516775,New England,0.0,0.0,0.0,False,False,False,False,,0,0,,,0,0,
33,2018,2,2018q2,New Hampshire -- Statewide,50740.333333333336,10.834476402570663,391,New Hampshire,NH,7.25,7.25,7.25,7.25,7.25,7.25,38,7.25,1.9810014688665833,251.107,6.628873348811463,1.8914348574516775,New England,0.0,0.0,0.0,False,False,False,False,,0,0,,,0,0,
33,2018,3,2018q3,New Hampshire -- Statewide,52809.333333333336,10.874443221749555,414,New Hampshire,NH,7.25,7.25,7.25,7.25,7.25,7.25,39,7.25,1.9810014688665833,251.107,6.628873348811463,1.8914348574516775,New England,0.0,0.0,0.0,False,False,False,False,,0,0,,,0,0,
33,2018,4,2018q4,New Hampshire -- Statewide,49125.0,10.802123349171563,421,New Hampshire,NH,7.25,7.25,7.25,7.25,7.25,7.25,40,7.25,1.9810014688665833,251.107,6.628873348811463,1.8914348574516775,New England,0.0,0.0,0.0,False,False,False,False,,0,0,,,0,0,
33,2019,1,2019q1,New Hampshire -- Statewide,48626.333333333336,10.791920501281739,401,New Hampshire,NH,7.25,7.25,7.25,7.25,7.25,7.25,41,7.25,1.9810014688665833,255.657,6.510897413331143,1.8734772982299916,New England,0.0,0.0,0.0,False,False,False,False,,0,0,,,0,0,
33,2019,2,2019q2,New Hampshire -- Statewide,51889.0,10.856862100640145,404,New Hampshire,NH,7.25,7.25,7.25,7.25,7.25,7.25,42,7.25,1.9810014688665833,255.657,6.510897413331143,1.8734772982299916,New England,0.0,0.0,0.0,False,False,False,False,,0,0,,,0,0,
33,2019,3,2019q3,New Hampshire -- Statewide,53352.333333333336,10.884672992105891,433,New Hampshire,NH,7.25,7.25,7.25,7.25,7.25,7.25,43,7.25,1.9810014688665833,255.657,6.510897413331143,1.8734772982299916,New England,0.0,0.0,0.0,False,False,False,False,,0,0,,,0,0,
33,2019,4,2019q4,New Hampshire -- Statewide,49951.333333333336,10.818804477080464,438,New Hampshire,NH,7.25,7.25,7.25,7.25,7.25,7.25,44,7.25,1.9810014688665833,255.657,6.510897413331143,1.8734772982299916,New England,0.0,0.0,0.0,False,False,False,False,,0,0,,,0,0,
34,2009,1,2009q1,New Jersey -- Statewide,207775.66666666666,12.244214251015125,313,New Jersey,NJ,6.55,7.150000095367432,6.550000000000002,7.150000095367432,6.55,7.150000095367432,1,7.150000095367432,1.9671123700440185,214.537,7.651813542166573,2.0349426840786347,Middle Atlantic,,,,True,False,False,False,21.0,21,0,-20.0,21.0,21,0,-20.0
34,2009,2,2009q2,New Jersey -- Statewide,223900.33333333334,12.318956291345602,318,New Jersey,NJ,6.55,7.150000095367432,6.550000000000001,7.150000095367432,6.55,7.150000095367432,2,7.150000095367432,1.9671123700440185,214.537,7.651813542166573,2.0349426840786347,Middle Atlantic,0.0,0.0,0.0,True,False,False,False,21.0,21,0,-19.0,21.0,21,0,-19.0
34,2009,3,2009q3,New Jersey -- Statewide,227304.66666666666,12.334046540499507,329,New Jersey,NJ,6.55,7.150000095367432,7.075,7.224999904632568,7.25,7.25,3,7.224999904632568,1.9775472207988511,214.537,7.732077115389,2.0453775348334675,Middle Atlantic,0.07499980926513672,0.07499980926513672,0.010434850754832636,True,False,False,False,21.0,21,0,-18.0,21.0,21,0,-18.0
34,2009,4,2009q4,New Jersey -- Statewide,217037.33333333334,12.287824660735648,341,New Jersey,NJ,7.25,7.25,7.25,7.25,7.25,7.25,4,7.25,1.9810014688665833,214.537,7.758831809897592,2.0488317829011997,Middle Atlantic,0.02500009536743164,0.02500009536743164,0.003454248067732202,False,False,False,False,21.0,21,0,-17.0,21.0,21,0,-17.0
34,2010,1,2010q1,New Jersey -- Statewide,207820.0,12.244427599406638,313,New Jersey,NJ,7.25,7.25,7.25,7.25,7.25,7.25,5,7.25,1.9810014688665833,218.056,7.633619345489231,2.032562090031529,Middle Atlantic,0.0,0.0,0.0,False,False,False,False,21.0,21,0,-16.0,21.0,21,0,-16.0
34,2010,2,2010q2,New Jersey -- Statewide,226856.33333333334,12.332072203297647,324,New Jersey,NJ,7.25,7.25,7.25,7.25,7.25,7.25,6,7.25,1.9810014688665833,218.056,7.633619345489231,2.032562090031529,Middle Atlantic,0.0,0.0,0.0,False,False,False,False,21.0,21,0,-15.0,21.0,21,0,-15.0
34,2010,3,2010q3,New Jersey -- Statewide,229676.33333333334,12.344426350427414,338,New Jersey,NJ,7.25,7.25,7.25,7.25,7.25,7.25,7,7.25,1.9810014688665833,218.056,7.633619345489231,2.032562090031529,Middle Atlantic,0.0,0.0,0.0,False,False,False,False,21.0,21,0,-14.0,21.0,21,0,-14.0
34,2010,4,2010q4,New Jersey -- Statewide,222316.66666666666,12.31185807090108,345,New Jersey,NJ,7.25,7.25,7.25,7.25,7.25,7.25,8,7.25,1.9810014688665833,218.056,7.633619345489231,2.032562090031529,Middle Atlantic,0.0,0.0,0.0,False,False,False,False,21.0,21,0,-13.0,21.0,21,0,-13.0
34,2011,1,2011q1,New Jersey -- Statewide,209776.33333333334,12.253797162734438,318,New Jersey,NJ,7.25,7.25,7.25,7.25,7.25,7.25,9,7.25,1.9810014688665833,224.939,7.400035120632705,2.0014847462303083,Middle Atlantic,0.0,0.0,0.0,False,False,False,False,21.0,21,0,-12.0,21.0,21,0,-12.0
34,2011,2,2011q2,New Jersey -- Statewide,229282.66666666666,12.342710873606134,329,New Jersey,NJ,7.25,7.25,7.25,7.25,7.25,7.25,10,7.25,1.9810014688665833,224.939,7.400035120632705,2.0014847462303083,Middle Atlantic,0.0,0.0,0.0,False,False,False,False,21.0,21,0,-11.0,21.0,21,0,-11.0
34,2011,3,2011q3,New Jersey -- Statewide,232563.33333333334,12.356917868348706,346,New Jersey,NJ,7.25,7.25,7.25,7.25,7.25,7.25,11,7.25,1.9810014688665833,224.939,7.400035120632705,2.0014847462303083,Middle Atlantic,0.0,0.0,0.0,False,False,False,False,21.0,21,0,-10.0,21.0,21,0,-10.0
34,2011,4,2011q4,New Jersey -- Statewide,223353.33333333334,12.316510250928284,345,New Jersey,NJ,7.25,7.25,7.25,7.25,7.25,7.25,12,7.25,1.9810014688665833,224.939,7.400035120632705,2.0014847462303083,Middle Atlantic,0.0,0.0,0.0,False,False,False,False,21.0,21,0,-9.0,21.0,21,0,-9.0
34,2012,1,2012q1,New Jersey -- Statewide,217063.0,12.287942912967797,336,New Jersey,NJ,7.25,7.25,7.25,7.25,7.25,7.25,13,7.25,1.9810014688665833,229.594,7.25,1.9810014688665833,Middle Atlantic,0.0,0.0,0.0,False,False,False,False,21.0,21,0,-8.0,21.0,21,0,-8.0
34,2012,2,2012q2,New Jersey -- Statewide,235488.66666666666,12.369418066722908,337,New Jersey,NJ,7.25,7.25,7.25,7.25,7.25,7.25,14,7.25,1.9810014688665833,229.594,7.25,1.9810014688665833,Middle Atlantic,0.0,0.0,0.0,False,False,False,False,21.0,21,0,-7.0,21.0,21,0,-7.0
34,2012,3,2012q3,New Jersey -- Statewide,241269.66666666666,12.3936705357405,344,New Jersey,NJ,7.25,7.25,7.25,7.25,7.25,7.25,15,7.25,1.9810014688665833,229.594,7.25,1.9810014688665833,Middle Atlantic,0.0,0.0,0.0,False,False,False,False,21.0,21,0,-6.0,21.0,21,0,-6.0
34,2012,4,2012q4,New Jersey -- Statewide,228545.33333333334,12.33948986497052,351,New Jersey,NJ,7.25,7.25,7.25,7.25,7.25,7.25,16,7.25,1.9810014688665833,229.594,7.25,1.9810014688665833,Middle Atlantic,0.0,0.0,0.0,False,False,False,False,21.0,21,0,-5.0,21.0,21,0,-5.0
34,2013,1,2013q1,New Jersey -- Statewide,221117.33333333334,12.306448759672032,338,New Jersey,NJ,7.25,7.25,7.25,7.25,7.25,7.25,17,7.25,1.9810014688665833,232.957,7.14533798082908,1.966460113388207,Middle Atlantic,0.0,0.0,0.0,False,False,False,False,21.0,21,0,-4.0,21.0,21,0,-4.0
34,2013,2,2013q2,New Jersey -- Statewide,243000.0,12.400816722322686,340,New Jersey,NJ,7.25,7.25,7.25,7.25,7.25,7.25,18,7.25,1.9810014688665833,232.957,7.14533798082908,1.966460113388207,Middle Atlantic,0.0,0.0,0.0,False,False,False,False,21.0,21,0,-3.0,21.0,21,0,-3.0
34,2013,3,2013q3,New Jersey -- Statewide,247196.33333333334,12.417938171661707,352,New Jersey,NJ,7.25,7.25,7.25,7.25,7.25,7.25,19,7.25,1.9810014688665833,232.957,7.14533798082908,1.966460113388207,Middle Atlantic,0.0,0.0,0.0,False,False,False,False,21.0,21,0,-2.0,21.0,21,0,-2.0
34,2013,4,2013q4,New Jersey -- Statewide,237451.66666666666,12.377719372974184,359,New Jersey,NJ,7.25,7.25,7.25,7.25,7.25,7.25,20,7.25,1.9810014688665833,232.957,7.14533798082908,1.966460113388207,Middle Atlantic,0.0,0.0,0.0,False,False,False,False,21.0,21,0,-1.0,21.0,21,0,-1.0
34,2014,1,2014q1,New Jersey -- Statewide,229516.33333333334,12.343729475158753,340,New Jersey,NJ,7.25,8.25,7.25,8.25,7.25,8.25,21,8.25,2.1102132003465894,236.736,8.001108830089214,2.0795801358363737,Middle Atlantic,1.0,1.0,0.1292117314800061,True,True,True,True,21.0,21,1,0.0,21.0,21,1,0.0
34,2014,2,2014q2,New Jersey -- Statewide,249232.0,12.426139468566387,349,New Jersey,NJ,7.25,8.25,7.25,8.25,7.25,8.25,22,8.25,2.1102132003465894,236.736,8.001108830089214,2.0795801358363737,Middle Atlantic,0.0,0.0,0.0,True,False,False,False,21.0,21,1,1.0,21.0,21,1,1.0
34,2014,3,2014q3,New Jersey -- Statewide,251226.0,12.434108211404808,364,New Jersey,NJ,7.25,8.25,7.25,8.25,7.25,8.25,23,8.25,2.1102132003465894,236.736,8.001108830089214,2.0795801358363737,Middle Atlantic,0.0,0.0,0.0,True,False,False,False,21.0,21,1,2.0,21.0,21,1,2.0
34,2014,4,2014q4,New Jersey -- Statewide,240167.0,12.389089793677693,374,New Jersey,NJ,7.25,8.25,7.25,8.25,7.25,8.25,24,8.25,2.1102132003465894,236.736,8.001108830089214,2.0795801358363737,Middle Atlantic,0.0,0.0,0.0,True,False,False,False,21.0,21,1,3.0,21.0,21,1,3.0
34,2015,1,2015q1,New Jersey -- Statewide,230108.33333333334,12.34630549150558,347,New Jersey,NJ,7.25,8.380000114440918,7.25,8.380000114440918,7.25,8.380000114440918,25,8.380000114440918,2.1258479281504257,237.017,8.117551678887793,2.094028591329732,Middle Atlantic,0.13000011444091797,0.13000011444091797,0.015634727803836235,True,True,True,False,21.0,21,1,4.0,21.0,21,1,4.0
34,2015,2,2015q2,New Jersey -- Statewide,250269.33333333334,12.430292950270626,363,New Jersey,NJ,7.25,8.380000114440918,7.25,8.380000114440918,7.25,8.380000114440918,26,8.380000114440918,2.1258479281504257,237.017,8.117551678887793,2.094028591329732,Middle Atlantic,0.0,0.0,0.0,True,False,False,False,21.0,21,1,5.0,21.0,21,1,5.0
34,2015,3,2015q3,New Jersey -- Statewide,255932.33333333334,12.452668365605573,375,New Jersey,NJ,7.25,8.380000114440918,7.25,8.380000114440918,7.25,8.380000114440918,27,8.380000114440918,2.1258479281504257,237.017,8.117551678887793,2.094028591329732,Middle Atlantic,0.0,0.0,0.0,True,False,False,False,21.0,21,1,6.0,21.0,21,1,6.0
34,2015,4,2015q4,New Jersey -- Statewide,248052.0,12.421393680587236,392,New Jersey,NJ,7.25,8.380000114440918,7.25,8.380000114440918,7.25,8.380000114440918,28,8.380000114440918,2.1258479281504257,237.017,8.117551678887793,2.094028591329732,Middle Atlantic,0.0,0.0,0.0,True,False,False,False,21.0,21,1,7.0,21.0,21,1,7.0
34,2016,1,2016q1,New Jersey -- Statewide,238843.33333333334,12.383563106908094,356,New Jersey,NJ,7.25,8.380000114440918,7.25,8.380000114440918,7.25,8.380000114440918,29,8.380000114440918,2.1258479281504257,240.007,8.01642346379459,2.0814923702668797,Middle Atlantic,0.0,0.0,0.0,True,False,False,False,21.0,21,1,8.0,21.0,21,1,8.0
34,2016,2,2016q2,New Jersey -- Statewide,260140.66666666666,12.468977789337085,371,New Jersey,NJ,7.25,8.380000114440918,7.25,8.380000114440918,7.25,8.380000114440918,30,8.380000114440918,2.1258479281504257,240.007,8.01642346379459,2.0814923702668797,Middle Atlantic,0.0,0.0,0.0,True,False,False,False,21.0,21,1,9.0,21.0,21,1,9.0
34,2016,3,2016q3,New Jersey -- Statewide,264904.3333333333,12.487124033500594,395,New Jersey,NJ,7.25,8.380000114440918,7.25,8.380000114440918,7.25,8.380000114440918,31,8.380000114440918,2.1258479281504257,240.007,8.01642346379459,2.0814923702668797,Middle Atlantic,0.0,0.0,0.0,True,False,False,False,21.0,21,1,10.0,21.0,21,1,10.0
34,2016,4,2016q4,New Jersey -- Statewide,253909.66666666666,12.444733839700069,391,New Jersey,NJ,7.25,8.380000114440918,7.25,8.380000114440918,7.25,8.380000114440918,32,8.380000114440918,2.1258479281504257,240.007,8.01642346379459,2.0814923702668797,Middle Atlantic,0.0,0.0,0.0,True,False,False,False,21.0,21,1,11.0,21.0,21,1,11.0
34,2017,1,2017q1,New Jersey -- Statewide,244604.66666666666,12.407398580821269,376,New Jersey,NJ,7.25,8.4399995803833,7.25,8.4399995803833,7.25,8.4399995803833,33,8.4399995803833,2.1329822588902463,245.12,7.905406591296196,2.0675469040377927,Middle Atlantic,0.05999946594238281,0.05999946594238281,0.007134330739820616,True,True,False,False,21.0,21,1,12.0,21.0,21,1,12.0
34,2017,2,2017q2,New Jersey -- Statewide,265254.3333333333,12.488444393131978,382,New Jersey,NJ,7.25,8.4399995803833,7.25,8.4399995803833,7.25,8.4399995803833,34,8.4399995803833,2.1329822588902463,245.12,7.905406591296196,2.0675469040377927,Middle Atlantic,0.0,0.0,0.0,True,False,False,False,21.0,21,1,13.0,21.0,21,1,13.0
34,2017,3,2017q3,New Jersey -- Statewide,269320.0,12.503655542659217,392,New Jersey,NJ,7.25,8.4399995803833,7.25,8.4399995803833,7.25,8.4399995803833,35,8.4399995803833,2.1329822588902463,245.12,7.905406591296196,2.0675469040377927,Middle Atlantic,0.0,0.0,0.0,True,False,False,False,21.0,21,1,14.0,21.0,21,1,14.0
34,2017,4,2017q4,New Jersey -- Statewide,258763.33333333334,12.463669152024762,402,New Jersey,NJ,7.25,8.4399995803833,7.25,8.4399995803833,7.25,8.4399995803833,36,8.4399995803833,2.1329822588902463,245.12,7.905406591296196,2.0675469040377927,Middle Atlantic,0.0,0.0,0.0,True,False,False,False,21.0,21,1,15.0,21.0,21,1,15.0
34,2018,1,2018q1,New Jersey -- Statewide,251484.33333333334,12.435135973672436,385,New Jersey,NJ,7.25,8.600000381469727,7.25,8.600000381469727,7.25,8.600000381469727,37,8.600000381469727,2.151762247616406,251.107,7.8632156315162876,2.0621956362015004,Middle Atlantic,0.16000080108642578,0.16000080108642578,0.018779988726159935,True,True,True,False,21.0,21,1,16.0,21.0,21,1,16.0
34,2018,2,2018q2,New Jersey -- Statewide,272117.3333333333,12.513988624812765,392,New Jersey,NJ,7.25,8.600000381469727,7.25,8.600000381469727,7.25,8.600000381469727,38,8.600000381469727,2.151762247616406,251.107,7.8632156315162876,2.0621956362015004,Middle Atlantic,0.0,0.0,0.0,True,False,False,False,21.0,21,1,17.0,21.0,21,1,17.0
34,2018,3,2018q3,New Jersey -- Statewide,277522.0,12.53365548830547,405,New Jersey,NJ,7.25,8.600000381469727,7.25,8.600000381469727,7.25,8.600000381469727,39,8.600000381469727,2.151762247616406,251.107,7.8632156315162876,2.0621956362015004,Middle Atlantic,0.0,0.0,0.0,True,False,False,False,21.0,21,1,18.0,21.0,21,1,18.0
34,2018,4,2018q4,New Jersey -- Statewide,263825.6666666667,12.48304381046367,418,New Jersey,NJ,7.25,8.600000381469727,7.25,8.600000381469727,7.25,8.600000381469727,40,8.600000381469727,2.151762247616406,251.107,7.8632156315162876,2.0621956362015004,Middle Atlantic,0.0,0.0,0.0,True,False,False,False,21.0,21,1,19.0,21.0,21,1,19.0
34,2019,1,2019q1,New Jersey -- Statewide,256285.66666666666,12.454047986741013,398,New Jersey,NJ,7.25,8.850000381469727,7.25,8.850000381469727,7.25,8.850000381469727,41,8.850000381469727,2.180417502123761,255.657,7.947785460922878,2.0728933314871694,Middle Atlantic,0.25,0.25,0.028655254507354844,True,True,True,False,21.0,21,1,20.0,21.0,21,1,20.0
34,2019,2,2019q2,New Jersey -- Statewide,276181.3333333333,12.528812933797017,406,New Jersey,NJ,7.25,8.850000381469727,7.25,8.850000381469727,7.25,8.850000381469727,42,8.850000381469727,2.180417502123761,255.657,7.947785460922878,2.0728933314871694,Middle Atlantic,0.0,0.0,0.0,True,False,False,False,21.0,21,1,21.0,21.0,21,1,21.0
34,2019,3,2019q3,New Jersey -- Statewide,279834.3333333333,12.541953040380925,427,New Jersey,NJ,7.25,10.0,7.25,10.0,7.25,10.0,43,10.0,2.302585092994046,255.657,8.980548156318818,2.195060922357454,Middle Atlantic,1.1499996185302734,1.1499996185302734,0.12216759087028484,True,True,True,True,21.0,21,1,22.0,21.0,21,1,22.0
34,2019,4,2019q4,New Jersey -- Statewide,268112.3333333333,12.499161325901255,437,New Jersey,NJ,7.25,10.0,7.25,10.0,7.25,10.0,44,10.0,2.302585092994046,255.657,8.980548156318818,2.195060922357454,Middle Atlantic,0.0,0.0,0.0,True,False,False,False,21.0,21,1,23.0,21.0,21,1,23.0
35,2009,1,2009q1,New Mexico -- Statewide,61077.666666666664,11.019901557336782,262,New Mexico,NM,6.55,7.5,6.550000000000002,7.5,6.55,7.5,1,7.5,2.0149030205422647,214.537,8.02637773437682,2.082733334576881,Mountain,,,,True,False,False,False,,0,0,,,0,0,
35,2009,2,2009q2,New Mexico -- Statewide,63091.666666666664,11.052343974303398,269,New Mexico,NM,6.55,7.5,6.550000000000001,7.5,6.55,7.5,2,7.5,2.0149030205422647,214.537,8.02637773437682,2.082733334576881,Mountain,0.0,0.0,0.0,True,False,False,False,,0,0,,,0,0,
35,2009,3,2009q3,New Mexico -- Statewide,63093.333333333336,11.052370390544104,275,New Mexico,NM,6.55,7.5,7.074999999999998,7.5,7.25,7.5,3,7.5,2.0149030205422647,214.537,8.02637773437682,2.082733334576881,Mountain,0.0,0.0,0.0,True,False,False,False,,0,0,,,0,0,
35,2009,4,2009q4,New Mexico -- Statewide,60872.0,11.01652857785636,283,New Mexico,NM,7.25,7.5,7.25,7.5,7.25,7.5,4,7.5,2.0149030205422647,214.537,8.02637773437682,2.082733334576881,Mountain,0.0,0.0,0.0,True,False,False,False,,0,0,,,0,0,
35,2010,1,2010q1,New Mexico -- Statewide,60126.666666666664,11.004208727051589,264,New Mexico,NM,7.25,7.5,7.25,7.5,7.25,7.5,5,7.5,2.0149030205422647,218.056,7.896847598781964,2.06646364170721,Mountain,0.0,0.0,0.0,True,False,False,False,,0,0,,,0,0,
35,2010,2,2010q2,New Mexico -- Statewide,62496.0,11.042857833676406,276,New Mexico,NM,7.25,7.5,7.25,7.5,7.25,7.5,6,7.5,2.0149030205422647,218.056,7.896847598781964,2.06646364170721,Mountain,0.0,0.0,0.0,True,False,False,False,,0,0,,,0,0,
35,2010,3,2010q3,New Mexico -- Statewide,62757.0,11.04702540455723,281,New Mexico,NM,7.25,7.5,7.25,7.5,7.25,7.5,7,7.5,2.0149030205422647,218.056,7.896847598781964,2.06646364170721,Mountain,0.0,0.0,0.0,True,False,False,False,,0,0,,,0,0,
35,2010,4,2010q4,New Mexico -- Statewide,61226.666666666664,11.022338103445229,291,New Mexico,NM,7.25,7.5,7.25,7.5,7.25,7.5,8,7.5,2.0149030205422647,218.056,7.896847598781964,2.06646364170721,Mountain,0.0,0.0,0.0,True,False,False,False,,0,0,,,0,0,
35,2011,1,2011q1,New Mexico -- Statewide,61022.666666666664,11.019000658834404,266,New Mexico,NM,7.25,7.5,7.25,7.5,7.25,7.5,9,7.5,2.0149030205422647,224.939,7.655208745482108,2.0353862979059896,Mountain,0.0,0.0,0.0,True,False,False,False,,0,0,,,0,0,
35,2011,2,2011q2,New Mexico -- Statewide,63215.333333333336,11.054302166742193,280,New Mexico,NM,7.25,7.5,7.25,7.5,7.25,7.5,10,7.5,2.0149030205422647,224.939,7.655208745482108,2.0353862979059896,Mountain,0.0,0.0,0.0,True,False,False,False,,0,0,,,0,0,
35,2011,3,2011q3,New Mexico -- Statewide,63500.0,11.058795184880783,291,New Mexico,NM,7.25,7.5,7.25,7.5,7.25,7.5,11,7.5,2.0149030205422647,224.939,7.655208745482108,2.0353862979059896,Mountain,0.0,0.0,0.0,True,False,False,False,,0,0,,,0,0,
35,2011,4,2011q4,New Mexico -- Statewide,62150.333333333336,11.037311460292669,287,New Mexico,NM,7.25,7.5,7.25,7.5,7.25,7.5,12,7.5,2.0149030205422647,224.939,7.655208745482108,2.0353862979059896,Mountain,0.0,0.0,0.0,True,False,False,False,,0,0,,,0,0,
35,2012,1,2012q1,New Mexico -- Statewide,61282.666666666664,11.023252319568632,284,New Mexico,NM,7.25,7.5,7.25,7.5,7.25,7.5,13,7.5,2.0149030205422647,229.594,7.5,2.0149030205422647,Mountain,0.0,0.0,0.0,True,False,False,False,,0,0,,,0,0,
35,2012,2,2012q2,New Mexico -- Statewide,63828.0,11.063947244530318,284,New Mexico,NM,7.25,7.5,7.25,7.5,7.25,7.5,14,7.5,2.0149030205422647,229.594,7.5,2.0149030205422647,Mountain,0.0,0.0,0.0,True,False,False,False,,0,0,,,0,0,
35,2012,3,2012q3,New Mexico -- Statewide,64645.0,11.076666041688654,291,New Mexico,NM,7.25,7.5,7.25,7.5,7.25,7.5,15,7.5,2.0149030205422647,229.594,7.5,2.0149030205422647,Mountain,0.0,0.0,0.0,True,False,False,False,,0,0,,,0,0,
35,2012,4,2012q4,New Mexico -- Statewide,64659.0,11.076882585647922,287,New Mexico,NM,7.25,7.5,7.25,7.5,7.25,7.5,16,7.5,2.0149030205422647,229.594,7.5,2.0149030205422647,Mountain,0.0,0.0,0.0,True,False,False,False,,0,0,,,0,0,
35,2013,1,2013q1,New Mexico -- Statewide,63365.333333333336,11.05667219802996,281,New Mexico,NM,7.25,7.5,7.25,7.5,7.25,7.5,17,7.5,2.0149030205422647,232.957,7.391728945685255,2.0003616650638882,Mountain,0.0,0.0,0.0,True,False,False,False,,0,0,,,0,0,
35,2013,2,2013q2,New Mexico -- Statewide,65874.66666666667,11.09550922574231,290,New Mexico,NM,7.25,7.5,7.25,7.5,7.25,7.5,18,7.5,2.0149030205422647,232.957,7.391728945685255,2.0003616650638882,Mountain,0.0,0.0,0.0,True,False,False,False,,0,0,,,0,0,
35,2013,3,2013q3,New Mexico -- Statewide,66779.66666666667,11.109153921970762,295,New Mexico,NM,7.25,7.5,7.25,7.5,7.25,7.5,19,7.5,2.0149030205422647,232.957,7.391728945685255,2.0003616650638882,Mountain,0.0,0.0,0.0,True,False,False,False,,0,0,,,0,0,
35,2013,4,2013q4,New Mexico -- Statewide,66068.0,11.098439793640981,299,New Mexico,NM,7.25,7.5,7.25,7.5,7.25,7.5,20,7.5,2.0149030205422647,232.957,7.391728945685255,2.0003616650638882,Mountain,0.0,0.0,0.0,True,False,False,False,,0,0,,,0,0,
35,2014,1,2014q1,New Mexico -- Statewide,65687.0,11.09265631579205,288,New Mexico,NM,7.25,7.5,7.25,7.5,7.25,7.5,21,7.5,2.0149030205422647,236.736,7.273735300081103,1.984269956032049,Mountain,0.0,0.0,0.0,True,False,False,False,,0,0,,,0,0,
35,2014,2,2014q2,New Mexico -- Statewide,68295.33333333333,11.131596717211863,297,New Mexico,NM,7.25,7.5,7.25,7.5,7.25,7.5,22,7.5,2.0149030205422647,236.736,7.273735300081103,1.984269956032049,Mountain,0.0,0.0,0.0,True,False,False,False,,0,0,,,0,0,
35,2014,3,2014q3,New Mexico -- Statewide,68781.0,11.138682822990772,301,New Mexico,NM,7.25,7.5,7.25,7.5,7.25,7.5,23,7.5,2.0149030205422647,236.736,7.273735300081103,1.984269956032049,Mountain,0.0,0.0,0.0,True,False,False,False,,0,0,,,0,0,
35,2014,4,2014q4,New Mexico -- Statewide,67940.0,11.126380241714575,309,New Mexico,NM,7.25,7.5,7.25,7.5,7.25,7.5,24,7.5,2.0149030205422647,236.736,7.273735300081103,1.984269956032049,Mountain,0.0,0.0,0.0,True,False,False,False,,0,0,,,0,0,
35,2015,1,2015q1,New Mexico -- Statewide,67243.0,11.116068202827096,296,New Mexico,NM,7.25,7.5,7.25,7.5,7.25,7.5,25,7.5,2.0149030205422647,237.017,7.265111785230595,1.983083683721571,Mountain,0.0,0.0,0.0,True,False,False,False,,0,0,,,0,0,
35,2015,2,2015q2,New Mexico -- Statewide,70252.33333333333,11.159848801353768,304,New Mexico,NM,7.25,7.5,7.25,7.5,7.25,7.5,26,7.5,2.0149030205422647,237.017,7.265111785230595,1.983083683721571,Mountain,0.0,0.0,0.0,True,False,False,False,,0,0,,,0,0,
35,2015,3,2015q3,New Mexico -- Statewide,70434.33333333333,11.16243611265825,309,New Mexico,NM,7.25,7.5,7.25,7.5,7.25,7.5,27,7.5,2.0149030205422647,237.017,7.265111785230595,1.983083683721571,Mountain,0.0,0.0,0.0,True,False,False,False,,0,0,,,0,0,
35,2015,4,2015q4,New Mexico -- Statewide,70034.33333333333,11.156740876977842,317,New Mexico,NM,7.25,7.5,7.25,7.5,7.25,7.5,28,7.5,2.0149030205422647,237.017,7.265111785230595,1.983083683721571,Mountain,0.0,0.0,0.0,True,False,False,False,,0,0,,,0,0,
35,2016,1,2016q1,New Mexico -- Statewide,69548.66666666667,11.149782026307534,299,New Mexico,NM,7.25,7.5,7.25,7.5,7.25,7.5,29,7.5,2.0149030205422647,240.007,7.174603240738811,1.9705474626587187,Mountain,0.0,0.0,0.0,True,False,False,False,,0,0,,,0,0,
35,2016,2,2016q2,New Mexico -- Statewide,71960.66666666667,11.183874952427706,311,New Mexico,NM,7.25,7.5,7.25,7.5,7.25,7.5,30,7.5,2.0149030205422647,240.007,7.174603240738811,1.9705474626587187,Mountain,0.0,0.0,0.0,True,False,False,False,,0,0,,,0,0,
35,2016,3,2016q3,New Mexico -- Statewide,72356.33333333333,11.189358265662223,321,New Mexico,NM,7.25,7.5,7.25,7.5,7.25,7.5,31,7.5,2.0149030205422647,240.007,7.174603240738811,1.9705474626587187,Mountain,0.0,0.0,0.0,True,False,False,False,,0,0,,,0,0,
35,2016,4,2016q4,New Mexico -- Statewide,70985.66666666667,11.170233257709087,323,New Mexico,NM,7.25,7.5,7.25,7.5,7.25,7.5,32,7.5,2.0149030205422647,240.007,7.174603240738811,1.9705474626587187,Mountain,0.0,0.0,0.0,True,False,False,False,,0,0,,,0,0,
35,2017,1,2017q1,New Mexico -- Statewide,70148.66666666667,11.158372078459976,310,New Mexico,NM,7.25,7.5,7.25,7.5,7.25,7.5,33,7.5,2.0149030205422647,245.12,7.024946964751958,1.9494676656898113,Mountain,0.0,0.0,0.0,True,False,False,False,,0,0,,,0,0,
35,2017,2,2017q2,New Mexico -- Statewide,72395.33333333333,11.189897119574468,321,New Mexico,NM,7.25,7.5,7.25,7.5,7.25,7.5,34,7.5,2.0149030205422647,245.12,7.024946964751958,1.9494676656898113,Mountain,0.0,0.0,0.0,True,False,False,False,,0,0,,,0,0,
35,2017,3,2017q3,New Mexico -- Statewide,72498.33333333333,11.19131885207278,319,New Mexico,NM,7.25,7.5,7.25,7.5,7.25,7.5,35,7.5,2.0149030205422647,245.12,7.024946964751958,1.9494676656898113,Mountain,0.0,0.0,0.0,True,False,False,False,,0,0,,,0,0,
35,2017,4,2017q4,New Mexico -- Statewide,71579.33333333333,11.178561670688119,330,New Mexico,NM,7.25,7.5,7.25,7.5,7.25,7.5,36,7.5,2.0149030205422647,245.12,7.024946964751958,1.9494676656898113,Mountain,0.0,0.0,0.0,True,False,False,False,,0,0,,,0,0,
35,2018,1,2018q1,New Mexico -- Statewide,71041.66666666667,11.171021838351809,319,New Mexico,NM,7.25,7.5,7.25,7.5,7.25,7.5,37,7.5,2.0149030205422647,251.107,6.857455188425651,1.9253364091273588,Mountain,0.0,0.0,0.0,True,False,False,False,,0,0,,,0,0,
35,2018,2,2018q2,New Mexico -- Statewide,73567.33333333333,11.205956365610874,333,New Mexico,NM,7.25,7.5,7.25,7.5,7.25,7.5,38,7.5,2.0149030205422647,251.107,6.857455188425651,1.9253364091273588,Mountain,0.0,0.0,0.0,True,False,False,False,,0,0,,,0,0,
35,2018,3,2018q3,New Mexico -- Statewide,73840.33333333333,11.209660383431622,333,New Mexico,NM,7.25,7.5,7.25,7.5,7.25,7.5,39,7.5,2.0149030205422647,251.107,6.857455188425651,1.9253364091273588,Mountain,0.0,0.0,0.0,True,False,False,False,,0,0,,,0,0,
35,2018,4,2018q4,New Mexico -- Statewide,72615.33333333333,11.192931381451162,346,New Mexico,NM,7.25,7.5,7.25,7.5,7.25,7.5,40,7.5,2.0149030205422647,251.107,6.857455188425651,1.9253364091273588,Mountain,0.0,0.0,0.0,True,False,False,False,,0,0,,,0,0,
35,2019,1,2019q1,New Mexico -- Statewide,71900.0,11.183031543709138,330,New Mexico,NM,7.25,7.5,7.25,7.5,7.25,7.5,41,7.5,2.0149030205422647,255.657,6.735411117239113,1.907378849905673,Mountain,0.0,0.0,0.0,True,False,False,False,,0,0,,,0,0,
35,2019,2,2019q2,New Mexico -- Statewide,74071.33333333333,11.212783871835374,348,New Mexico,NM,7.25,7.5,7.25,7.5,7.25,7.5,42,7.5,2.0149030205422647,255.657,6.735411117239113,1.907378849905673,Mountain,0.0,0.0,0.0,True,False,False,False,,0,0,,,0,0,
35,2019,3,2019q3,New Mexico -- Statewide,74636.0,11.220378243517139,353,New Mexico,NM,7.25,7.5,7.25,7.5,7.25,7.5,43,7.5,2.0149030205422647,255.657,6.735411117239113,1.907378849905673,Mountain,0.0,0.0,0.0,True,False,False,False,,0,0,,,0,0,
35,2019,4,2019q4,New Mexico -- Statewide,73861.33333333333,11.20994474041439,360,New Mexico,NM,7.25,7.5,7.25,7.5,7.25,7.5,44,7.5,2.0149030205422647,255.657,6.735411117239113,1.907378849905673,Mountain,0.0,0.0,0.0,True,False,False,False,,0,0,,,0,0,
36,2009,1,2009q1,New York -- Statewide,467584.3333333333,13.055335003599033,348,New York,NY,6.55,7.150000095367432,6.550000000000002,7.150000095367432,6.55,7.150000095367432,1,7.150000095367432,1.9671123700440185,214.537,7.651813542166573,2.0349426840786347,Middle Atlantic,,,,True,False,False,False,21.0,21,0,-20.0,21.0,21,0,-20.0
36,2009,2,2009q2,New York -- Statewide,496602.0,13.11554417943432,360,New York,NY,6.55,7.150000095367432,6.550000000000001,7.150000095367432,6.55,7.150000095367432,2,7.150000095367432,1.9671123700440185,214.537,7.651813542166573,2.0349426840786347,Middle Atlantic,0.0,0.0,0.0,True,False,False,False,21.0,21,0,-19.0,21.0,21,0,-19.0
36,2009,3,2009q3,New York -- Statewide,505227.0,13.132763112210906,363,New York,NY,6.55,7.150000095367432,7.075,7.224999904632568,7.25,7.25,3,7.224999904632568,1.9775472207988511,214.537,7.732077115389,2.0453775348334675,Middle Atlantic,0.07499980926513672,0.07499980926513672,0.010434850754832636,True,False,False,False,21.0,21,0,-18.0,21.0,21,0,-18.0
36,2009,4,2009q4,New York -- Statewide,498839.6666666667,13.12004001381753,392,New York,NY,7.25,7.25,7.25,7.25,7.25,7.25,4,7.25,1.9810014688665833,214.537,7.758831809897592,2.0488317829011997,Middle Atlantic,0.02500009536743164,0.02500009536743164,0.003454248067732202,False,False,False,False,21.0,21,0,-17.0,21.0,21,0,-17.0
36,2010,1,2010q1,New York -- Statewide,480262.0,13.082087067304577,350,New York,NY,7.25,7.25,7.25,7.25,7.25,7.25,5,7.25,1.9810014688665833,218.056,7.633619345489231,2.032562090031529,Middle Atlantic,0.0,0.0,0.0,False,False,False,False,21.0,21,0,-16.0,21.0,21,0,-16.0
36,2010,2,2010q2,New York -- Statewide,517844.0,13.157429317583194,367,New York,NY,7.25,7.25,7.25,7.25,7.25,7.25,6,7.25,1.9810014688665833,218.056,7.633619345489231,2.032562090031529,Middle Atlantic,0.0,0.0,0.0,False,False,False,False,21.0,21,0,-15.0,21.0,21,0,-15.0
36,2010,3,2010q3,New York -- Statewide,526555.3333333334,13.174111701583453,376,New York,NY,7.25,7.25,7.25,7.25,7.25,7.25,7,7.25,1.9810014688665833,218.056,7.633619345489231,2.032562090031529,Middle Atlantic,0.0,0.0,0.0,False,False,False,False,21.0,21,0,-14.0,21.0,21,0,-14.0
36,2010,4,2010q4,New York -- Statewide,522819.3333333333,13.1669912404106,403,New York,NY,7.25,7.25,7.25,7.25,7.25,7.25,8,7.25,1.9810014688665833,218.056,7.633619345489231,2.032562090031529,Middle Atlantic,0.0,0.0,0.0,False,False,False,False,21.0,21,0,-13.0,21.0,21,0,-13.0
36,2011,1,2011q1,New York -- Statewide,505943.6666666667,13.134180611373592,359,New York,NY,7.25,7.25,7.25,7.25,7.25,7.25,9,7.25,1.9810014688665833,224.939,7.400035120632705,2.0014847462303083,Middle Atlantic,0.0,0.0,0.0,False,False,False,False,21.0,21,0,-12.0,21.0,21,0,-12.0
36,2011,2,2011q2,New York -- Statewide,544423.6666666666,13.207483021751093,381,New York,NY,7.25,7.25,7.25,7.25,7.25,7.25,10,7.25,1.9810014688665833,224.939,7.400035120632705,2.0014847462303083,Middle Atlantic,0.0,0.0,0.0,False,False,False,False,21.0,21,0,-11.0,21.0,21,0,-11.0
36,2011,3,2011q3,New York -- Statewide,552890.0,13.222914345709215,395,New York,NY,7.25,7.25,7.25,7.25,7.25,7.25,11,7.25,1.9810014688665833,224.939,7.400035120632705,2.0014847462303083,Middle Atlantic,0.0,0.0,0.0,False,False,False,False,21.0,21,0,-10.0,21.0,21,0,-10.0
36,2011,4,2011q4,New York -- Statewide,549520.0,13.216800448887764,399,New York,NY,7.25,7.25,7.25,7.25,7.25,7.25,12,7.25,1.9810014688665833,224.939,7.400035120632705,2.0014847462303083,Middle Atlantic,0.0,0.0,0.0,False,False,False,False,21.0,21,0,-9.0,21.0,21,0,-9.0
36,2012,1,2012q1,New York -- Statewide,533097.6666666666,13.186459925886373,394,New York,NY,7.25,7.25,7.25,7.25,7.25,7.25,13,7.25,1.9810014688665833,229.594,7.25,1.9810014688665833,Middle Atlantic,0.0,0.0,0.0,False,False,False,False,21.0,21,0,-8.0,21.0,21,0,-8.0
36,2012,2,2012q2,New York -- Statewide,569664.3333333334,13.252802577458679,390,New York,NY,7.25,7.25,7.25,7.25,7.25,7.25,14,7.25,1.9810014688665833,229.594,7.25,1.9810014688665833,Middle Atlantic,0.0,0.0,0.0,False,False,False,False,21.0,21,0,-7.0,21.0,21,0,-7.0
36,2012,3,2012q3,New York -- Statewide,582678.6666666666,13.27539114128311,391,New York,NY,7.25,7.25,7.25,7.25,7.25,7.25,15,7.25,1.9810014688665833,229.594,7.25,1.9810014688665833,Middle Atlantic,0.0,0.0,0.0,False,False,False,False,21.0,21,0,-6.0,21.0,21,0,-6.0
36,2012,4,2012q4,New York -- Statewide,575280.0,13.262612157776376,404,New York,NY,7.25,7.25,7.25,7.25,7.25,7.25,16,7.25,1.9810014688665833,229.594,7.25,1.9810014688665833,Middle Atlantic,0.0,0.0,0.0,False,False,False,False,21.0,21,0,-5.0,21.0,21,0,-5.0
36,2013,1,2013q1,New York -- Statewide,555208.0,13.227098097292822,386,New York,NY,7.25,7.25,7.25,7.25,7.25,7.25,17,7.25,1.9810014688665833,232.957,7.14533798082908,1.966460113388207,Middle Atlantic,0.0,0.0,0.0,False,False,False,False,21.0,21,0,-4.0,21.0,21,0,-4.0
36,2013,2,2013q2,New York -- Statewide,600056.0,13.304778263176333,394,New York,NY,7.25,7.25,7.25,7.25,7.25,7.25,18,7.25,1.9810014688665833,232.957,7.14533798082908,1.966460113388207,Middle Atlantic,0.0,0.0,0.0,False,False,False,False,21.0,21,0,-3.0,21.0,21,0,-3.0
36,2013,3,2013q3,New York -- Statewide,607640.3333333334,13.317338428891874,399,New York,NY,7.25,7.25,7.25,7.25,7.25,7.25,19,7.25,1.9810014688665833,232.957,7.14533798082908,1.966460113388207,Middle Atlantic,0.0,0.0,0.0,False,False,False,False,21.0,21,0,-2.0,21.0,21,0,-2.0
36,2013,4,2013q4,New York -- Statewide,606176.3333333334,13.314926201823154,417,New York,NY,7.25,7.25,7.25,7.258152008056641,7.25,8.0,20,7.258152008056641,1.982125252089979,232.957,7.153372305351445,1.9675838966116026,Middle Atlantic,0.008152008056640625,0.008152008056640625,0.0011237832233956802,True,True,False,False,21.0,21,0,-1.0,21.0,21,0,-1.0
36,2014,1,2014q1,New York -- Statewide,581587.0,13.273515852819585,394,New York,NY,7.25,8.0,7.25,8.0,7.25,8.0,21,8.0,2.0794415416798357,236.736,7.758650986753176,2.04880847716962,Middle Atlantic,0.7418479919433594,0.7418479919433594,0.09731628958985672,True,True,True,True,21.0,21,1,0.0,21.0,21,1,0.0
36,2014,2,2014q2,New York -- Statewide,623729.0,13.343471258146439,406,New York,NY,7.25,8.0,7.25,8.0,7.25,8.0,22,8.0,2.0794415416798357,236.736,7.758650986753176,2.04880847716962,Middle Atlantic,0.0,0.0,0.0,True,False,False,False,21.0,21,1,1.0,21.0,21,1,1.0
36,2014,3,2014q3,New York -- Statewide,628673.6666666666,13.351367588122004,414,New York,NY,7.25,8.0,7.25,8.0,7.25,8.0,23,8.0,2.0794415416798357,236.736,7.758650986753176,2.04880847716962,Middle Atlantic,0.0,0.0,0.0,True,False,False,False,21.0,21,1,2.0,21.0,21,1,2.0
36,2014,4,2014q4,New York -- Statewide,627412.3333333334,13.349359232392702,433,New York,NY,7.25,8.0,7.25,8.00815200805664,7.25,8.75,24,8.00815200805664,2.080460023857818,236.736,7.7665570599222615,2.049826959347602,Middle Atlantic,0.008152008056640625,0.008152008056640625,0.0010184821779821718,True,True,False,False,21.0,21,1,3.0,21.0,21,1,3.0
36,2015,1,2015q1,New York -- Statewide,604894.6666666666,13.312809617171803,406,New York,NY,7.25,8.75,7.25,8.75,7.25,8.75,25,8.75,2.169053700369523,237.017,8.475963749435694,2.137234363548829,Middle Atlantic,0.7418479919433594,0.7418479919433594,0.08859367651170524,True,True,True,True,21.0,21,1,4.0,21.0,21,1,4.0
36,2015,2,2015q2,New York -- Statewide,646092.6666666666,13.378698219329648,422,New York,NY,7.25,8.75,7.25,8.75,7.25,8.75,26,8.75,2.169053700369523,237.017,8.475963749435694,2.137234363548829,Middle Atlantic,0.0,0.0,0.0,True,False,False,False,21.0,21,1,5.0,21.0,21,1,5.0
36,2015,3,2015q3,New York -- Statewide,652516.3333333334,13.388591449794172,429,New York,NY,7.25,8.75,7.25,8.75,7.25,8.75,27,8.75,2.169053700369523,237.017,8.475963749435694,2.137234363548829,Middle Atlantic,0.0,0.0,0.0,True,False,False,False,21.0,21,1,6.0,21.0,21,1,6.0
36,2015,4,2015q4,New York -- Statewide,646325.3333333334,13.379058267965895,461,New York,NY,7.25,8.75,7.25,8.752717018127441,7.25,9.0,28,8.752717018127441,2.1693641685267187,237.017,8.47859567482481,2.137544831706025,Middle Atlantic,0.0027170181274414062,0.0027170181274414062,0.00031046815719548704,True,False,False,False,21.0,21,1,7.0,21.0,21,1,7.0
36,2016,1,2016q1,New York -- Statewide,619126.0,13.336064085071952,428,New York,NY,7.25,9.0,7.25,9.0,7.25,9.0,29,9.0,2.1972245773362196,240.007,8.609523888886574,2.152869019452673,Middle Atlantic,0.2472829818725586,0.2472829818725586,0.027860408809500914,True,True,True,False,21.0,21,1,8.0,21.0,21,1,8.0
36,2016,2,2016q2,New York -- Statewide,661055.3333333334,13.401592826878368,447,New York,NY,7.25,9.0,7.25,9.0,7.25,9.0,30,9.0,2.1972245773362196,240.007,8.609523888886574,2.152869019452673,Middle Atlantic,0.0,0.0,0.0,True,False,False,False,21.0,21,1,9.0,21.0,21,1,9.0
36,2016,3,2016q3,New York -- Statewide,666067.6666666666,13.409146545963035,471,New York,NY,7.25,9.0,7.25,9.0,7.25,9.0,31,9.0,2.1972245773362196,240.007,8.609523888886574,2.152869019452673,Middle Atlantic,0.0,0.0,0.0,True,False,False,False,21.0,21,1,10.0,21.0,21,1,10.0
36,2016,4,2016q4,New York -- Statewide,656979.0,13.395407333485585,473,New York,NY,7.25,9.0,7.25,9.007608413696289,7.25,9.699999809265137,32,9.007608413696289,2.198069599503987,240.007,8.616802202161544,2.153714041620441,Middle Atlantic,0.0076084136962890625,0.0076084136962890625,0.0008450221677676062,True,True,False,False,21.0,21,1,11.0,21.0,21,1,11.0
36,2017,1,2017q1,New York -- Statewide,643085.6666666666,13.374033223998143,459,New York,NY,7.25,9.699999809265137,7.25,9.699999809265137,7.25,9.699999809265137,33,9.699999809265137,2.272125865845949,245.12,9.085597895758893,2.2066905109934956,Middle Atlantic,0.6923913955688477,0.6923913955688477,0.07405626634196194,True,True,True,True,21.0,21,1,12.0,21.0,21,1,12.0
36,2017,2,2017q2,New York -- Statewide,682082.0,13.432905164202104,472,New York,NY,7.25,9.699999809265137,7.25,9.699999809265137,7.25,9.699999809265137,34,9.699999809265137,2.272125865845949,245.12,9.085597895758893,2.2066905109934956,Middle Atlantic,0.0,0.0,0.0,True,False,False,False,21.0,21,1,13.0,21.0,21,1,13.0
36,2017,3,2017q3,New York -- Statewide,690246.3333333334,13.444803817693298,473,New York,NY,7.25,9.699999809265137,7.25,9.699999809265137,7.25,9.699999809265137,35,9.699999809265137,2.272125865845949,245.12,9.085597895758893,2.2066905109934956,Middle Atlantic,0.0,0.0,0.0,True,False,False,False,21.0,21,1,14.0,21.0,21,1,14.0
36,2017,4,2017q4,New York -- Statewide,681791.6666666666,13.432479416063087,496,New York,NY,7.25,9.699999809265137,7.25,9.707608222961426,7.25,10.399999618530273,36,9.707608222961426,2.2729099309479888,245.12,9.092724389452535,2.207474576095535,Middle Atlantic,0.0076084136962890625,0.0076084136962890625,0.000784065102039655,True,True,False,False,21.0,21,1,15.0,21.0,21,1,15.0
36,2018,1,2018q1,New York -- Statewide,650535.3333333334,13.385550892651475,480,New York,NY,7.25,10.399999618530273,7.25,10.399999618530273,7.25,10.399999618530273,37,10.399999618530273,2.3418057694675447,251.107,9.50900417916203,2.2522391580526393,Middle Atlantic,0.6923913955688477,0.6923913955688477,0.06889583851955594,True,True,True,True,21.0,21,1,16.0,21.0,21,1,16.0
36,2018,2,2018q2,New York -- Statewide,688734.0,13.442610408689411,497,New York,NY,7.25,10.399999618530273,7.25,10.399999618530273,7.25,10.399999618530273,38,10.399999618530273,2.3418057694675447,251.107,9.50900417916203,2.2522391580526393,Middle Atlantic,0.0,0.0,0.0,True,False,False,False,21.0,21,1,17.0,21.0,21,1,17.0
36,2018,3,2018q3,New York -- Statewide,690627.0,13.445355159611664,502,New York,NY,7.25,10.399999618530273,7.25,10.399999618530273,7.25,10.399999618530273,39,10.399999618530273,2.3418057694675447,251.107,9.50900417916203,2.2522391580526393,Middle Atlantic,0.0,0.0,0.0,True,False,False,False,21.0,21,1,18.0,21.0,21,1,18.0
36,2018,4,2018q4,New York -- Statewide,679312.0,13.428835800266999,529,New York,NY,7.25,10.399999618530273,7.25,10.407608032226562,7.25,11.100000381469727,40,10.407608032226562,2.34253708026147,251.107,9.515960759959002,2.252970468846564,Middle Atlantic,0.0076084136962890625,0.0076084136962890625,0.0007313107939252994,True,True,False,False,21.0,21,1,19.0,21.0,21,1,19.0
36,2019,1,2019q1,New York -- Statewide,651211.3333333334,13.386589497286428,508,New York,NY,7.25,11.100000381469727,7.25,11.100000381469727,7.25,11.100000381469727,41,11.100000381469727,2.40694514268493,255.657,9.968408796094613,2.2994209720483383,Middle Atlantic,0.6923923492431641,0.6923923492431641,0.06440806242345998,True,True,True,True,21.0,21,1,20.0,21.0,21,1,20.0
36,2019,2,2019q2,New York -- Statewide,686860.6666666666,13.439886736467033,528,New York,NY,7.25,11.100000381469727,7.25,11.100000381469727,7.25,11.100000381469727,42,11.100000381469727,2.40694514268493,255.657,9.968408796094613,2.2994209720483383,Middle Atlantic,0.0,0.0,0.0,True,False,False,False,21.0,21,1,21.0,21.0,21,1,21.0
36,2019,3,2019q3,New York -- Statewide,689601.3333333334,13.443868931817764,534,New York,NY,7.25,11.100000381469727,7.25,11.100000381469727,7.25,11.100000381469727,43,11.100000381469727,2.40694514268493,255.657,9.968408796094613,2.2994209720483383,Middle Atlantic,0.0,0.0,0.0,True,False,False,False,21.0,21,1,22.0,21.0,21,1,22.0
36,2019,4,2019q4,New York -- Statewide,677047.0,13.425495973413781,561,New York,NY,7.25,11.100000381469727,7.25,11.107608795166016,7.25,11.800000190734863,44,11.107608795166016,2.407630350528193,255.657,9.975241568653884,2.300106179891601,Middle Atlantic,0.0076084136962890625,0.0076084136962890625,0.0006852078432628694,True,True,False,False,21.0,21,1,23.0,21.0,21,1,23.0
37,2009,1,2009q1,North Carolina -- Statewide,292603.6666666667,12.586574298817965,248,North Carolina,NC,6.55,6.550000190734863,6.550000000000002,6.550000190734863,6.55,6.550000190734863,1,6.550000190734863,1.8794650787669867,214.537,7.009703425477097,1.9472953928016028,South Atlantic,,,,False,False,False,False,,0,0,,,0,0,
37,2009,2,2009q2,North Carolina -- Statewide,304410.6666666667,12.626132945967639,256,North Carolina,NC,6.55,6.550000190734863,6.550000000000001,6.550000190734863,6.55,6.550000190734863,2,6.550000190734863,1.8794650787669867,214.537,7.009703425477097,1.9472953928016028,South Atlantic,0.0,0.0,0.0,False,False,False,False,,0,0,,,0,0,
37,2009,3,2009q3,North Carolina -- Statewide,303806.0,12.624144618784202,266,North Carolina,NC,6.55,6.550000190734863,7.075,7.074999809265137,7.25,7.25,3,7.075,1.9565674435293015,214.537,7.571549662762134,2.024397757563918,South Atlantic,0.5249996185302734,0.5249998092651369,0.0771023647623148,False,False,False,False,,0,0,,,0,0,
37,2009,4,2009q4,North Carolina -- Statewide,295815.3333333333,12.59749066474204,272,North Carolina,NC,7.25,7.25,7.25,7.25,7.25,7.25,4,7.25,1.9810014688665833,214.537,7.758831809897592,2.0488317829011997,South Atlantic,0.17500019073486328,0.17499999999999982,0.024434025337281895,False,False,False,False,,0,0,,,0,0,
37,2010,1,2010q1,North Carolina -- Statewide,286348.3333333333,12.564964297422083,258,North Carolina,NC,7.25,7.25,7.25,7.25,7.25,7.25,5,7.25,1.9810014688665833,218.056,7.633619345489231,2.032562090031529,South Atlantic,0.0,0.0,0.0,False,False,False,False,,0,0,,,0,0,
37,2010,2,2010q2,North Carolina -- Statewide,302004.0,12.618195541302404,269,North Carolina,NC,7.25,7.25,7.25,7.25,7.25,7.25,6,7.25,1.9810014688665833,218.056,7.633619345489231,2.032562090031529,South Atlantic,0.0,0.0,0.0,False,False,False,False,,0,0,,,0,0,
37,2010,3,2010q3,North Carolina -- Statewide,306582.3333333333,12.63324162253768,278,North Carolina,NC,7.25,7.25,7.25,7.25,7.25,7.25,7,7.25,1.9810014688665833,218.056,7.633619345489231,2.032562090031529,South Atlantic,0.0,0.0,0.0,False,False,False,False,,0,0,,,0,0,
37,2010,4,2010q4,North Carolina -- Statewide,302102.3333333333,12.618521091056731,284,North Carolina,NC,7.25,7.25,7.25,7.25,7.25,7.25,8,7.25,1.9810014688665833,218.056,7.633619345489231,2.032562090031529,South Atlantic,0.0,0.0,0.0,False,False,False,False,,0,0,,,0,0,
37,2011,1,2011q1,North Carolina -- Statewide,293292.3333333333,12.58892511528989,262,North Carolina,NC,7.25,7.25,7.25,7.25,7.25,7.25,9,7.25,1.9810014688665833,224.939,7.400035120632705,2.0014847462303083,South Atlantic,0.0,0.0,0.0,False,False,False,False,,0,0,,,0,0,
37,2011,2,2011q2,North Carolina -- Statewide,310019.0,12.644388864905734,271,North Carolina,NC,7.25,7.25,7.25,7.25,7.25,7.25,10,7.25,1.9810014688665833,224.939,7.400035120632705,2.0014847462303083,South Atlantic,0.0,0.0,0.0,False,False,False,False,,0,0,,,0,0,
37,2011,3,2011q3,North Carolina -- Statewide,310404.3333333333,12.645631027674854,284,North Carolina,NC,7.25,7.25,7.25,7.25,7.25,7.25,11,7.25,1.9810014688665833,224.939,7.400035120632705,2.0014847462303083,South Atlantic,0.0,0.0,0.0,False,False,False,False,,0,0,,,0,0,
37,2011,4,2011q4,North Carolina -- Statewide,306300.6666666667,12.632322469333896,282,North Carolina,NC,7.25,7.25,7.25,7.25,7.25,7.25,12,7.25,1.9810014688665833,224.939,7.400035120632705,2.0014847462303083,South Atlantic,0.0,0.0,0.0,False,False,False,False,,0,0,,,0,0,
37,2012,1,2012q1,North Carolina -- Statewide,303930.6666666667,12.624554884200963,276,North Carolina,NC,7.25,7.25,7.25,7.25,7.25,7.25,13,7.25,1.9810014688665833,229.594,7.25,1.9810014688665833,South Atlantic,0.0,0.0,0.0,False,False,False,False,,0,0,,,0,0,
37,2012,2,2012q2,North Carolina -- Statewide,321427.6666666667,12.680527810306513,277,North Carolina,NC,7.25,7.25,7.25,7.25,7.25,7.25,14,7.25,1.9810014688665833,229.594,7.25,1.9810014688665833,South Atlantic,0.0,0.0,0.0,False,False,False,False,,0,0,,,0,0,
37,2012,3,2012q3,North Carolina -- Statewide,325568.3333333333,12.693327652033561,280,North Carolina,NC,7.25,7.25,7.25,7.25,7.25,7.25,15,7.25,1.9810014688665833,229.594,7.25,1.9810014688665833,South Atlantic,0.0,0.0,0.0,False,False,False,False,,0,0,,,0,0,
37,2012,4,2012q4,North Carolina -- Statewide,320830.6666666667,12.678668744753113,290,North Carolina,NC,7.25,7.25,7.25,7.25,7.25,7.25,16,7.25,1.9810014688665833,229.594,7.25,1.9810014688665833,South Atlantic,0.0,0.0,0.0,False,False,False,False,,0,0,,,0,0,
37,2013,1,2013q1,North Carolina -- Statewide,315718.0,12.662604689075302,272,North Carolina,NC,7.25,7.25,7.25,7.25,7.25,7.25,17,7.25,1.9810014688665833,232.957,7.14533798082908,1.966460113388207,South Atlantic,0.0,0.0,0.0,False,False,False,False,,0,0,,,0,0,
37,2013,2,2013q2,North Carolina -- Statewide,334935.0,12.72169176213023,281,North Carolina,NC,7.25,7.25,7.25,7.25,7.25,7.25,18,7.25,1.9810014688665833,232.957,7.14533798082908,1.966460113388207,South Atlantic,0.0,0.0,0.0,False,False,False,False,,0,0,,,0,0,
37,2013,3,2013q3,North Carolina -- Statewide,338784.0,12.733118015143106,284,North Carolina,NC,7.25,7.25,7.25,7.25,7.25,7.25,19,7.25,1.9810014688665833,232.957,7.14533798082908,1.966460113388207,South Atlantic,0.0,0.0,0.0,False,False,False,False,,0,0,,,0,0,
37,2013,4,2013q4,North Carolina -- Statewide,334814.6666666667,12.721332423886055,290,North Carolina,NC,7.25,7.25,7.25,7.25,7.25,7.25,20,7.25,1.9810014688665833,232.957,7.14533798082908,1.966460113388207,South Atlantic,0.0,0.0,0.0,False,False,False,False,,0,0,,,0,0,
37,2014,1,2014q1,North Carolina -- Statewide,326567.3333333333,12.696391434103798,274,North Carolina,NC,7.25,7.25,7.25,7.25,7.25,7.25,21,7.25,1.9810014688665833,236.736,7.031277456745066,1.9503684043563676,South Atlantic,0.0,0.0,0.0,False,False,False,False,,0,0,,,0,0,
37,2014,2,2014q2,North Carolina -- Statewide,346731.0,12.756304542155256,285,North Carolina,NC,7.25,7.25,7.25,7.25,7.25,7.25,22,7.25,1.9810014688665833,236.736,7.031277456745066,1.9503684043563676,South Atlantic,0.0,0.0,0.0,False,False,False,False,,0,0,,,0,0,
37,2014,3,2014q3,North Carolina -- Statewide,348261.6666666667,12.760709391918432,290,North Carolina,NC,7.25,7.25,7.25,7.25,7.25,7.25,23,7.25,1.9810014688665833,236.736,7.031277456745066,1.9503684043563676,South Atlantic,0.0,0.0,0.0,False,False,False,False,,0,0,,,0,0,
37,2014,4,2014q4,North Carolina -- Statewide,344122.6666666667,12.748753461940023,300,North Carolina,NC,7.25,7.25,7.25,7.25,7.25,7.25,24,7.25,1.9810014688665833,236.736,7.031277456745066,1.9503684043563676,South Atlantic,0.0,0.0,0.0,False,False,False,False,,0,0,,,0,0,
37,2015,1,2015q1,North Carolina -- Statewide,339064.6666666667,12.73394612529957,282,North Carolina,NC,7.25,7.25,7.25,7.25,7.25,7.25,25,7.25,1.9810014688665833,237.017,7.022941392389575,1.9491821320458897,South Atlantic,0.0,0.0,0.0,False,False,False,False,,0,0,,,0,0,
37,2015,2,2015q2,North Carolina -- Statewide,357835.0,12.78782726528387,294,North Carolina,NC,7.25,7.25,7.25,7.25,7.25,7.25,26,7.25,1.9810014688665833,237.017,7.022941392389575,1.9491821320458897,South Atlantic,0.0,0.0,0.0,False,False,False,False,,0,0,,,0,0,
37,2015,3,2015q3,North Carolina -- Statewide,360688.6666666667,12.795770446011714,302,North Carolina,NC,7.25,7.25,7.25,7.25,7.25,7.25,27,7.25,1.9810014688665833,237.017,7.022941392389575,1.9491821320458897,South Atlantic,0.0,0.0,0.0,False,False,False,False,,0,0,,,0,0,
37,2015,4,2015q4,North Carolina -- Statewide,358698.6666666667,12.790237946386805,313,North Carolina,NC,7.25,7.25,7.25,7.25,7.25,7.25,28,7.25,1.9810014688665833,237.017,7.022941392389575,1.9491821320458897,South Atlantic,0.0,0.0,0.0,False,False,False,False,,0,0,,,0,0,
37,2016,1,2016q1,North Carolina -- Statewide,354223.0,12.777681937287616,290,North Carolina,NC,7.25,7.25,7.25,7.25,7.25,7.25,29,7.25,1.9810014688665833,240.007,6.935449799380851,1.9366459109830372,South Atlantic,0.0,0.0,0.0,False,False,False,False,,0,0,,,0,0,
37,2016,2,2016q2,North Carolina -- Statewide,374796.3333333333,12.834138046303176,302,North Carolina,NC,7.25,7.25,7.25,7.25,7.25,7.25,30,7.25,1.9810014688665833,240.007,6.935449799380851,1.9366459109830372,South Atlantic,0.0,0.0,0.0,False,False,False,False,,0,0,,,0,0,
37,2016,3,2016q3,North Carolina -- Statewide,374034.3333333333,12.83210287253978,320,North Carolina,NC,7.25,7.25,7.25,7.25,7.25,7.25,31,7.25,1.9810014688665833,240.007,6.935449799380851,1.9366459109830372,South Atlantic,0.0,0.0,0.0,False,False,False,False,,0,0,,,0,0,
37,2016,4,2016q4,North Carolina -- Statewide,370134.0,12.821620381217683,316,North Carolina,NC,7.25,7.25,7.25,7.25,7.25,7.25,32,7.25,1.9810014688665833,240.007,6.935449799380851,1.9366459109830372,South Atlantic,0.0,0.0,0.0,False,False,False,False,,0,0,,,0,0,
37,2017,1,2017q1,North Carolina -- Statewide,365694.6666666667,12.80955402012811,309,North Carolina,NC,7.25,7.25,7.25,7.25,7.25,7.25,33,7.25,1.9810014688665833,245.12,6.7907820659268925,1.9155661140141298,South Atlantic,0.0,0.0,0.0,False,False,False,False,,0,0,,,0,0,
37,2017,2,2017q2,North Carolina -- Statewide,383168.6666666667,12.856230554164362,313,North Carolina,NC,7.25,7.25,7.25,7.25,7.25,7.25,34,7.25,1.9810014688665833,245.12,6.7907820659268925,1.9155661140141298,South Atlantic,0.0,0.0,0.0,False,False,False,False,,0,0,,,0,0,
37,2017,3,2017q3,North Carolina -- Statewide,384994.0,12.860983028732898,320,North Carolina,NC,7.25,7.25,7.25,7.25,7.25,7.25,35,7.25,1.9810014688665833,245.12,6.7907820659268925,1.9155661140141298,South Atlantic,0.0,0.0,0.0,False,False,False,False,,0,0,,,0,0,
37,2017,4,2017q4,North Carolina -- Statewide,380489.0,12.849212546536165,326,North Carolina,NC,7.25,7.25,7.25,7.25,7.25,7.25,36,7.25,1.9810014688665833,245.12,6.7907820659268925,1.9155661140141298,South Atlantic,0.0,0.0,0.0,False,False,False,False,,0,0,,,0,0,
37,2018,1,2018q1,North Carolina -- Statewide,374867.3333333333,12.834327464580648,316,North Carolina,NC,7.25,7.25,7.25,7.25,7.25,7.25,37,7.25,1.9810014688665833,251.107,6.628873348811463,1.8914348574516775,South Atlantic,0.0,0.0,0.0,False,False,False,False,,0,0,,,0,0,
37,2018,2,2018q2,North Carolina -- Statewide,391288.0,12.877199140720851,324,North Carolina,NC,7.25,7.25,7.25,7.25,7.25,7.25,38,7.25,1.9810014688665833,251.107,6.628873348811463,1.8914348574516775,South Atlantic,0.0,0.0,0.0,False,False,False,False,,0,0,,,0,0,
37,2018,3,2018q3,North Carolina -- Statewide,389400.6666666667,12.87236408395438,333,North Carolina,NC,7.25,7.25,7.25,7.25,7.25,7.25,39,7.25,1.9810014688665833,251.107,6.628873348811463,1.8914348574516775,South Atlantic,0.0,0.0,0.0,False,False,False,False,,0,0,,,0,0,
37,2018,4,2018q4,North Carolina -- Statewide,385917.6666666667,12.863379326904527,345,North Carolina,NC,7.25,7.25,7.25,7.25,7.25,7.25,40,7.25,1.9810014688665833,251.107,6.628873348811463,1.8914348574516775,South Atlantic,0.0,0.0,0.0,False,False,False,False,,0,0,,,0,0,
37,2019,1,2019q1,North Carolina -- Statewide,383684.6666666667,12.857576313660857,330,North Carolina,NC,7.25,7.25,7.25,7.25,7.25,7.25,41,7.25,1.9810014688665833,255.657,6.510897413331143,1.8734772982299916,South Atlantic,0.0,0.0,0.0,False,False,False,False,,0,0,,,0,0,
37,2019,2,2019q2,North Carolina -- Statewide,399168.0,12.897137659885795,338,North Carolina,NC,7.25,7.25,7.25,7.25,7.25,7.25,42,7.25,1.9810014688665833,255.657,6.510897413331143,1.8734772982299916,South Atlantic,0.0,0.0,0.0,False,False,False,False,,0,0,,,0,0,
37,2019,3,2019q3,North Carolina -- Statewide,398508.6666666667,12.89548452519842,348,North Carolina,NC,7.25,7.25,7.25,7.25,7.25,7.25,43,7.25,1.9810014688665833,255.657,6.510897413331143,1.8734772982299916,South Atlantic,0.0,0.0,0.0,False,False,False,False,,0,0,,,0,0,
37,2019,4,2019q4,North Carolina -- Statewide,395480.6666666667,12.887857181724897,358,North Carolina,NC,7.25,7.25,7.25,7.25,7.25,7.25,44,7.25,1.9810014688665833,255.657,6.510897413331143,1.8734772982299916,South Atlantic,0.0,0.0,0.0,False,False,False,False,,0,0,,,0,0,
38,2009,1,2009q1,North Dakota -- Statewide,23983.0,10.085100525010166,217,North Dakota,ND,6.55,6.550000190734863,6.550000000000002,6.550000190734863,6.55,6.550000190734863,1,6.550000190734863,1.8794650787669867,214.537,7.009703425477097,1.9472953928016028,West North Central,,,,False,False,False,False,,0,0,,,0,0,
38,2009,2,2009q2,North Dakota -- Statewide,25104.0,10.130782474972813,216,North Dakota,ND,6.55,6.550000190734863,6.550000000000001,6.550000190734863,6.55,6.550000190734863,2,6.550000190734863,1.8794650787669867,214.537,7.009703425477097,1.9472953928016028,West North Central,0.0,0.0,0.0,False,False,False,False,,0,0,,,0,0,
38,2009,3,2009q3,North Dakota -- Statewide,25058.0,10.128948416805498,235,North Dakota,ND,6.55,6.550000190734863,7.075,7.074999809265137,7.25,7.25,3,7.075,1.9565674435293015,214.537,7.571549662762134,2.024397757563918,West North Central,0.5249996185302734,0.5249998092651369,0.0771023647623148,False,False,False,False,,0,0,,,0,0,
38,2009,4,2009q4,North Dakota -- Statewide,24740.0,10.11617664594648,235,North Dakota,ND,7.25,7.25,7.25,7.25,7.25,7.25,4,7.25,1.9810014688665833,214.537,7.758831809897592,2.0488317829011997,West North Central,0.17500019073486328,0.17499999999999982,0.024434025337281895,False,False,False,False,,0,0,,,0,0,
38,2010,1,2010q1,North Dakota -- Statewide,23925.666666666668,10.082707080788389,224,North Dakota,ND,7.25,7.25,7.25,7.25,7.25,7.25,5,7.25,1.9810014688665833,218.056,7.633619345489231,2.032562090031529,West North Central,0.0,0.0,0.0,False,False,False,False,,0,0,,,0,0,
38,2010,2,2010q2,North Dakota -- Statewide,25111.666666666668,10.13108782456728,234,North Dakota,ND,7.25,7.25,7.25,7.25,7.25,7.25,6,7.25,1.9810014688665833,218.056,7.633619345489231,2.032562090031529,West North Central,0.0,0.0,0.0,False,False,False,False,,0,0,,,0,0,
38,2010,3,2010q3,North Dakota -- Statewide,25021.0,10.127470751247781,247,North Dakota,ND,7.25,7.25,7.25,7.25,7.25,7.25,7,7.25,1.9810014688665833,218.056,7.633619345489231,2.032562090031529,West North Central,0.0,0.0,0.0,False,False,False,False,,0,0,,,0,0,
38,2010,4,2010q4,North Dakota -- Statewide,25208.333333333332,10.134929906665032,251,North Dakota,ND,7.25,7.25,7.25,7.25,7.25,7.25,8,7.25,1.9810014688665833,218.056,7.633619345489231,2.032562090031529,West North Central,0.0,0.0,0.0,False,False,False,False,,0,0,,,0,0,
38,2011,1,2011q1,North Dakota -- Statewide,24737.333333333332,10.116068852478659,238,North Dakota,ND,7.25,7.25,7.25,7.25,7.25,7.25,9,7.25,1.9810014688665833,224.939,7.400035120632705,2.0014847462303083,West North Central,0.0,0.0,0.0,False,False,False,False,,0,0,,,0,0,
38,2011,2,2011q2,North Dakota -- Statewide,25777.666666666668,10.157263762958111,248,North Dakota,ND,7.25,7.25,7.25,7.25,7.25,7.25,10,7.25,1.9810014688665833,224.939,7.400035120632705,2.0014847462303083,West North Central,0.0,0.0,0.0,False,False,False,False,,0,0,,,0,0,
38,2011,3,2011q3,North Dakota -- Statewide,25869.666666666668,10.160826390159555,268,North Dakota,ND,7.25,7.25,7.25,7.25,7.25,7.25,11,7.25,1.9810014688665833,224.939,7.400035120632705,2.0014847462303083,West North Central,0.0,0.0,0.0,False,False,False,False,,0,0,,,0,0,
38,2011,4,2011q4,North Dakota -- Statewide,26543.333333333332,10.18653389658338,270,North Dakota,ND,7.25,7.25,7.25,7.25,7.25,7.25,12,7.25,1.9810014688665833,224.939,7.400035120632705,2.0014847462303083,West North Central,0.0,0.0,0.0,False,False,False,False,,0,0,,,0,0,
38,2012,1,2012q1,North Dakota -- Statewide,26296.333333333332,10.177184791462881,258,North Dakota,ND,7.25,7.25,7.25,7.25,7.25,7.25,13,7.25,1.9810014688665833,229.594,7.25,1.9810014688665833,West North Central,0.0,0.0,0.0,False,False,False,False,,0,0,,,0,0,
38,2012,2,2012q2,North Dakota -- Statewide,27163.666666666668,10.209635575015211,267,North Dakota,ND,7.25,7.25,7.25,7.25,7.25,7.25,14,7.25,1.9810014688665833,229.594,7.25,1.9810014688665833,West North Central,0.0,0.0,0.0,False,False,False,False,,0,0,,,0,0,
38,2012,3,2012q3,North Dakota -- Statewide,27329.333333333332,10.21571588540591,276,North Dakota,ND,7.25,7.25,7.25,7.25,7.25,7.25,15,7.25,1.9810014688665833,229.594,7.25,1.9810014688665833,West North Central,0.0,0.0,0.0,False,False,False,False,,0,0,,,0,0,
38,2012,4,2012q4,North Dakota -- Statewide,27293.0,10.214385538037911,287,North Dakota,ND,7.25,7.25,7.25,7.25,7.25,7.25,16,7.25,1.9810014688665833,229.594,7.25,1.9810014688665833,West North Central,0.0,0.0,0.0,False,False,False,False,,0,0,,,0,0,
38,2013,1,2013q1,North Dakota -- Statewide,26817.666666666668,10.196816153299542,270,North Dakota,ND,7.25,7.25,7.25,7.25,7.25,7.25,17,7.25,1.9810014688665833,232.957,7.14533798082908,1.966460113388207,West North Central,0.0,0.0,0.0,False,False,False,False,,0,0,,,0,0,
38,2013,2,2013q2,North Dakota -- Statewide,27442.666666666668,10.219854258847818,283,North Dakota,ND,7.25,7.25,7.25,7.25,7.25,7.25,18,7.25,1.9810014688665833,232.957,7.14533798082908,1.966460113388207,West North Central,0.0,0.0,0.0,False,False,False,False,,0,0,,,0,0,
38,2013,3,2013q3,North Dakota -- Statewide,27683.333333333332,10.228585826373331,298,North Dakota,ND,7.25,7.25,7.25,7.25,7.25,7.25,19,7.25,1.9810014688665833,232.957,7.14533798082908,1.966460113388207,West North Central,0.0,0.0,0.0,False,False,False,False,,0,0,,,0,0,
38,2013,4,2013q4,North Dakota -- Statewide,27882.666666666668,10.235760508315785,302,North Dakota,ND,7.25,7.25,7.25,7.25,7.25,7.25,20,7.25,1.9810014688665833,232.957,7.14533798082908,1.966460113388207,West North Central,0.0,0.0,0.0,False,False,False,False,,0,0,,,0,0,
38,2014,1,2014q1,North Dakota -- Statewide,27219.0,10.211670537837739,291,North Dakota,ND,7.25,7.25,7.25,7.25,7.25,7.25,21,7.25,1.9810014688665833,236.736,7.031277456745066,1.9503684043563676,West North Central,0.0,0.0,0.0,False,False,False,False,,0,0,,,0,0,
38,2014,2,2014q2,North Dakota -- Statewide,28364.333333333332,10.252887766340919,303,North Dakota,ND,7.25,7.25,7.25,7.25,7.25,7.25,22,7.25,1.9810014688665833,236.736,7.031277456745066,1.9503684043563676,West North Central,0.0,0.0,0.0,False,False,False,False,,0,0,,,0,0,
38,2014,3,2014q3,North Dakota -- Statewide,28586.0,10.260672366469061,314,North Dakota,ND,7.25,7.25,7.25,7.25,7.25,7.25,23,7.25,1.9810014688665833,236.736,7.031277456745066,1.9503684043563676,West North Central,0.0,0.0,0.0,False,False,False,False,,0,0,,,0,0,
38,2014,4,2014q4,North Dakota -- Statewide,28739.666666666668,10.266033561328689,323,North Dakota,ND,7.25,7.25,7.25,7.25,7.25,7.25,24,7.25,1.9810014688665833,236.736,7.031277456745066,1.9503684043563676,West North Central,0.0,0.0,0.0,False,False,False,False,,0,0,,,0,0,
38,2015,1,2015q1,North Dakota -- Statewide,27941.0,10.237850423151144,306,North Dakota,ND,7.25,7.25,7.25,7.25,7.25,7.25,25,7.25,1.9810014688665833,237.017,7.022941392389575,1.9491821320458897,West North Central,0.0,0.0,0.0,False,False,False,False,,0,0,,,0,0,
38,2015,2,2015q2,North Dakota -- Statewide,28771.0,10.267123214370452,316,North Dakota,ND,7.25,7.25,7.25,7.25,7.25,7.25,26,7.25,1.9810014688665833,237.017,7.022941392389575,1.9491821320458897,West North Central,0.0,0.0,0.0,False,False,False,False,,0,0,,,0,0,
38,2015,3,2015q3,North Dakota -- Statewide,28375.666666666668,10.253287249368203,324,North Dakota,ND,7.25,7.25,7.25,7.25,7.25,7.25,27,7.25,1.9810014688665833,237.017,7.022941392389575,1.9491821320458897,West North Central,0.0,0.0,0.0,False,False,False,False,,0,0,,,0,0,
38,2015,4,2015q4,North Dakota -- Statewide,28373.333333333332,10.253205015907362,330,North Dakota,ND,7.25,7.25,7.25,7.25,7.25,7.25,28,7.25,1.9810014688665833,237.017,7.022941392389575,1.9491821320458897,West North Central,0.0,0.0,0.0,False,False,False,False,,0,0,,,0,0,
38,2016,1,2016q1,North Dakota -- Statewide,27344.0,10.216252405355371,305,North Dakota,ND,7.25,7.25,7.25,7.25,7.25,7.25,29,7.25,1.9810014688665833,240.007,6.935449799380851,1.9366459109830372,West North Central,0.0,0.0,0.0,False,False,False,False,,0,0,,,0,0,
38,2016,2,2016q2,North Dakota -- Statewide,27807.0,10.233043066543942,320,North Dakota,ND,7.25,7.25,7.25,7.25,7.25,7.25,30,7.25,1.9810014688665833,240.007,6.935449799380851,1.9366459109830372,West North Central,0.0,0.0,0.0,False,False,False,False,,0,0,,,0,0,
38,2016,3,2016q3,North Dakota -- Statewide,27940.666666666668,10.237838493180075,332,North Dakota,ND,7.25,7.25,7.25,7.25,7.25,7.25,31,7.25,1.9810014688665833,240.007,6.935449799380851,1.9366459109830372,West North Central,0.0,0.0,0.0,False,False,False,False,,0,0,,,0,0,
38,2016,4,2016q4,North Dakota -- Statewide,28017.666666666668,10.240590542571528,324,North Dakota,ND,7.25,7.25,7.25,7.25,7.25,7.25,32,7.25,1.9810014688665833,240.007,6.935449799380851,1.9366459109830372,West North Central,0.0,0.0,0.0,False,False,False,False,,0,0,,,0,0,
38,2017,1,2017q1,North Dakota -- Statewide,27300.333333333332,10.21465419111072,313,North Dakota,ND,7.25,7.25,7.25,7.25,7.25,7.25,33,7.25,1.9810014688665833,245.12,6.7907820659268925,1.9155661140141298,West North Central,0.0,0.0,0.0,False,False,False,False,,0,0,,,0,0,
38,2017,2,2017q2,North Dakota -- Statewide,28014.333333333332,10.2404715629407,325,North Dakota,ND,7.25,7.25,7.25,7.25,7.25,7.25,34,7.25,1.9810014688665833,245.12,6.7907820659268925,1.9155661140141298,West North Central,0.0,0.0,0.0,False,False,False,False,,0,0,,,0,0,
38,2017,3,2017q3,North Dakota -- Statewide,28235.0,10.248317622106937,326,North Dakota,ND,7.25,7.25,7.25,7.25,7.25,7.25,35,7.25,1.9810014688665833,245.12,6.7907820659268925,1.9155661140141298,West North Central,0.0,0.0,0.0,False,False,False,False,,0,0,,,0,0,
38,2017,4,2017q4,North Dakota -- Statewide,28250.666666666668,10.248872335116198,331,North Dakota,ND,7.25,7.25,7.25,7.25,7.25,7.25,36,7.25,1.9810014688665833,245.12,6.7907820659268925,1.9155661140141298,West North Central,0.0,0.0,0.0,False,False,False,False,,0,0,,,0,0,
38,2018,1,2018q1,North Dakota -- Statewide,27385.666666666668,10.217775041148881,317,North Dakota,ND,7.25,7.25,7.25,7.25,7.25,7.25,37,7.25,1.9810014688665833,251.107,6.628873348811463,1.8914348574516775,West North Central,0.0,0.0,0.0,False,False,False,False,,0,0,,,0,0,
38,2018,2,2018q2,North Dakota -- Statewide,28418.666666666668,10.254801485232683,328,North Dakota,ND,7.25,7.25,7.25,7.25,7.25,7.25,38,7.25,1.9810014688665833,251.107,6.628873348811463,1.8914348574516775,West North Central,0.0,0.0,0.0,False,False,False,False,,0,0,,,0,0,
38,2018,3,2018q3,North Dakota -- Statewide,28493.333333333332,10.257425420764974,340,North Dakota,ND,7.25,7.25,7.25,7.25,7.25,7.25,39,7.25,1.9810014688665833,251.107,6.628873348811463,1.8914348574516775,West North Central,0.0,0.0,0.0,False,False,False,False,,0,0,,,0,0,
38,2018,4,2018q4,North Dakota -- Statewide,28447.666666666668,10.255821420959643,345,North Dakota,ND,7.25,7.25,7.25,7.25,7.25,7.25,40,7.25,1.9810014688665833,251.107,6.628873348811463,1.8914348574516775,West North Central,0.0,0.0,0.0,False,False,False,False,,0,0,,,0,0,
38,2019,1,2019q1,North Dakota -- Statewide,27618.333333333332,10.226235082395785,325,North Dakota,ND,7.25,7.25,7.25,7.25,7.25,7.25,41,7.25,1.9810014688665833,255.657,6.510897413331143,1.8734772982299916,West North Central,0.0,0.0,0.0,False,False,False,False,,0,0,,,0,0,
38,2019,2,2019q2,North Dakota -- Statewide,28484.0,10.257097805102015,342,North Dakota,ND,7.25,7.25,7.25,7.25,7.25,7.25,42,7.25,1.9810014688665833,255.657,6.510897413331143,1.8734772982299916,West North Central,0.0,0.0,0.0,False,False,False,False,,0,0,,,0,0,
38,2019,3,2019q3,North Dakota -- Statewide,28698.666666666668,10.264605943061092,354,North Dakota,ND,7.25,7.25,7.25,7.25,7.25,7.25,43,7.25,1.9810014688665833,255.657,6.510897413331143,1.8734772982299916,West North Central,0.0,0.0,0.0,False,False,False,False,,0,0,,,0,0,
38,2019,4,2019q4,North Dakota -- Statewide,28388.0,10.253721799644874,351,North Dakota,ND,7.25,7.25,7.25,7.25,7.25,7.25,44,7.25,1.9810014688665833,255.657,6.510897413331143,1.8734772982299916,West North Central,0.0,0.0,0.0,False,False,False,False,,0,0,,,0,0,
39,2009,1,2009q1,Ohio -- Statewide,371532.3333333333,12.825391173897303,239,Ohio,OH,6.55,7.300000190734863,6.550000000000002,7.300000190734863,6.55,7.300000190734863,1,7.300000190734863,1.9878743742824085,214.537,7.81234119891478,2.0557046883170247,East North Central,,,,True,False,False,False,9.0,9,0,-8.0,,0,0,
39,2009,2,2009q2,Ohio -- Statewide,389788.6666666667,12.873359990893738,244,Ohio,OH,6.55,7.300000190734863,6.550000000000001,7.300000190734863,6.55,7.300000190734863,2,7.300000190734863,1.9878743742824085,214.537,7.81234119891478,2.0557046883170247,East North Central,0.0,0.0,0.0,True,False,False,False,9.0,9,0,-7.0,,0,0,
39,2009,3,2009q3,Ohio -- Statewide,388868.3333333333,12.870996090583578,248,Ohio,OH,6.55,7.300000190734863,7.0749999999999975,7.300000190734863,7.25,7.300000190734863,3,7.300000190734863,1.9878743742824085,214.537,7.81234119891478,2.0557046883170247,East North Central,0.0,0.0,0.0,True,False,False,False,9.0,9,0,-6.0,,0,0,
39,2009,4,2009q4,Ohio -- Statewide,376543.6666666667,12.83878930001922,257,Ohio,OH,7.25,7.300000190734863,7.25,7.300000190734863,7.25,7.300000190734863,4,7.300000190734863,1.9878743742824085,214.537,7.81234119891478,2.0557046883170247,East North Central,0.0,0.0,0.0,True,False,False,False,9.0,9,0,-5.0,,0,0,
39,2010,1,2010q1,Ohio -- Statewide,365360.3333333333,12.80863936020063,243,Ohio,OH,7.25,7.300000190734863,7.25,7.300000190734863,7.25,7.300000190734863,5,7.300000190734863,1.9878743742824085,218.056,7.686265196974997,2.039434995447354,East North Central,0.0,0.0,0.0,True,False,False,False,9.0,9,0,-4.0,,0,0,
39,2010,2,2010q2,Ohio -- Statewide,385792.6666666667,12.863055371151457,251,Ohio,OH,7.25,7.300000190734863,7.25,7.300000190734863,7.25,7.300000190734863,6,7.300000190734863,1.9878743742824085,218.056,7.686265196974997,2.039434995447354,East North Central,0.0,0.0,0.0,True,False,False,False,9.0,9,0,-3.0,,0,0,
39,2010,3,2010q3,Ohio -- Statewide,389174.0,12.871781823362623,256,Ohio,OH,7.25,7.300000190734863,7.25,7.300000190734863,7.25,7.300000190734863,7,7.300000190734863,1.9878743742824085,218.056,7.686265196974997,2.039434995447354,East North Central,0.0,0.0,0.0,True,False,False,False,9.0,9,0,-2.0,,0,0,
39,2010,4,2010q4,Ohio -- Statewide,381295.0,12.851328632725322,265,Ohio,OH,7.25,7.300000190734863,7.25,7.300000190734863,7.25,7.300000190734863,8,7.300000190734863,1.9878743742824085,218.056,7.686265196974997,2.039434995447354,East North Central,0.0,0.0,0.0,True,False,False,False,9.0,9,0,-1.0,,0,0,
39,2011,1,2011q1,Ohio -- Statewide,370258.6666666667,12.821957139463564,248,Ohio,OH,7.25,7.400000095367432,7.25,7.400000095367432,7.25,7.400000095367432,9,7.400000095367432,2.001480013097615,224.939,7.5531393928833594,2.0219632904613394,East North Central,0.09999990463256836,0.09999990463256836,0.013605638815206378,True,True,True,False,9.0,9,1,0.0,,0,0,
39,2011,2,2011q2,Ohio -- Statewide,393425.6666666667,12.882647425987974,255,Ohio,OH,7.25,7.400000095367432,7.25,7.400000095367432,7.25,7.400000095367432,10,7.400000095367432,2.001480013097615,224.939,7.5531393928833594,2.0219632904613394,East North Central,0.0,0.0,0.0,True,False,False,False,9.0,9,1,1.0,,0,0,
39,2011,3,2011q3,Ohio -- Statewide,397076.3333333333,12.891883816585606,267,Ohio,OH,7.25,7.400000095367432,7.25,7.400000095367432,7.25,7.400000095367432,11,7.400000095367432,2.001480013097615,224.939,7.5531393928833594,2.0219632904613394,East North Central,0.0,0.0,0.0,True,False,False,False,9.0,9,1,2.0,,0,0,
39,2011,4,2011q4,Ohio -- Statewide,388166.6666666667,12.869190079638424,265,Ohio,OH,7.25,7.400000095367432,7.25,7.400000095367432,7.25,7.400000095367432,12,7.400000095367432,2.001480013097615,224.939,7.5531393928833594,2.0219632904613394,East North Central,0.0,0.0,0.0,True,False,False,False,9.0,9,1,3.0,,0,0,
39,2012,1,2012q1,Ohio -- Statewide,382374.3333333333,12.854155337962528,264,Ohio,OH,7.25,7.699999809265137,7.25,7.699999809265137,7.25,7.699999809265137,13,7.699999809265137,2.0412203040888763,229.594,7.699999809265137,2.0412203040888763,East North Central,0.2999997138977051,0.2999997138977051,0.03974029099126142,True,True,True,False,9.0,9,1,4.0,,0,0,
39,2012,2,2012q2,Ohio -- Statewide,405477.0,12.912819430830316,262,Ohio,OH,7.25,7.699999809265137,7.25,7.699999809265137,7.25,7.699999809265137,14,7.699999809265137,2.0412203040888763,229.594,7.699999809265137,2.0412203040888763,East North Central,0.0,0.0,0.0,True,False,False,False,9.0,9,1,5.0,,0,0,
39,2012,3,2012q3,Ohio -- Statewide,407771.3333333333,12.918461838754938,268,Ohio,OH,7.25,7.699999809265137,7.25,7.699999809265137,7.25,7.699999809265137,15,7.699999809265137,2.0412203040888763,229.594,7.699999809265137,2.0412203040888763,East North Central,0.0,0.0,0.0,True,False,False,False,9.0,9,1,6.0,,0,0,
39,2012,4,2012q4,Ohio -- Statewide,400236.0,12.899809652108548,275,Ohio,OH,7.25,7.699999809265137,7.25,7.699999809265137,7.25,7.699999809265137,16,7.699999809265137,2.0412203040888763,229.594,7.699999809265137,2.0412203040888763,East North Central,0.0,0.0,0.0,True,False,False,False,9.0,9,1,7.0,,0,0,
39,2013,1,2013q1,Ohio -- Statewide,392984.3333333333,12.881525025765024,264,Ohio,OH,7.25,7.849999904632568,7.25,7.849999904632568,7.25,7.849999904632568,17,7.849999904632568,2.0605135196455997,232.957,7.736676202493206,2.045972164167223,East North Central,0.15000009536743164,0.15000009536743164,0.019293215556723364,True,True,True,False,9.0,9,1,8.0,,0,0,
39,2013,2,2013q2,Ohio -- Statewide,417051.6666666667,12.940965393985156,265,Ohio,OH,7.25,7.849999904632568,7.25,7.849999904632568,7.25,7.849999904632568,18,7.849999904632568,2.0605135196455997,232.957,7.736676202493206,2.045972164167223,East North Central,0.0,0.0,0.0,True,False,False,False,9.0,9,1,9.0,,0,0,
39,2013,3,2013q3,Ohio -- Statewide,418792.0,12.945129655599317,273,Ohio,OH,7.25,7.849999904632568,7.25,7.849999904632568,7.25,7.849999904632568,19,7.849999904632568,2.0605135196455997,232.957,7.736676202493206,2.045972164167223,East North Central,0.0,0.0,0.0,True,False,False,False,9.0,9,1,10.0,,0,0,
39,2013,4,2013q4,Ohio -- Statewide,411025.0,12.926409318879077,279,Ohio,OH,7.25,7.849999904632568,7.25,7.849999904632568,7.25,7.849999904632568,20,7.849999904632568,2.0605135196455997,232.957,7.736676202493206,2.045972164167223,East North Central,0.0,0.0,0.0,True,False,False,False,9.0,9,1,11.0,,0,0,
39,2014,1,2014q1,Ohio -- Statewide,400359.0,12.900116923577812,268,Ohio,OH,7.25,7.949999809265137,7.25,7.949999809265137,7.25,7.949999809265137,21,7.949999809265137,2.0731719046744335,236.736,7.710159233105315,2.0425388401642177,East North Central,0.09999990463256836,0.09999990463256836,0.012658385028833763,True,True,True,False,9.0,9,1,12.0,,0,0,
39,2014,2,2014q2,Ohio -- Statewide,423380.0,12.95602539991157,273,Ohio,OH,7.25,7.949999809265137,7.25,7.949999809265137,7.25,7.949999809265137,22,7.949999809265137,2.0731719046744335,236.736,7.710159233105315,2.0425388401642177,East North Central,0.0,0.0,0.0,True,False,False,False,9.0,9,1,13.0,,0,0,
39,2014,3,2014q3,Ohio -- Statewide,423949.6666666667,12.957370016475599,281,Ohio,OH,7.25,7.949999809265137,7.25,7.949999809265137,7.25,7.949999809265137,23,7.949999809265137,2.0731719046744335,236.736,7.710159233105315,2.0425388401642177,East North Central,0.0,0.0,0.0,True,False,False,False,9.0,9,1,14.0,,0,0,
39,2014,4,2014q4,Ohio -- Statewide,416822.6666666667,12.940416150540184,291,Ohio,OH,7.25,7.949999809265137,7.25,7.949999809265137,7.25,7.949999809265137,24,7.949999809265137,2.0731719046744335,236.736,7.710159233105315,2.0425388401642177,East North Central,0.0,0.0,0.0,True,False,False,False,9.0,9,1,15.0,,0,0,
39,2015,1,2015q1,Ohio -- Statewide,407747.3333333333,12.918402980506837,277,Ohio,OH,7.25,8.100000381469727,7.25,8.100000381469727,7.25,8.100000381469727,25,8.100000381469727,2.0918641087734198,237.017,7.846321097571737,2.060044771952726,East North Central,0.15000057220458984,0.15000057220458984,0.01869220409898631,True,True,True,False,9.0,9,1,16.0,,0,0,
39,2015,2,2015q2,Ohio -- Statewide,431840.6666666667,12.975811972032288,285,Ohio,OH,7.25,8.100000381469727,7.25,8.100000381469727,7.25,8.100000381469727,26,8.100000381469727,2.0918641087734198,237.017,7.846321097571737,2.060044771952726,East North Central,0.0,0.0,0.0,True,False,False,False,9.0,9,1,17.0,,0,0,
39,2015,3,2015q3,Ohio -- Statewide,434443.3333333333,12.981820797077301,292,Ohio,OH,7.25,8.100000381469727,7.25,8.100000381469727,7.25,8.100000381469727,27,8.100000381469727,2.0918641087734198,237.017,7.846321097571737,2.060044771952726,East North Central,0.0,0.0,0.0,True,False,False,False,9.0,9,1,18.0,,0,0,
39,2015,4,2015q4,Ohio -- Statewide,429786.6666666667,12.97104424052849,309,Ohio,OH,7.25,8.100000381469727,7.25,8.100000381469727,7.25,8.100000381469727,28,8.100000381469727,2.0918641087734198,237.017,7.846321097571737,2.060044771952726,East North Central,0.0,0.0,0.0,True,False,False,False,9.0,9,1,19.0,,0,0,
39,2016,1,2016q1,Ohio -- Statewide,422284.6666666667,12.953434931161889,283,Ohio,OH,7.25,8.100000381469727,7.25,8.100000381469727,7.25,8.100000381469727,29,8.100000381469727,2.0918641087734198,240.007,7.748571864917108,2.047508550889874,East North Central,0.0,0.0,0.0,True,False,False,False,9.0,9,1,20.0,,0,0,
39,2016,2,2016q2,Ohio -- Statewide,442941.6666666667,13.00119336240362,293,Ohio,OH,7.25,8.100000381469727,7.25,8.100000381469727,7.25,8.100000381469727,30,8.100000381469727,2.0918641087734198,240.007,7.748571864917108,2.047508550889874,East North Central,0.0,0.0,0.0,True,False,False,False,9.0,9,1,21.0,,0,0,
39,2016,3,2016q3,Ohio -- Statewide,443042.3333333333,13.00142060503351,308,Ohio,OH,7.25,8.100000381469727,7.25,8.100000381469727,7.25,8.100000381469727,31,8.100000381469727,2.0918641087734198,240.007,7.748571864917108,2.047508550889874,East North Central,0.0,0.0,0.0,True,False,False,False,9.0,9,1,22.0,,0,0,
39,2016,4,2016q4,Ohio -- Statewide,436721.6666666667,12.987051352776135,307,Ohio,OH,7.25,8.100000381469727,7.25,8.100000381469727,7.25,8.100000381469727,32,8.100000381469727,2.0918641087734198,240.007,7.748571864917108,2.047508550889874,East North Central,0.0,0.0,0.0,True,False,False,False,9.0,9,1,23.0,,0,0,
39,2017,1,2017q1,Ohio -- Statewide,429224.0,12.969734206162281,298,Ohio,OH,7.25,8.149999618530273,7.25,8.149999618530273,7.25,8.149999618530273,33,8.149999618530273,2.098017880446669,245.12,7.633775344389848,2.0325825255942154,East North Central,0.049999237060546875,0.049999237060546875,0.006153771673249153,True,True,False,False,9.0,9,1,24.0,,0,0,
39,2017,2,2017q2,Ohio -- Statewide,449507.0,13.015906705631288,303,Ohio,OH,7.25,8.149999618530273,7.25,8.149999618530273,7.25,8.149999618530273,34,8.149999618530273,2.098017880446669,245.12,7.633775344389848,2.0325825255942154,East North Central,0.0,0.0,0.0,True,False,False,False,9.0,9,1,25.0,,0,0,
39,2017,3,2017q3,Ohio -- Statewide,450061.0,13.017138408115233,306,Ohio,OH,7.25,8.149999618530273,7.25,8.149999618530273,7.25,8.149999618530273,35,8.149999618530273,2.098017880446669,245.12,7.633775344389848,2.0325825255942154,East North Central,0.0,0.0,0.0,True,False,False,False,9.0,9,1,26.0,,0,0,
39,2017,4,2017q4,Ohio -- Statewide,442595.3333333333,13.00041116278691,313,Ohio,OH,7.25,8.149999618530273,7.25,8.149999618530273,7.25,8.149999618530273,36,8.149999618530273,2.098017880446669,245.12,7.633775344389848,2.0325825255942154,East North Central,0.0,0.0,0.0,True,False,False,False,9.0,9,1,27.0,,0,0,
39,2018,1,2018q1,Ohio -- Statewide,433116.6666666667,12.978762408721973,304,Ohio,OH,7.25,8.300000190734863,7.25,8.300000190734863,7.25,8.300000190734863,37,8.300000190734863,2.116255537782656,251.107,7.588917249585157,2.02668892636775,East North Central,0.15000057220458984,0.15000057220458984,0.018237657335987034,True,True,True,False,9.0,9,1,28.0,,0,0,
39,2018,2,2018q2,Ohio -- Statewide,453055.0,13.023768809898765,312,Ohio,OH,7.25,8.300000190734863,7.25,8.300000190734863,7.25,8.300000190734863,38,8.300000190734863,2.116255537782656,251.107,7.588917249585157,2.02668892636775,East North Central,0.0,0.0,0.0,True,False,False,False,9.0,9,1,29.0,,0,0,
39,2018,3,2018q3,Ohio -- Statewide,453874.6666666667,13.025576374299769,317,Ohio,OH,7.25,8.300000190734863,7.25,8.300000190734863,7.25,8.300000190734863,39,8.300000190734863,2.116255537782656,251.107,7.588917249585157,2.02668892636775,East North Central,0.0,0.0,0.0,True,False,False,False,9.0,9,1,30.0,,0,0,
39,2018,4,2018q4,Ohio -- Statewide,445228.0,13.006341789487601,328,Ohio,OH,7.25,8.300000190734863,7.25,8.300000190734863,7.25,8.300000190734863,40,8.300000190734863,2.116255537782656,251.107,7.588917249585157,2.02668892636775,East North Central,0.0,0.0,0.0,True,False,False,False,9.0,9,1,31.0,,0,0,
39,2019,1,2019q1,Ohio -- Statewide,436413.6666666667,12.9863458492854,316,Ohio,OH,7.25,8.550000190734863,7.25,8.550000190734863,7.25,8.550000190734863,41,8.550000190734863,2.14593130525684,255.657,7.678368844942951,2.038407134620248,East North Central,0.25,0.25,0.02967576747418388,True,True,True,False,9.0,9,1,32.0,,0,0,
39,2019,2,2019q2,Ohio -- Statewide,455427.6666666667,13.028992183218477,326,Ohio,OH,7.25,8.550000190734863,7.25,8.550000190734863,7.25,8.550000190734863,42,8.550000190734863,2.14593130525684,255.657,7.678368844942951,2.038407134620248,East North Central,0.0,0.0,0.0,True,False,False,False,9.0,9,1,33.0,,0,0,
39,2019,3,2019q3,Ohio -- Statewide,454322.3333333333,13.026562210418856,331,Ohio,OH,7.25,8.550000190734863,7.25,8.550000190734863,7.25,8.550000190734863,43,8.550000190734863,2.14593130525684,255.657,7.678368844942951,2.038407134620248,East North Central,0.0,0.0,0.0,True,False,False,False,9.0,9,1,34.0,,0,0,
39,2019,4,2019q4,Ohio -- Statewide,446885.0,13.010056569802412,342,Ohio,OH,7.25,8.550000190734863,7.25,8.550000190734863,7.25,8.550000190734863,44,8.550000190734863,2.14593130525684,255.657,7.678368844942951,2.038407134620248,East North Central,0.0,0.0,0.0,True,False,False,False,9.0,9,1,35.0,,0,0,
40,2009,1,2009q1,Oklahoma -- Statewide,113255.0,11.637397192481068,241,Oklahoma,OK,6.55,6.550000190734863,6.550000000000002,6.550000190734863,6.55,6.550000190734863,1,6.550000190734863,1.8794650787669867,214.537,7.009703425477097,1.9472953928016028,West South Central,,,,False,False,False,False,,0,0,,,0,0,
40,2009,2,2009q2,Oklahoma -- Statewide,116288.33333333333,11.663828018198258,244,Oklahoma,OK,6.55,6.550000190734863,6.550000000000001,6.550000190734863,6.55,6.550000190734863,2,6.550000190734863,1.8794650787669867,214.537,7.009703425477097,1.9472953928016028,West South Central,0.0,0.0,0.0,False,False,False,False,,0,0,,,0,0,
40,2009,3,2009q3,Oklahoma -- Statewide,114664.0,11.649761391603052,254,Oklahoma,OK,6.55,6.550000190734863,7.075,7.074999809265137,7.25,7.25,3,7.075,1.9565674435293015,214.537,7.571549662762134,2.024397757563918,West South Central,0.5249996185302734,0.5249998092651369,0.0771023647623148,False,False,False,False,,0,0,,,0,0,
40,2009,4,2009q4,Oklahoma -- Statewide,111605.66666666667,11.622727104223296,260,Oklahoma,OK,7.25,7.25,7.25,7.25,7.25,7.25,4,7.25,1.9810014688665833,214.537,7.758831809897592,2.0488317829011997,West South Central,0.17500019073486328,0.17499999999999982,0.024434025337281895,False,False,False,False,,0,0,,,0,0,
40,2010,1,2010q1,Oklahoma -- Statewide,109630.33333333333,11.604869379194232,248,Oklahoma,OK,7.25,7.25,7.25,7.25,7.25,7.25,5,7.25,1.9810014688665833,218.056,7.633619345489231,2.032562090031529,West South Central,0.0,0.0,0.0,False,False,False,False,,0,0,,,0,0,
40,2010,2,2010q2,Oklahoma -- Statewide,114147.33333333333,11.645245290610458,260,Oklahoma,OK,7.25,7.25,7.25,7.25,7.25,7.25,6,7.25,1.9810014688665833,218.056,7.633619345489231,2.032562090031529,West South Central,0.0,0.0,0.0,False,False,False,False,,0,0,,,0,0,
40,2010,3,2010q3,Oklahoma -- Statewide,113553.33333333333,11.640027902746459,268,Oklahoma,OK,7.25,7.25,7.25,7.25,7.25,7.25,7,7.25,1.9810014688665833,218.056,7.633619345489231,2.032562090031529,West South Central,0.0,0.0,0.0,False,False,False,False,,0,0,,,0,0,
40,2010,4,2010q4,Oklahoma -- Statewide,113095.66666666667,11.63598934719396,271,Oklahoma,OK,7.25,7.25,7.25,7.25,7.25,7.25,8,7.25,1.9810014688665833,218.056,7.633619345489231,2.032562090031529,West South Central,0.0,0.0,0.0,False,False,False,False,,0,0,,,0,0,
40,2011,1,2011q1,Oklahoma -- Statewide,111868.0,11.62507488378718,254,Oklahoma,OK,7.25,7.25,7.25,7.25,7.25,7.25,9,7.25,1.9810014688665833,224.939,7.400035120632705,2.0014847462303083,West South Central,0.0,0.0,0.0,False,False,False,False,,0,0,,,0,0,
40,2011,2,2011q2,Oklahoma -- Statewide,117888.66666666667,11.677495955243987,267,Oklahoma,OK,7.25,7.25,7.25,7.25,7.25,7.25,10,7.25,1.9810014688665833,224.939,7.400035120632705,2.0014847462303083,West South Central,0.0,0.0,0.0,False,False,False,False,,0,0,,,0,0,
40,2011,3,2011q3,Oklahoma -- Statewide,118231.0,11.680395616911554,273,Oklahoma,OK,7.25,7.25,7.25,7.25,7.25,7.25,11,7.25,1.9810014688665833,224.939,7.400035120632705,2.0014847462303083,West South Central,0.0,0.0,0.0,False,False,False,False,,0,0,,,0,0,
40,2011,4,2011q4,Oklahoma -- Statewide,116938.0,11.669399158795652,272,Oklahoma,OK,7.25,7.25,7.25,7.25,7.25,7.25,12,7.25,1.9810014688665833,224.939,7.400035120632705,2.0014847462303083,West South Central,0.0,0.0,0.0,False,False,False,False,,0,0,,,0,0,
40,2012,1,2012q1,Oklahoma -- Statewide,116930.66666666667,11.669336445534913,270,Oklahoma,OK,7.25,7.25,7.25,7.25,7.25,7.25,13,7.25,1.9810014688665833,229.594,7.25,1.9810014688665833,West South Central,0.0,0.0,0.0,False,False,False,False,,0,0,,,0,0,
40,2012,2,2012q2,Oklahoma -- Statewide,121705.33333333333,11.709358101625362,274,Oklahoma,OK,7.25,7.25,7.25,7.25,7.25,7.25,14,7.25,1.9810014688665833,229.594,7.25,1.9810014688665833,West South Central,0.0,0.0,0.0,False,False,False,False,,0,0,,,0,0,
40,2012,3,2012q3,Oklahoma -- Statewide,120313.33333333333,11.69785472984718,275,Oklahoma,OK,7.25,7.25,7.25,7.25,7.25,7.25,15,7.25,1.9810014688665833,229.594,7.25,1.9810014688665833,West South Central,0.0,0.0,0.0,False,False,False,False,,0,0,,,0,0,
40,2012,4,2012q4,Oklahoma -- Statewide,120907.0,11.702776934016953,281,Oklahoma,OK,7.25,7.25,7.25,7.25,7.25,7.25,16,7.25,1.9810014688665833,229.594,7.25,1.9810014688665833,West South Central,0.0,0.0,0.0,False,False,False,False,,0,0,,,0,0,
40,2013,1,2013q1,Oklahoma -- Statewide,119986.33333333333,11.695133126389463,271,Oklahoma,OK,7.25,7.25,7.25,7.25,7.25,7.25,17,7.25,1.9810014688665833,232.957,7.14533798082908,1.966460113388207,West South Central,0.0,0.0,0.0,False,False,False,False,,0,0,,,0,0,
40,2013,2,2013q2,Oklahoma -- Statewide,124731.66666666667,11.733920042226158,276,Oklahoma,OK,7.25,7.25,7.25,7.25,7.25,7.25,18,7.25,1.9810014688665833,232.957,7.14533798082908,1.966460113388207,West South Central,0.0,0.0,0.0,False,False,False,False,,0,0,,,0,0,
40,2013,3,2013q3,Oklahoma -- Statewide,126047.0,11.744410132253506,283,Oklahoma,OK,7.25,7.25,7.25,7.25,7.25,7.25,19,7.25,1.9810014688665833,232.957,7.14533798082908,1.966460113388207,West South Central,0.0,0.0,0.0,False,False,False,False,,0,0,,,0,0,
40,2013,4,2013q4,Oklahoma -- Statewide,124557.0,11.732518721439417,278,Oklahoma,OK,7.25,7.25,7.25,7.25,7.25,7.25,20,7.25,1.9810014688665833,232.957,7.14533798082908,1.966460113388207,West South Central,0.0,0.0,0.0,False,False,False,False,,0,0,,,0,0,
40,2014,1,2014q1,Oklahoma -- Statewide,124059.0,11.72851253787879,276,Oklahoma,OK,7.25,7.25,7.25,7.25,7.25,7.25,21,7.25,1.9810014688665833,236.736,7.031277456745066,1.9503684043563676,West South Central,0.0,0.0,0.0,False,False,False,False,,0,0,,,0,0,
40,2014,2,2014q2,Oklahoma -- Statewide,128635.0,11.764734215498203,283,Oklahoma,OK,7.25,7.25,7.25,7.25,7.25,7.25,22,7.25,1.9810014688665833,236.736,7.031277456745066,1.9503684043563676,West South Central,0.0,0.0,0.0,False,False,False,False,,0,0,,,0,0,
40,2014,3,2014q3,Oklahoma -- Statewide,128757.33333333333,11.765684774832744,288,Oklahoma,OK,7.25,7.25,7.25,7.25,7.25,7.25,23,7.25,1.9810014688665833,236.736,7.031277456745066,1.9503684043563676,West South Central,0.0,0.0,0.0,False,False,False,False,,0,0,,,0,0,
40,2014,4,2014q4,Oklahoma -- Statewide,127965.0,11.759512068010904,292,Oklahoma,OK,7.25,7.25,7.25,7.25,7.25,7.25,24,7.25,1.9810014688665833,236.736,7.031277456745066,1.9503684043563676,West South Central,0.0,0.0,0.0,False,False,False,False,,0,0,,,0,0,
40,2015,1,2015q1,Oklahoma -- Statewide,127558.0,11.756326442104873,283,Oklahoma,OK,7.25,7.25,7.25,7.25,7.25,7.25,25,7.25,1.9810014688665833,237.017,7.022941392389575,1.9491821320458897,West South Central,0.0,0.0,0.0,False,False,False,False,,0,0,,,0,0,
40,2015,2,2015q2,Oklahoma -- Statewide,132535.66666666666,11.794607070575271,288,Oklahoma,OK,7.25,7.25,7.25,7.25,7.25,7.25,26,7.25,1.9810014688665833,237.017,7.022941392389575,1.9491821320458897,West South Central,0.0,0.0,0.0,False,False,False,False,,0,0,,,0,0,
40,2015,3,2015q3,Oklahoma -- Statewide,133005.66666666666,11.79814701281255,294,Oklahoma,OK,7.25,7.25,7.25,7.25,7.25,7.25,27,7.25,1.9810014688665833,237.017,7.022941392389575,1.9491821320458897,West South Central,0.0,0.0,0.0,False,False,False,False,,0,0,,,0,0,
40,2015,4,2015q4,Oklahoma -- Statewide,132702.33333333334,11.795863803687439,300,Oklahoma,OK,7.25,7.25,7.25,7.25,7.25,7.25,28,7.25,1.9810014688665833,237.017,7.022941392389575,1.9491821320458897,West South Central,0.0,0.0,0.0,False,False,False,False,,0,0,,,0,0,
40,2016,1,2016q1,Oklahoma -- Statewide,131987.66666666666,11.790463762859813,285,Oklahoma,OK,7.25,7.25,7.25,7.25,7.25,7.25,29,7.25,1.9810014688665833,240.007,6.935449799380851,1.9366459109830372,West South Central,0.0,0.0,0.0,False,False,False,False,,0,0,,,0,0,
40,2016,2,2016q2,Oklahoma -- Statewide,134687.0,11.810708846976329,296,Oklahoma,OK,7.25,7.25,7.25,7.25,7.25,7.25,30,7.25,1.9810014688665833,240.007,6.935449799380851,1.9366459109830372,West South Central,0.0,0.0,0.0,False,False,False,False,,0,0,,,0,0,
40,2016,3,2016q3,Oklahoma -- Statewide,134902.33333333334,11.812306338809295,302,Oklahoma,OK,7.25,7.25,7.25,7.25,7.25,7.25,31,7.25,1.9810014688665833,240.007,6.935449799380851,1.9366459109830372,West South Central,0.0,0.0,0.0,False,False,False,False,,0,0,,,0,0,
40,2016,4,2016q4,Oklahoma -- Statewide,134021.0,11.805751783072225,301,Oklahoma,OK,7.25,7.25,7.25,7.25,7.25,7.25,32,7.25,1.9810014688665833,240.007,6.935449799380851,1.9366459109830372,West South Central,0.0,0.0,0.0,False,False,False,False,,0,0,,,0,0,
40,2017,1,2017q1,Oklahoma -- Statewide,133273.33333333334,11.800157436141625,294,Oklahoma,OK,7.25,7.25,7.25,7.25,7.25,7.25,33,7.25,1.9810014688665833,245.12,6.7907820659268925,1.9155661140141298,West South Central,0.0,0.0,0.0,False,False,False,False,,0,0,,,0,0,
40,2017,2,2017q2,Oklahoma -- Statewide,137965.0,11.834755308783135,304,Oklahoma,OK,7.25,7.25,7.25,7.25,7.25,7.25,34,7.25,1.9810014688665833,245.12,6.7907820659268925,1.9155661140141298,West South Central,0.0,0.0,0.0,False,False,False,False,,0,0,,,0,0,
40,2017,3,2017q3,Oklahoma -- Statewide,137270.0,11.829705068245705,301,Oklahoma,OK,7.25,7.25,7.25,7.25,7.25,7.25,35,7.25,1.9810014688665833,245.12,6.7907820659268925,1.9155661140141298,West South Central,0.0,0.0,0.0,False,False,False,False,,0,0,,,0,0,
40,2017,4,2017q4,Oklahoma -- Statewide,136950.33333333334,11.8273736086666,308,Oklahoma,OK,7.25,7.25,7.25,7.25,7.25,7.25,36,7.25,1.9810014688665833,245.12,6.7907820659268925,1.9155661140141298,West South Central,0.0,0.0,0.0,False,False,False,False,,0,0,,,0,0,
40,2018,1,2018q1,Oklahoma -- Statewide,136636.0,11.825075734589221,301,Oklahoma,OK,7.25,7.25,7.25,7.25,7.25,7.25,37,7.25,1.9810014688665833,251.107,6.628873348811463,1.8914348574516775,West South Central,0.0,0.0,0.0,False,False,False,False,,0,0,,,0,0,
40,2018,2,2018q2,Oklahoma -- Statewide,141381.0,11.859213652836159,308,Oklahoma,OK,7.25,7.25,7.25,7.25,7.25,7.25,38,7.25,1.9810014688665833,251.107,6.628873348811463,1.8914348574516775,West South Central,0.0,0.0,0.0,False,False,False,False,,0,0,,,0,0,
40,2018,3,2018q3,Oklahoma -- Statewide,141292.66666666666,11.858588668293027,310,Oklahoma,OK,7.25,7.25,7.25,7.25,7.25,7.25,39,7.25,1.9810014688665833,251.107,6.628873348811463,1.8914348574516775,West South Central,0.0,0.0,0.0,False,False,False,False,,0,0,,,0,0,
40,2018,4,2018q4,Oklahoma -- Statewide,139866.0,11.848440100380577,319,Oklahoma,OK,7.25,7.25,7.25,7.25,7.25,7.25,40,7.25,1.9810014688665833,251.107,6.628873348811463,1.8914348574516775,West South Central,0.0,0.0,0.0,False,False,False,False,,0,0,,,0,0,
40,2019,1,2019q1,Oklahoma -- Statewide,138956.33333333334,11.84191501407674,309,Oklahoma,OK,7.25,7.25,7.25,7.25,7.25,7.25,41,7.25,1.9810014688665833,255.657,6.510897413331143,1.8734772982299916,West South Central,0.0,0.0,0.0,False,False,False,False,,0,0,,,0,0,
40,2019,2,2019q2,Oklahoma -- Statewide,143228.0,11.872193045121298,316,Oklahoma,OK,7.25,7.25,7.25,7.25,7.25,7.25,42,7.25,1.9810014688665833,255.657,6.510897413331143,1.8734772982299916,West South Central,0.0,0.0,0.0,False,False,False,False,,0,0,,,0,0,
40,2019,3,2019q3,Oklahoma -- Statewide,143084.0,11.871187149370217,324,Oklahoma,OK,7.25,7.25,7.25,7.25,7.25,7.25,43,7.25,1.9810014688665833,255.657,6.510897413331143,1.8734772982299916,West South Central,0.0,0.0,0.0,False,False,False,False,,0,0,,,0,0,
40,2019,4,2019q4,Oklahoma -- Statewide,141979.33333333334,11.863436786085336,326,Oklahoma,OK,7.25,7.25,7.25,7.25,7.25,7.25,44,7.25,1.9810014688665833,255.657,6.510897413331143,1.8734772982299916,West South Central,0.0,0.0,0.0,False,False,False,False,,0,0,,,0,0,
41,2009,1,2009q1,Oregon -- Statewide,117333.66666666667,11.67277700681718,275,Oregon,OR,6.55,8.399999618530273,6.550000000000002,8.399999618530273,6.55,8.399999618530273,1,8.399999618530273,2.1282316604362044,214.537,8.989542654259356,2.1960619744708203,Pacific,,,,True,False,False,False,9.0,9,0,-8.0,31.0,31,0,-30.0
41,2009,2,2009q2,Oregon -- Statewide,120969.66666666667,11.703295104445978,289,Oregon,OR,6.55,8.399999618530273,6.550000000000001,8.399999618530273,6.55,8.399999618530273,2,8.399999618530273,2.1282316604362044,214.537,8.989542654259356,2.1960619744708203,Pacific,0.0,0.0,0.0,True,False,False,False,9.0,9,0,-7.0,31.0,31,0,-29.0
41,2009,3,2009q3,Oregon -- Statewide,123278.33333333333,11.722199950542887,298,Oregon,OR,6.55,8.399999618530273,7.074999999999998,8.399999618530273,7.25,8.399999618530273,3,8.399999618530273,2.1282316604362044,214.537,8.989542654259356,2.1960619744708203,Pacific,0.0,0.0,0.0,True,False,False,False,9.0,9,0,-6.0,31.0,31,0,-28.0
41,2009,4,2009q4,Oregon -- Statewide,118860.0,11.685701608920652,299,Oregon,OR,7.25,8.399999618530273,7.25,8.399999618530273,7.25,8.399999618530273,4,8.399999618530273,2.1282316604362044,214.537,8.989542654259356,2.1960619744708203,Pacific,0.0,0.0,0.0,True,False,False,False,9.0,9,0,-5.0,31.0,31,0,-27.0
41,2010,1,2010q1,Oregon -- Statewide,115007.0,11.652748275058128,283,Oregon,OR,7.25,8.399999618530273,7.25,8.399999618530273,7.25,8.399999618530273,5,8.399999618530273,2.1282316604362044,218.056,8.84446890898136,2.1797922816011495,Pacific,0.0,0.0,0.0,True,False,False,False,9.0,9,0,-4.0,31.0,31,0,-26.0
41,2010,2,2010q2,Oregon -- Statewide,120712.33333333333,11.701165583583185,296,Oregon,OR,7.25,8.399999618530273,7.25,8.399999618530273,7.25,8.399999618530273,6,8.399999618530273,2.1282316604362044,218.056,8.84446890898136,2.1797922816011495,Pacific,0.0,0.0,0.0,True,False,False,False,9.0,9,0,-3.0,31.0,31,0,-25.0
41,2010,3,2010q3,Oregon -- Statewide,123506.33333333333,11.724047715786572,304,Oregon,OR,7.25,8.399999618530273,7.25,8.399999618530273,7.25,8.399999618530273,7,8.399999618530273,2.1282316604362044,218.056,8.84446890898136,2.1797922816011495,Pacific,0.0,0.0,0.0,True,False,False,False,9.0,9,0,-2.0,31.0,31,0,-24.0
41,2010,4,2010q4,Oregon -- Statewide,120298.66666666667,11.697732818498745,308,Oregon,OR,7.25,8.399999618530273,7.25,8.399999618530273,7.25,8.399999618530273,8,8.399999618530273,2.1282316604362044,218.056,8.84446890898136,2.1797922816011495,Pacific,0.0,0.0,0.0,True,False,False,False,9.0,9,0,-1.0,31.0,31,0,-23.0
41,2011,1,2011q1,Oregon -- Statewide,117274.33333333333,11.672271198536146,288,Oregon,OR,7.25,8.5,7.25,8.5,7.25,8.5,9,8.5,2.1400661634962708,224.939,8.675903244879724,2.1605494408599957,Pacific,0.10000038146972656,0.10000038146972656,0.011834503060066393,True,True,True,False,9.0,9,1,0.0,31.0,31,0,-22.0
41,2011,2,2011q2,Oregon -- Statewide,122627.0,11.716902506622528,302,Oregon,OR,7.25,8.5,7.25,8.5,7.25,8.5,10,8.5,2.1400661634962708,224.939,8.675903244879724,2.1605494408599957,Pacific,0.0,0.0,0.0,True,False,False,False,9.0,9,1,1.0,31.0,31,0,-21.0
41,2011,3,2011q3,Oregon -- Statewide,125810.66666666667,11.742533410326978,319,Oregon,OR,7.25,8.5,7.25,8.5,7.25,8.5,11,8.5,2.1400661634962708,224.939,8.675903244879724,2.1605494408599957,Pacific,0.0,0.0,0.0,True,False,False,False,9.0,9,1,2.0,31.0,31,0,-20.0
41,2011,4,2011q4,Oregon -- Statewide,122286.66666666667,11.714123294200233,308,Oregon,OR,7.25,8.5,7.25,8.5,7.25,8.5,12,8.5,2.1400661634962708,224.939,8.675903244879724,2.1605494408599957,Pacific,0.0,0.0,0.0,True,False,False,False,9.0,9,1,3.0,31.0,31,0,-19.0
41,2012,1,2012q1,Oregon -- Statewide,120515.33333333333,11.69953227139709,306,Oregon,OR,7.25,8.800000190734863,7.25,8.800000190734863,7.25,8.800000190734863,13,8.800000190734863,2.174751743158577,229.594,8.800000190734863,2.174751743158577,Pacific,0.3000001907348633,0.3000001907348633,0.03468557966230623,True,True,True,False,9.0,9,1,4.0,31.0,31,0,-18.0
41,2012,2,2012q2,Oregon -- Statewide,126721.66666666667,11.749748359318664,310,Oregon,OR,7.25,8.800000190734863,7.25,8.800000190734863,7.25,8.800000190734863,14,8.800000190734863,2.174751743158577,229.594,8.800000190734863,2.174751743158577,Pacific,0.0,0.0,0.0,True,False,False,False,9.0,9,1,5.0,31.0,31,0,-17.0
41,2012,3,2012q3,Oregon -- Statewide,131064.0,11.783441032500098,321,Oregon,OR,7.25,8.800000190734863,7.25,8.800000190734863,7.25,8.800000190734863,15,8.800000190734863,2.174751743158577,229.594,8.800000190734863,2.174751743158577,Pacific,0.0,0.0,0.0,True,False,False,False,9.0,9,1,6.0,31.0,31,0,-16.0
41,2012,4,2012q4,Oregon -- Statewide,127717.66666666667,11.757577377531446,319,Oregon,OR,7.25,8.800000190734863,7.25,8.800000190734863,7.25,8.800000190734863,16,8.800000190734863,2.174751743158577,229.594,8.800000190734863,2.174751743158577,Pacific,0.0,0.0,0.0,True,False,False,False,9.0,9,1,7.0,31.0,31,0,-15.0
41,2013,1,2013q1,Oregon -- Statewide,125306.66666666667,11.738519345108587,309,Oregon,OR,7.25,8.949999809265137,7.25,8.949999809265137,7.25,8.949999809265137,17,8.949999809265137,2.191653510975606,232.957,8.820796353869683,2.1771121554972295,Pacific,0.14999961853027344,0.14999961853027344,0.0169017678170289,True,True,True,False,9.0,9,1,8.0,31.0,31,0,-14.0
41,2013,2,2013q2,Oregon -- Statewide,132648.0,11.79545428218121,315,Oregon,OR,7.25,8.949999809265137,7.25,8.949999809265137,7.25,8.949999809265137,18,8.949999809265137,2.191653510975606,232.957,8.820796353869683,2.1771121554972295,Pacific,0.0,0.0,0.0,True,False,False,False,9.0,9,1,9.0,31.0,31,0,-13.0
41,2013,3,2013q3,Oregon -- Statewide,136538.66666666666,11.824363125776406,330,Oregon,OR,7.25,8.949999809265137,7.25,8.949999809265137,7.25,8.949999809265137,19,8.949999809265137,2.191653510975606,232.957,8.820796353869683,2.1771121554972295,Pacific,0.0,0.0,0.0,True,False,False,False,9.0,9,1,10.0,31.0,31,0,-12.0
41,2013,4,2013q4,Oregon -- Statewide,132441.0,11.793892542221624,324,Oregon,OR,7.25,8.949999809265137,7.25,8.949999809265137,7.25,8.949999809265137,20,8.949999809265137,2.191653510975606,232.957,8.820796353869683,2.1771121554972295,Pacific,0.0,0.0,0.0,True,False,False,False,9.0,9,1,11.0,31.0,31,0,-11.0
41,2014,1,2014q1,Oregon -- Statewide,130701.0,11.780667550692455,314,Oregon,OR,7.25,9.100000381469727,7.25,9.100000381469727,7.25,9.100000381469727,21,9.100000381469727,2.2082744554425537,236.736,8.825465867393048,2.177641390932338,Pacific,0.15000057220458984,0.15000057220458984,0.01662094446694784,True,True,True,False,9.0,9,1,12.0,31.0,31,0,-10.0
41,2014,2,2014q2,Oregon -- Statewide,137411.33333333334,11.830734139599706,324,Oregon,OR,7.25,9.100000381469727,7.25,9.100000381469727,7.25,9.100000381469727,22,9.100000381469727,2.2082744554425537,236.736,8.825465867393048,2.177641390932338,Pacific,0.0,0.0,0.0,True,False,False,False,9.0,9,1,13.0,31.0,31,0,-9.0
41,2014,3,2014q3,Oregon -- Statewide,140897.33333333334,11.855786771755461,342,Oregon,OR,7.25,9.100000381469727,7.25,9.100000381469727,7.25,9.100000381469727,23,9.100000381469727,2.2082744554425537,236.736,8.825465867393048,2.177641390932338,Pacific,0.0,0.0,0.0,True,False,False,False,9.0,9,1,14.0,31.0,31,0,-8.0
41,2014,4,2014q4,Oregon -- Statewide,137977.33333333334,11.834844699440906,338,Oregon,OR,7.25,9.100000381469727,7.25,9.100000381469727,7.25,9.100000381469727,24,9.100000381469727,2.2082744554425537,236.736,8.825465867393048,2.177641390932338,Pacific,0.0,0.0,0.0,True,False,False,False,9.0,9,1,15.0,31.0,31,0,-7.0
41,2015,1,2015q1,Oregon -- Statewide,137043.0,11.828050024176951,329,Oregon,OR,7.25,9.25,7.25,9.25,7.25,9.25,25,9.25,2.224623551524334,237.017,8.960304535117734,2.19280421470364,Pacific,0.14999961853027344,0.14999961853027344,0.016349096081780257,True,True,True,False,9.0,9,1,16.0,31.0,31,0,-6.0
41,2015,2,2015q2,Oregon -- Statewide,144457.0,11.880737164394876,339,Oregon,OR,7.25,9.25,7.25,9.25,7.25,9.25,26,9.25,2.224623551524334,237.017,8.960304535117734,2.19280421470364,Pacific,0.0,0.0,0.0,True,False,False,False,9.0,9,1,17.0,31.0,31,0,-5.0
41,2015,3,2015q3,Oregon -- Statewide,148741.0,11.909961817375743,356,Oregon,OR,7.25,9.25,7.25,9.25,7.25,9.25,27,9.25,2.224623551524334,237.017,8.960304535117734,2.19280421470364,Pacific,0.0,0.0,0.0,True,False,False,False,9.0,9,1,18.0,31.0,31,0,-4.0
41,2015,4,2015q4,Oregon -- Statewide,145496.66666666666,11.887908455823812,361,Oregon,OR,7.25,9.25,7.25,9.25,7.25,9.25,28,9.25,2.224623551524334,237.017,8.960304535117734,2.19280421470364,Pacific,0.0,0.0,0.0,True,False,False,False,9.0,9,1,19.0,31.0,31,0,-3.0
41,2016,1,2016q1,Oregon -- Statewide,143677.33333333334,11.875325323601357,334,Oregon,OR,7.25,9.25,7.25,9.25,7.25,9.25,29,9.25,2.224623551524334,240.007,8.848677330244534,2.1802679936407876,Pacific,0.0,0.0,0.0,True,False,False,False,9.0,9,1,20.0,31.0,31,0,-2.0
41,2016,2,2016q2,Oregon -- Statewide,151287.66666666666,11.92693838070149,351,Oregon,OR,7.25,9.25,7.25,9.25,7.25,9.25,30,9.25,2.224623551524334,240.007,8.848677330244534,2.1802679936407876,Pacific,0.0,0.0,0.0,True,False,False,False,9.0,9,1,21.0,31.0,31,0,-1.0
41,2016,3,2016q3,Oregon -- Statewide,153995.0,11.944675413336217,380,Oregon,OR,7.25,9.75,7.25,9.75,7.25,9.75,31,9.75,2.277267285009756,240.007,9.326984212960454,2.2329117271262096,Pacific,0.5,0.5,0.05264373348542195,True,True,True,True,9.0,9,1,22.0,31.0,31,1,0.0
41,2016,4,2016q4,Oregon -- Statewide,149952.0,11.918070521867467,371,Oregon,OR,7.25,9.75,7.25,9.75,7.25,9.75,32,9.75,2.277267285009756,240.007,9.326984212960454,2.2329117271262096,Pacific,0.0,0.0,0.0,True,False,False,False,9.0,9,1,23.0,31.0,31,1,1.0
41,2017,1,2017q1,Oregon -- Statewide,148122.0,11.905791537501878,354,Oregon,OR,7.25,9.75,7.25,9.75,7.25,9.75,33,9.75,2.277267285009756,245.12,9.132431054177545,2.211831930157302,Pacific,0.0,0.0,0.0,True,False,False,False,9.0,9,1,24.0,31.0,31,1,2.0
41,2017,2,2017q2,Oregon -- Statewide,155818.0,11.956443938479667,373,Oregon,OR,7.25,9.75,7.25,9.75,7.25,9.75,34,9.75,2.277267285009756,245.12,9.132431054177545,2.211831930157302,Pacific,0.0,0.0,0.0,True,False,False,False,9.0,9,1,25.0,31.0,31,1,3.0
41,2017,3,2017q3,Oregon -- Statewide,159081.0,11.977168785447205,394,Oregon,OR,7.25,10.25,7.25,10.25,7.25,10.25,35,10.25,2.327277705584417,245.12,9.600760851827676,2.2618423507319636,Pacific,0.5,0.5,0.05001042057466121,True,True,True,True,9.0,9,1,26.0,31.0,31,1,4.0
41,2017,4,2017q4,Oregon -- Statewide,154958.0,11.950909391441057,396,Oregon,OR,7.25,10.25,7.25,10.25,7.25,10.25,36,10.25,2.327277705584417,245.12,9.600760851827676,2.2618423507319636,Pacific,0.0,0.0,0.0,True,False,False,False,9.0,9,1,27.0,31.0,31,1,5.0
41,2018,1,2018q1,Oregon -- Statewide,152416.0,11.934368903600587,380,Oregon,OR,7.25,10.25,7.25,10.25,7.25,10.25,37,10.25,2.327277705584417,251.107,9.371855424181723,2.2377110941695113,Pacific,0.0,0.0,0.0,True,False,False,False,9.0,9,1,28.0,31.0,31,1,6.0
41,2018,2,2018q2,Oregon -- Statewide,158939.66666666666,11.976279954264506,397,Oregon,OR,7.25,10.25,7.25,10.25,7.25,10.25,38,10.25,2.327277705584417,251.107,9.371855424181723,2.2377110941695113,Pacific,0.0,0.0,0.0,True,False,False,False,9.0,9,1,29.0,31.0,31,1,7.0
41,2018,3,2018q3,Oregon -- Statewide,161724.33333333334,11.99364851867975,416,Oregon,OR,7.25,10.75,7.25,10.75,7.25,10.75,39,10.75,2.3749057545736716,251.107,9.829019103410099,2.2853391431587657,Pacific,0.5,0.5,0.047628048989254435,True,True,True,False,9.0,9,1,30.0,31.0,31,1,8.0
41,2018,4,2018q4,Oregon -- Statewide,157545.33333333334,11.96746852652035,425,Oregon,OR,7.25,10.75,7.25,10.75,7.25,10.75,40,10.75,2.3749057545736716,251.107,9.829019103410099,2.2853391431587657,Pacific,0.0,0.0,0.0,True,False,False,False,9.0,9,1,31.0,31.0,31,1,9.0
41,2019,1,2019q1,Oregon -- Statewide,154420.33333333334,11.94743360047551,397,Oregon,OR,7.25,10.75,7.25,10.75,7.25,10.75,41,10.75,2.3749057545736716,255.657,9.654089268042728,2.26738158393708,Pacific,0.0,0.0,0.0,True,False,False,False,9.0,9,1,32.0,31.0,31,1,10.0
41,2019,2,2019q2,Oregon -- Statewide,160664.33333333334,11.987072581437594,419,Oregon,OR,7.25,10.75,7.25,10.75,7.25,10.75,42,10.75,2.3749057545736716,255.657,9.654089268042728,2.26738158393708,Pacific,0.0,0.0,0.0,True,False,False,False,9.0,9,1,33.0,31.0,31,1,11.0
41,2019,3,2019q3,Oregon -- Statewide,163368.66666666666,12.003764684554103,437,Oregon,OR,7.25,11.25,7.25,11.25,7.25,11.25,43,11.25,2.4203681286504293,255.657,10.103116675858669,2.312843958013837,Pacific,0.5,0.5,0.04546237407675768,True,True,True,False,9.0,9,1,34.0,31.0,31,1,12.0
41,2019,4,2019q4,Oregon -- Statewide,158710.33333333334,11.974836016766133,440,Oregon,OR,7.25,11.25,7.25,11.25,7.25,11.25,44,11.25,2.4203681286504293,255.657,10.103116675858669,2.312843958013837,Pacific,0.0,0.0,0.0,True,False,False,False,9.0,9,1,35.0,31.0,31,1,13.0
42,2009,1,2009q1,Pennsylvania -- Statewide,346906.0,12.756809128859,258,Pennsylvania,PA,6.55,7.150000095367432,6.550000000000002,7.150000095367432,6.55,7.150000095367432,1,7.150000095367432,1.9671123700440185,214.537,7.651813542166573,2.0349426840786347,Middle Atlantic,,,,True,False,False,False,,0,0,,,0,0,
42,2009,2,2009q2,Pennsylvania -- Statewide,365218.0,12.808249714549671,263,Pennsylvania,PA,6.55,7.150000095367432,6.550000000000001,7.150000095367432,6.55,7.150000095367432,2,7.150000095367432,1.9671123700440185,214.537,7.651813542166573,2.0349426840786347,Middle Atlantic,0.0,0.0,0.0,True,False,False,False,,0,0,,,0,0,
42,2009,3,2009q3,Pennsylvania -- Statewide,362268.3333333333,12.800140468518132,267,Pennsylvania,PA,6.55,7.150000095367432,7.075,7.224999904632568,7.25,7.25,3,7.224999904632568,1.9775472207988511,214.537,7.732077115389,2.0453775348334675,Middle Atlantic,0.07499980926513672,0.07499980926513672,0.010434850754832636,True,False,False,False,,0,0,,,0,0,
42,2009,4,2009q4,Pennsylvania -- Statewide,357019.3333333333,12.785545214290778,285,Pennsylvania,PA,7.25,7.25,7.25,7.25,7.25,7.25,4,7.25,1.9810014688665833,214.537,7.758831809897592,2.0488317829011997,Middle Atlantic,0.02500009536743164,0.02500009536743164,0.003454248067732202,False,False,False,False,,0,0,,,0,0,
42,2010,1,2010q1,Pennsylvania -- Statewide,345280.6666666667,12.752112891850167,258,Pennsylvania,PA,7.25,7.25,7.25,7.25,7.25,7.25,5,7.25,1.9810014688665833,218.056,7.633619345489231,2.032562090031529,Middle Atlantic,0.0,0.0,0.0,False,False,False,False,,0,0,,,0,0,
42,2010,2,2010q2,Pennsylvania -- Statewide,368528.3333333333,12.817272875941619,271,Pennsylvania,PA,7.25,7.25,7.25,7.25,7.25,7.25,6,7.25,1.9810014688665833,218.056,7.633619345489231,2.032562090031529,Middle Atlantic,0.0,0.0,0.0,False,False,False,False,,0,0,,,0,0,
42,2010,3,2010q3,Pennsylvania -- Statewide,365552.6666666667,12.809165642638547,275,Pennsylvania,PA,7.25,7.25,7.25,7.25,7.25,7.25,7,7.25,1.9810014688665833,218.056,7.633619345489231,2.032562090031529,Middle Atlantic,0.0,0.0,0.0,False,False,False,False,,0,0,,,0,0,
42,2010,4,2010q4,Pennsylvania -- Statewide,363645.6666666667,12.803935229291879,291,Pennsylvania,PA,7.25,7.25,7.25,7.25,7.25,7.25,8,7.25,1.9810014688665833,218.056,7.633619345489231,2.032562090031529,Middle Atlantic,0.0,0.0,0.0,False,False,False,False,,0,0,,,0,0,
42,2011,1,2011q1,Pennsylvania -- Statewide,352312.3333333333,12.77227337175895,265,Pennsylvania,PA,7.25,7.25,7.25,7.25,7.25,7.25,9,7.25,1.9810014688665833,224.939,7.400035120632705,2.0014847462303083,Middle Atlantic,0.0,0.0,0.0,False,False,False,False,,0,0,,,0,0,
42,2011,2,2011q2,Pennsylvania -- Statewide,374347.6666666667,12.832940234613272,274,Pennsylvania,PA,7.25,7.25,7.25,7.25,7.25,7.25,10,7.25,1.9810014688665833,224.939,7.400035120632705,2.0014847462303083,Middle Atlantic,0.0,0.0,0.0,False,False,False,False,,0,0,,,0,0,
42,2011,3,2011q3,Pennsylvania -- Statewide,371204.0,12.824507055698191,287,Pennsylvania,PA,7.25,7.25,7.25,7.25,7.25,7.25,11,7.25,1.9810014688665833,224.939,7.400035120632705,2.0014847462303083,Middle Atlantic,0.0,0.0,0.0,False,False,False,False,,0,0,,,0,0,
42,2011,4,2011q4,Pennsylvania -- Statewide,368125.6666666667,12.816179644365409,292,Pennsylvania,PA,7.25,7.25,7.25,7.25,7.25,7.25,12,7.25,1.9810014688665833,224.939,7.400035120632705,2.0014847462303083,Middle Atlantic,0.0,0.0,0.0,False,False,False,False,,0,0,,,0,0,
42,2012,1,2012q1,Pennsylvania -- Statewide,362091.6666666667,12.799652681588514,282,Pennsylvania,PA,7.25,7.25,7.25,7.25,7.25,7.25,13,7.25,1.9810014688665833,229.594,7.25,1.9810014688665833,Middle Atlantic,0.0,0.0,0.0,False,False,False,False,,0,0,,,0,0,
42,2012,2,2012q2,Pennsylvania -- Statewide,383320.0,12.856625428457699,281,Pennsylvania,PA,7.25,7.25,7.25,7.25,7.25,7.25,14,7.25,1.9810014688665833,229.594,7.25,1.9810014688665833,Middle Atlantic,0.0,0.0,0.0,False,False,False,False,,0,0,,,0,0,
42,2012,3,2012q3,Pennsylvania -- Statewide,382144.6666666667,12.853554524448212,284,Pennsylvania,PA,7.25,7.25,7.25,7.25,7.25,7.25,15,7.25,1.9810014688665833,229.594,7.25,1.9810014688665833,Middle Atlantic,0.0,0.0,0.0,False,False,False,False,,0,0,,,0,0,
42,2012,4,2012q4,Pennsylvania -- Statewide,378381.0,12.843656903482735,297,Pennsylvania,PA,7.25,7.25,7.25,7.25,7.25,7.25,16,7.25,1.9810014688665833,229.594,7.25,1.9810014688665833,Middle Atlantic,0.0,0.0,0.0,False,False,False,False,,0,0,,,0,0,
42,2013,1,2013q1,Pennsylvania -- Statewide,369082.6666666667,12.818775926838892,283,Pennsylvania,PA,7.25,7.25,7.25,7.25,7.25,7.25,17,7.25,1.9810014688665833,232.957,7.14533798082908,1.966460113388207,Middle Atlantic,0.0,0.0,0.0,False,False,False,False,,0,0,,,0,0,
42,2013,2,2013q2,Pennsylvania -- Statewide,390524.3333333333,12.875245559594067,287,Pennsylvania,PA,7.25,7.25,7.25,7.25,7.25,7.25,18,7.25,1.9810014688665833,232.957,7.14533798082908,1.966460113388207,Middle Atlantic,0.0,0.0,0.0,False,False,False,False,,0,0,,,0,0,
42,2013,3,2013q3,Pennsylvania -- Statewide,388398.3333333333,12.869786724281278,289,Pennsylvania,PA,7.25,7.25,7.25,7.25,7.25,7.25,19,7.25,1.9810014688665833,232.957,7.14533798082908,1.966460113388207,Middle Atlantic,0.0,0.0,0.0,False,False,False,False,,0,0,,,0,0,
42,2013,4,2013q4,Pennsylvania -- Statewide,384351.0,12.859311476569133,300,Pennsylvania,PA,7.25,7.25,7.25,7.25,7.25,7.25,20,7.25,1.9810014688665833,232.957,7.14533798082908,1.966460113388207,Middle Atlantic,0.0,0.0,0.0,False,False,False,False,,0,0,,,0,0,
42,2014,1,2014q1,Pennsylvania -- Statewide,374862.6666666667,12.83431501565459,285,Pennsylvania,PA,7.25,7.25,7.25,7.25,7.25,7.25,21,7.25,1.9810014688665833,236.736,7.031277456745066,1.9503684043563676,Middle Atlantic,0.0,0.0,0.0,False,False,False,False,,0,0,,,0,0,
42,2014,2,2014q2,Pennsylvania -- Statewide,395247.3333333333,12.887267008264223,292,Pennsylvania,PA,7.25,7.25,7.25,7.25,7.25,7.25,22,7.25,1.9810014688665833,236.736,7.031277456745066,1.9503684043563676,Middle Atlantic,0.0,0.0,0.0,False,False,False,False,,0,0,,,0,0,
42,2014,3,2014q3,Pennsylvania -- Statewide,391752.3333333333,12.878385116380066,297,Pennsylvania,PA,7.25,7.25,7.25,7.25,7.25,7.25,23,7.25,1.9810014688665833,236.736,7.031277456745066,1.9503684043563676,Middle Atlantic,0.0,0.0,0.0,False,False,False,False,,0,0,,,0,0,
42,2014,4,2014q4,Pennsylvania -- Statewide,389505.6666666667,12.872633692753649,311,Pennsylvania,PA,7.25,7.25,7.25,7.25,7.25,7.25,24,7.25,1.9810014688665833,236.736,7.031277456745066,1.9503684043563676,Middle Atlantic,0.0,0.0,0.0,False,False,False,False,,0,0,,,0,0,
42,2015,1,2015q1,Pennsylvania -- Statewide,379414.3333333333,12.846384114718662,293,Pennsylvania,PA,7.25,7.25,7.25,7.25,7.25,7.25,25,7.25,1.9810014688665833,237.017,7.022941392389575,1.9491821320458897,Middle Atlantic,0.0,0.0,0.0,False,False,False,False,,0,0,,,0,0,
42,2015,2,2015q2,Pennsylvania -- Statewide,401137.3333333333,12.90205912479728,301,Pennsylvania,PA,7.25,7.25,7.25,7.25,7.25,7.25,26,7.25,1.9810014688665833,237.017,7.022941392389575,1.9491821320458897,Middle Atlantic,0.0,0.0,0.0,False,False,False,False,,0,0,,,0,0,
42,2015,3,2015q3,Pennsylvania -- Statewide,398138.0,12.89455395783669,308,Pennsylvania,PA,7.25,7.25,7.25,7.25,7.25,7.25,27,7.25,1.9810014688665833,237.017,7.022941392389575,1.9491821320458897,Middle Atlantic,0.0,0.0,0.0,False,False,False,False,,0,0,,,0,0,
42,2015,4,2015q4,Pennsylvania -- Statewide,396710.6666666667,12.890962494637698,328,Pennsylvania,PA,7.25,7.25,7.25,7.25,7.25,7.25,28,7.25,1.9810014688665833,237.017,7.022941392389575,1.9491821320458897,Middle Atlantic,0.0,0.0,0.0,False,False,False,False,,0,0,,,0,0,
42,2016,1,2016q1,Pennsylvania -- Statewide,389311.0,12.87213378904318,298,Pennsylvania,PA,7.25,7.25,7.25,7.25,7.25,7.25,29,7.25,1.9810014688665833,240.007,6.935449799380851,1.9366459109830372,Middle Atlantic,0.0,0.0,0.0,False,False,False,False,,0,0,,,0,0,
42,2016,2,2016q2,Pennsylvania -- Statewide,409348.6666666667,12.922322557602921,311,Pennsylvania,PA,7.25,7.25,7.25,7.25,7.25,7.25,30,7.25,1.9810014688665833,240.007,6.935449799380851,1.9366459109830372,Middle Atlantic,0.0,0.0,0.0,False,False,False,False,,0,0,,,0,0,
42,2016,3,2016q3,Pennsylvania -- Statewide,405747.0,12.913485091634161,325,Pennsylvania,PA,7.25,7.25,7.25,7.25,7.25,7.25,31,7.25,1.9810014688665833,240.007,6.935449799380851,1.9366459109830372,Middle Atlantic,0.0,0.0,0.0,False,False,False,False,,0,0,,,0,0,
42,2016,4,2016q4,Pennsylvania -- Statewide,402347.0,12.905070179351625,328,Pennsylvania,PA,7.25,7.25,7.25,7.25,7.25,7.25,32,7.25,1.9810014688665833,240.007,6.935449799380851,1.9366459109830372,Middle Atlantic,0.0,0.0,0.0,False,False,False,False,,0,0,,,0,0,
42,2017,1,2017q1,Pennsylvania -- Statewide,395413.3333333333,12.887686910276395,316,Pennsylvania,PA,7.25,7.25,7.25,7.25,7.25,7.25,33,7.25,1.9810014688665833,245.12,6.7907820659268925,1.9155661140141298,Middle Atlantic,0.0,0.0,0.0,False,False,False,False,,0,0,,,0,0,
42,2017,2,2017q2,Pennsylvania -- Statewide,415694.0,12.937704691650879,322,Pennsylvania,PA,7.25,7.25,7.25,7.25,7.25,7.25,34,7.25,1.9810014688665833,245.12,6.7907820659268925,1.9155661140141298,Middle Atlantic,0.0,0.0,0.0,False,False,False,False,,0,0,,,0,0,
42,2017,3,2017q3,Pennsylvania -- Statewide,411904.0,12.928545591471945,322,Pennsylvania,PA,7.25,7.25,7.25,7.25,7.25,7.25,35,7.25,1.9810014688665833,245.12,6.7907820659268925,1.9155661140141298,Middle Atlantic,0.0,0.0,0.0,False,False,False,False,,0,0,,,0,0,
42,2017,4,2017q4,Pennsylvania -- Statewide,409553.6666666667,12.922823227819473,339,Pennsylvania,PA,7.25,7.25,7.25,7.25,7.25,7.25,36,7.25,1.9810014688665833,245.12,6.7907820659268925,1.9155661140141298,Middle Atlantic,0.0,0.0,0.0,False,False,False,False,,0,0,,,0,0,
42,2018,1,2018q1,Pennsylvania -- Statewide,402484.0,12.905410623497847,324,Pennsylvania,PA,7.25,7.25,7.25,7.25,7.25,7.25,37,7.25,1.9810014688665833,251.107,6.628873348811463,1.8914348574516775,Middle Atlantic,0.0,0.0,0.0,False,False,False,False,,0,0,,,0,0,
42,2018,2,2018q2,Pennsylvania -- Statewide,420207.6666666667,12.94850431250662,333,Pennsylvania,PA,7.25,7.25,7.25,7.25,7.25,7.25,38,7.25,1.9810014688665833,251.107,6.628873348811463,1.8914348574516775,Middle Atlantic,0.0,0.0,0.0,False,False,False,False,,0,0,,,0,0,
42,2018,3,2018q3,Pennsylvania -- Statewide,415978.3333333333,12.938388454553683,335,Pennsylvania,PA,7.25,7.25,7.25,7.25,7.25,7.25,39,7.25,1.9810014688665833,251.107,6.628873348811463,1.8914348574516775,Middle Atlantic,0.0,0.0,0.0,False,False,False,False,,0,0,,,0,0,
42,2018,4,2018q4,Pennsylvania -- Statewide,412768.3333333333,12.930641778320679,355,Pennsylvania,PA,7.25,7.25,7.25,7.25,7.25,7.25,40,7.25,1.9810014688665833,251.107,6.628873348811463,1.8914348574516775,Middle Atlantic,0.0,0.0,0.0,False,False,False,False,,0,0,,,0,0,
42,2019,1,2019q1,Pennsylvania -- Statewide,405145.6666666667,12.91200195220454,335,Pennsylvania,PA,7.25,7.25,7.25,7.25,7.25,7.25,41,7.25,1.9810014688665833,255.657,6.510897413331143,1.8734772982299916,Middle Atlantic,0.0,0.0,0.0,False,False,False,False,,0,0,,,0,0,
42,2019,2,2019q2,Pennsylvania -- Statewide,423933.0,12.957330702859874,347,Pennsylvania,PA,7.25,7.25,7.25,7.25,7.25,7.25,42,7.25,1.9810014688665833,255.657,6.510897413331143,1.8734772982299916,Middle Atlantic,0.0,0.0,0.0,False,False,False,False,,0,0,,,0,0,
42,2019,3,2019q3,Pennsylvania -- Statewide,419371.3333333333,12.946512043500462,349,Pennsylvania,PA,7.25,7.25,7.25,7.25,7.25,7.25,43,7.25,1.9810014688665833,255.657,6.510897413331143,1.8734772982299916,Middle Atlantic,0.0,0.0,0.0,False,False,False,False,,0,0,,,0,0,
42,2019,4,2019q4,Pennsylvania -- Statewide,416378.6666666667,12.939350381621521,369,Pennsylvania,PA,7.25,7.25,7.25,7.25,7.25,7.25,44,7.25,1.9810014688665833,255.657,6.510897413331143,1.8734772982299916,Middle Atlantic,0.0,0.0,0.0,False,False,False,False,,0,0,,,0,0,
44,2009,1,2009q1,Rhode Island -- Statewide,34663.666666666664,10.453447347249194,271,Rhode Island,RI,6.55,7.400000095367432,6.550000000000002,7.400000095367432,6.55,7.400000095367432,1,7.400000095367432,2.001480013097615,214.537,7.9193594666458,2.069310327132231,New England,,,,True,False,False,False,17.0,17,0,-16.0,25.0,25,0,-24.0
44,2009,2,2009q2,Rhode Island -- Statewide,38574.0,10.560333753369742,283,Rhode Island,RI,6.55,7.400000095367432,6.550000000000001,7.400000095367432,6.55,7.400000095367432,2,7.400000095367432,2.001480013097615,214.537,7.9193594666458,2.069310327132231,New England,0.0,0.0,0.0,True,False,False,False,17.0,17,0,-15.0,25.0,25,0,-23.0
44,2009,3,2009q3,Rhode Island -- Statewide,39633.333333333336,10.587425794010764,303,Rhode Island,RI,6.55,7.400000095367432,7.0749999999999975,7.400000095367432,7.25,7.400000095367432,3,7.400000095367432,2.001480013097615,214.537,7.9193594666458,2.069310327132231,New England,0.0,0.0,0.0,True,False,False,False,17.0,17,0,-14.0,25.0,25,0,-22.0
44,2009,4,2009q4,Rhode Island -- Statewide,36983.333333333336,10.518222639692631,304,Rhode Island,RI,7.25,7.400000095367432,7.25,7.400000095367432,7.25,7.400000095367432,4,7.400000095367432,2.001480013097615,214.537,7.9193594666458,2.069310327132231,New England,0.0,0.0,0.0,True,False,False,False,17.0,17,0,-13.0,25.0,25,0,-21.0
44,2010,1,2010q1,Rhode Island -- Statewide,34992.666666666664,10.462893794708847,272,Rhode Island,RI,7.25,7.400000095367432,7.25,7.400000095367432,7.25,7.400000095367432,5,7.400000095367432,2.001480013097615,218.056,7.79155639787848,2.05304063426256,New England,0.0,0.0,0.0,True,False,False,False,17.0,17,0,-12.0,25.0,25,0,-20.0
44,2010,2,2010q2,Rhode Island -- Statewide,38846.0,10.567360390392079,287,Rhode Island,RI,7.25,7.400000095367432,7.25,7.400000095367432,7.25,7.400000095367432,6,7.400000095367432,2.001480013097615,218.056,7.79155639787848,2.05304063426256,New England,0.0,0.0,0.0,True,False,False,False,17.0,17,0,-11.0,25.0,25,0,-19.0
44,2010,3,2010q3,Rhode Island -- Statewide,40601.333333333336,10.611556185773075,311,Rhode Island,RI,7.25,7.400000095367432,7.25,7.400000095367432,7.25,7.400000095367432,7,7.400000095367432,2.001480013097615,218.056,7.79155639787848,2.05304063426256,New England,0.0,0.0,0.0,True,False,False,False,17.0,17,0,-10.0,25.0,25,0,-18.0
44,2010,4,2010q4,Rhode Island -- Statewide,37610.666666666664,10.535042977089432,309,Rhode Island,RI,7.25,7.400000095367432,7.25,7.400000095367432,7.25,7.400000095367432,8,7.400000095367432,2.001480013097615,218.056,7.79155639787848,2.05304063426256,New England,0.0,0.0,0.0,True,False,False,False,17.0,17,0,-9.0,25.0,25,0,-17.0
44,2011,1,2011q1,Rhode Island -- Statewide,35157.333333333336,10.467588505160979,278,Rhode Island,RI,7.25,7.400000095367432,7.25,7.400000095367432,7.25,7.400000095367432,9,7.400000095367432,2.001480013097615,224.939,7.5531393928833594,2.0219632904613394,New England,0.0,0.0,0.0,True,False,False,False,17.0,17,0,-8.0,25.0,25,0,-16.0
44,2011,2,2011q2,Rhode Island -- Statewide,39308.333333333336,10.579191819484352,293,Rhode Island,RI,7.25,7.400000095367432,7.25,7.400000095367432,7.25,7.400000095367432,10,7.400000095367432,2.001480013097615,224.939,7.5531393928833594,2.0219632904613394,New England,0.0,0.0,0.0,True,False,False,False,17.0,17,0,-7.0,25.0,25,0,-15.0
44,2011,3,2011q3,Rhode Island -- Statewide,41107.333333333336,10.623941811169978,324,Rhode Island,RI,7.25,7.400000095367432,7.25,7.400000095367432,7.25,7.400000095367432,11,7.400000095367432,2.001480013097615,224.939,7.5531393928833594,2.0219632904613394,New England,0.0,0.0,0.0,True,False,False,False,17.0,17,0,-6.0,25.0,25,0,-14.0
44,2011,4,2011q4,Rhode Island -- Statewide,38068.666666666664,10.547146825560345,309,Rhode Island,RI,7.25,7.400000095367432,7.25,7.400000095367432,7.25,7.400000095367432,12,7.400000095367432,2.001480013097615,224.939,7.5531393928833594,2.0219632904613394,New England,0.0,0.0,0.0,True,False,False,False,17.0,17,0,-5.0,25.0,25,0,-13.0
44,2012,1,2012q1,Rhode Island -- Statewide,36433.666666666664,10.5032485345855,299,Rhode Island,RI,7.25,7.400000095367432,7.25,7.400000095367432,7.25,7.400000095367432,13,7.400000095367432,2.001480013097615,229.594,7.400000095367432,2.001480013097615,New England,0.0,0.0,0.0,True,False,False,False,17.0,17,0,-4.0,25.0,25,0,-12.0
44,2012,2,2012q2,Rhode Island -- Statewide,40779.333333333336,10.61593069611187,301,Rhode Island,RI,7.25,7.400000095367432,7.25,7.400000095367432,7.25,7.400000095367432,14,7.400000095367432,2.001480013097615,229.594,7.400000095367432,2.001480013097615,New England,0.0,0.0,0.0,True,False,False,False,17.0,17,0,-3.0,25.0,25,0,-11.0
44,2012,3,2012q3,Rhode Island -- Statewide,42570.333333333336,10.65891288903193,317,Rhode Island,RI,7.25,7.400000095367432,7.25,7.400000095367432,7.25,7.400000095367432,15,7.400000095367432,2.001480013097615,229.594,7.400000095367432,2.001480013097615,New England,0.0,0.0,0.0,True,False,False,False,17.0,17,0,-2.0,25.0,25,0,-10.0
44,2012,4,2012q4,Rhode Island -- Statewide,39579.0,10.586053953551886,312,Rhode Island,RI,7.25,7.400000095367432,7.25,7.400000095367432,7.25,7.400000095367432,16,7.400000095367432,2.001480013097615,229.594,7.400000095367432,2.001480013097615,New England,0.0,0.0,0.0,True,False,False,False,17.0,17,0,-1.0,25.0,25,0,-9.0
44,2013,1,2013q1,Rhode Island -- Statewide,37423.0,10.530040767646089,299,Rhode Island,RI,7.25,7.75,7.25,7.75,7.25,7.75,17,7.75,2.0476928433652555,232.957,7.63811991054143,2.033151487886879,New England,0.34999990463256836,0.34999990463256836,0.04621283026764056,True,True,True,False,17.0,17,1,0.0,25.0,25,0,-8.0
44,2013,2,2013q2,Rhode Island -- Statewide,41973.666666666664,10.644797716501778,309,Rhode Island,RI,7.25,7.75,7.25,7.75,7.25,7.75,18,7.75,2.0476928433652555,232.957,7.63811991054143,2.033151487886879,New England,0.0,0.0,0.0,True,False,False,False,17.0,17,1,1.0,25.0,25,0,-7.0
44,2013,3,2013q3,Rhode Island -- Statewide,43369.0,10.677500179150627,331,Rhode Island,RI,7.25,7.75,7.25,7.75,7.25,7.75,19,7.75,2.0476928433652555,232.957,7.63811991054143,2.033151487886879,New England,0.0,0.0,0.0,True,False,False,False,17.0,17,1,2.0,25.0,25,0,-6.0
44,2013,4,2013q4,Rhode Island -- Statewide,40672.666666666664,10.61331156514779,324,Rhode Island,RI,7.25,7.75,7.25,7.75,7.25,7.75,20,7.75,2.0476928433652555,232.957,7.63811991054143,2.033151487886879,New England,0.0,0.0,0.0,True,False,False,False,17.0,17,1,3.0,25.0,25,0,-5.0
44,2014,1,2014q1,Rhode Island -- Statewide,38469.666666666664,10.557625330948381,305,Rhode Island,RI,7.25,8.0,7.25,8.0,7.25,8.0,21,8.0,2.0794415416798357,236.736,7.758650986753176,2.04880847716962,New England,0.25,0.25,0.03174869831458027,True,True,True,False,17.0,17,1,4.0,25.0,25,0,-4.0
44,2014,2,2014q2,Rhode Island -- Statewide,43132.0,10.672020460001963,318,Rhode Island,RI,7.25,8.0,7.25,8.0,7.25,8.0,22,8.0,2.0794415416798357,236.736,7.758650986753176,2.04880847716962,New England,0.0,0.0,0.0,True,False,False,False,17.0,17,1,5.0,25.0,25,0,-3.0
44,2014,3,2014q3,Rhode Island -- Statewide,44598.333333333336,10.705451768102137,342,Rhode Island,RI,7.25,8.0,7.25,8.0,7.25,8.0,23,8.0,2.0794415416798357,236.736,7.758650986753176,2.04880847716962,New England,0.0,0.0,0.0,True,False,False,False,17.0,17,1,6.0,25.0,25,0,-2.0
44,2014,4,2014q4,Rhode Island -- Statewide,41842.666666666664,10.641671831570795,337,Rhode Island,RI,7.25,8.0,7.25,8.0,7.25,8.0,24,8.0,2.0794415416798357,236.736,7.758650986753176,2.04880847716962,New England,0.0,0.0,0.0,True,False,False,False,17.0,17,1,7.0,25.0,25,0,-1.0
44,2015,1,2015q1,Rhode Island -- Statewide,39118.0,10.574337998097462,310,Rhode Island,RI,7.25,9.0,7.25,9.0,7.25,9.0,25,9.0,2.1972245773362196,237.017,8.718134142276714,2.1654052405155255,New England,1.0,1.0,0.11778303565638382,True,True,True,True,17.0,17,1,8.0,25.0,25,1,0.0
44,2015,2,2015q2,Rhode Island -- Statewide,43877.666666666664,10.68916073764866,335,Rhode Island,RI,7.25,9.0,7.25,9.0,7.25,9.0,26,9.0,2.1972245773362196,237.017,8.718134142276714,2.1654052405155255,New England,0.0,0.0,0.0,True,False,False,False,17.0,17,1,9.0,25.0,25,1,1.0
44,2015,3,2015q3,Rhode Island -- Statewide,45634.0,10.728408331705516,360,Rhode Island,RI,7.25,9.0,7.25,9.0,7.25,9.0,27,9.0,2.1972245773362196,237.017,8.718134142276714,2.1654052405155255,New England,0.0,0.0,0.0,True,False,False,False,17.0,17,1,10.0,25.0,25,1,2.0
44,2015,4,2015q4,Rhode Island -- Statewide,42693.333333333336,10.661798059002487,364,Rhode Island,RI,7.25,9.0,7.25,9.0,7.25,9.0,28,9.0,2.1972245773362196,237.017,8.718134142276714,2.1654052405155255,New England,0.0,0.0,0.0,True,False,False,False,17.0,17,1,11.0,25.0,25,1,3.0
44,2016,1,2016q1,Rhode Island -- Statewide,40385.333333333336,10.606221961731979,331,Rhode Island,RI,7.25,9.600000381469727,7.25,9.600000381469727,7.25,9.600000381469727,29,9.600000381469727,2.2617631382102195,240.007,9.18349251306487,2.2174075803266735,New England,0.6000003814697266,0.6000003814697266,0.0645385608739999,True,True,True,True,17.0,17,1,12.0,25.0,25,1,4.0
44,2016,2,2016q2,Rhode Island -- Statewide,45001.333333333336,10.714447397943138,352,Rhode Island,RI,7.25,9.600000381469727,7.25,9.600000381469727,7.25,9.600000381469727,30,9.600000381469727,2.2617631382102195,240.007,9.18349251306487,2.2174075803266735,New England,0.0,0.0,0.0,True,False,False,False,17.0,17,1,13.0,25.0,25,1,5.0
44,2016,3,2016q3,Rhode Island -- Statewide,46397.333333333336,10.744997265298442,392,Rhode Island,RI,7.25,9.600000381469727,7.25,9.600000381469727,7.25,9.600000381469727,31,9.600000381469727,2.2617631382102195,240.007,9.18349251306487,2.2174075803266735,New England,0.0,0.0,0.0,True,False,False,False,17.0,17,1,14.0,25.0,25,1,6.0
44,2016,4,2016q4,Rhode Island -- Statewide,43220.333333333336,10.674066342509926,368,Rhode Island,RI,7.25,9.600000381469727,7.25,9.600000381469727,7.25,9.600000381469727,32,9.600000381469727,2.2617631382102195,240.007,9.18349251306487,2.2174075803266735,New England,0.0,0.0,0.0,True,False,False,False,17.0,17,1,15.0,25.0,25,1,7.0
44,2017,1,2017q1,Rhode Island -- Statewide,40841.0,10.617441757777067,355,Rhode Island,RI,7.25,9.600000381469727,7.25,9.600000381469727,7.25,9.600000381469727,33,9.600000381469727,2.2617631382102195,245.12,8.991932472189786,2.196327783357766,New England,0.0,0.0,0.0,True,False,False,False,17.0,17,1,16.0,25.0,25,1,8.0
44,2017,2,2017q2,Rhode Island -- Statewide,45103.333333333336,10.71671143258958,370,Rhode Island,RI,7.25,9.600000381469727,7.25,9.600000381469727,7.25,9.600000381469727,34,9.600000381469727,2.2617631382102195,245.12,8.991932472189786,2.196327783357766,New England,0.0,0.0,0.0,True,False,False,False,17.0,17,1,17.0,25.0,25,1,9.0
44,2017,3,2017q3,Rhode Island -- Statewide,46771.0,10.75301863171864,391,Rhode Island,RI,7.25,9.600000381469727,7.25,9.600000381469727,7.25,9.600000381469727,35,9.600000381469727,2.2617631382102195,245.12,8.991932472189786,2.196327783357766,New England,0.0,0.0,0.0,True,False,False,False,17.0,17,1,18.0,25.0,25,1,10.0
44,2017,4,2017q4,Rhode Island -- Statewide,43720.333333333336,10.685568566537103,382,Rhode Island,RI,7.25,9.600000381469727,7.25,9.600000381469727,7.25,9.600000381469727,36,9.600000381469727,2.2617631382102195,245.12,8.991932472189786,2.196327783357766,New England,0.0,0.0,0.0,True,False,False,False,17.0,17,1,19.0,25.0,25,1,11.0
44,2018,1,2018q1,Rhode Island -- Statewide,41375.333333333336,10.630440169041675,365,Rhode Island,RI,7.25,10.100000381469727,7.25,10.100000381469727,7.25,10.100000381469727,37,10.100000381469727,2.312535461616493,251.107,9.234706669201417,2.222968850201587,New England,0.5,0.5,0.05077232340627358,True,True,True,True,17.0,17,1,20.0,25.0,25,1,12.0
44,2018,2,2018q2,Rhode Island -- Statewide,45766.333333333336,10.731304019740234,385,Rhode Island,RI,7.25,10.100000381469727,7.25,10.100000381469727,7.25,10.100000381469727,38,10.100000381469727,2.312535461616493,251.107,9.234706669201417,2.222968850201587,New England,0.0,0.0,0.0,True,False,False,False,17.0,17,1,21.0,25.0,25,1,13.0
44,2018,3,2018q3,Rhode Island -- Statewide,47415.0,10.766693913317829,405,Rhode Island,RI,7.25,10.100000381469727,7.25,10.100000381469727,7.25,10.100000381469727,39,10.100000381469727,2.312535461616493,251.107,9.234706669201417,2.222968850201587,New England,0.0,0.0,0.0,True,False,False,False,17.0,17,1,22.0,25.0,25,1,14.0
44,2018,4,2018q4,Rhode Island -- Statewide,44049.333333333336,10.693065496932737,397,Rhode Island,RI,7.25,10.100000381469727,7.25,10.100000381469727,7.25,10.100000381469727,40,10.100000381469727,2.312535461616493,251.107,9.234706669201417,2.222968850201587,New England,0.0,0.0,0.0,True,False,False,False,17.0,17,1,23.0,25.0,25,1,15.0
44,2019,1,2019q1,Rhode Island -- Statewide,41747.0,10.63938287140979,378,Rhode Island,RI,7.25,10.5,7.25,10.5,7.25,10.5,41,10.5,2.3513752571634776,255.657,9.429575564134758,2.243851086526886,New England,0.39999961853027344,0.39999961853027344,0.03883979554698458,True,True,True,False,17.0,17,1,24.0,25.0,25,1,16.0
44,2019,2,2019q2,Rhode Island -- Statewide,45940.0,10.73509147624309,398,Rhode Island,RI,7.25,10.5,7.25,10.5,7.25,10.5,42,10.5,2.3513752571634776,255.657,9.429575564134758,2.243851086526886,New England,0.0,0.0,0.0,True,False,False,False,17.0,17,1,25.0,25.0,25,1,17.0
44,2019,3,2019q3,Rhode Island -- Statewide,47749.666666666664,10.773727365081719,423,Rhode Island,RI,7.25,10.5,7.25,10.5,7.25,10.5,43,10.5,2.3513752571634776,255.657,9.429575564134758,2.243851086526886,New England,0.0,0.0,0.0,True,False,False,False,17.0,17,1,26.0,25.0,25,1,18.0
44,2019,4,2019q4,Rhode Island -- Statewide,44516.0,10.703603954093316,411,Rhode Island,RI,7.25,10.5,7.25,10.5,7.25,10.5,44,10.5,2.3513752571634776,255.657,9.429575564134758,2.243851086526886,New England,0.0,0.0,0.0,True,False,False,False,17.0,17,1,27.0,25.0,25,1,19.0
45,2009,1,2009q1,South Carolina -- Statewide,150121.0,11.919196914564367,249,South Carolina,SC,6.55,6.550000190734863,6.550000000000002,6.550000190734863,6.55,6.550000190734863,1,6.550000190734863,1.8794650787669867,214.537,7.009703425477097,1.9472953928016028,South Atlantic,,,,False,False,False,False,,0,0,,,0,0,
45,2009,2,2009q2,South Carolina -- Statewide,159980.33333333334,11.982806169994424,256,South Carolina,SC,6.55,6.550000190734863,6.550000000000001,6.550000190734863,6.55,6.550000190734863,2,6.550000190734863,1.8794650787669867,214.537,7.009703425477097,1.9472953928016028,South Atlantic,0.0,0.0,0.0,False,False,False,False,,0,0,,,0,0,
45,2009,3,2009q3,South Carolina -- Statewide,157554.33333333334,11.967525651303106,271,South Carolina,SC,6.55,6.550000190734863,7.075,7.074999809265137,7.25,7.25,3,7.075,1.9565674435293015,214.537,7.571549662762134,2.024397757563918,South Atlantic,0.5249996185302734,0.5249998092651369,0.0771023647623148,False,False,False,False,,0,0,,,0,0,
45,2009,4,2009q4,South Carolina -- Statewide,150467.66666666666,11.921503500665631,270,South Carolina,SC,7.25,7.25,7.25,7.25,7.25,7.25,4,7.25,1.9810014688665833,214.537,7.758831809897592,2.0488317829011997,South Atlantic,0.17500019073486328,0.17499999999999982,0.024434025337281895,False,False,False,False,,0,0,,,0,0,
45,2010,1,2010q1,South Carolina -- Statewide,146688.66666666666,11.896067705977458,259,South Carolina,SC,7.25,7.25,7.25,7.25,7.25,7.25,5,7.25,1.9810014688665833,218.056,7.633619345489231,2.032562090031529,South Atlantic,0.0,0.0,0.0,False,False,False,False,,0,0,,,0,0,
45,2010,2,2010q2,South Carolina -- Statewide,158029.0,11.970533839470706,269,South Carolina,SC,7.25,7.25,7.25,7.25,7.25,7.25,6,7.25,1.9810014688665833,218.056,7.633619345489231,2.032562090031529,South Atlantic,0.0,0.0,0.0,False,False,False,False,,0,0,,,0,0,
45,2010,3,2010q3,South Carolina -- Statewide,158391.33333333334,11.972824043060895,283,South Carolina,SC,7.25,7.25,7.25,7.25,7.25,7.25,7,7.25,1.9810014688665833,218.056,7.633619345489231,2.032562090031529,South Atlantic,0.0,0.0,0.0,False,False,False,False,,0,0,,,0,0,
45,2010,4,2010q4,South Carolina -- Statewide,152523.0,11.935070683329592,278,South Carolina,SC,7.25,7.25,7.25,7.25,7.25,7.25,8,7.25,1.9810014688665833,218.056,7.633619345489231,2.032562090031529,South Atlantic,0.0,0.0,0.0,False,False,False,False,,0,0,,,0,0,
45,2011,1,2011q1,South Carolina -- Statewide,148405.33333333334,11.907702547973493,261,South Carolina,SC,7.25,7.25,7.25,7.25,7.25,7.25,9,7.25,1.9810014688665833,224.939,7.400035120632705,2.0014847462303083,South Atlantic,0.0,0.0,0.0,False,False,False,False,,0,0,,,0,0,
45,2011,2,2011q2,South Carolina -- Statewide,161405.0,11.991672013272472,275,South Carolina,SC,7.25,7.25,7.25,7.25,7.25,7.25,10,7.25,1.9810014688665833,224.939,7.400035120632705,2.0014847462303083,South Atlantic,0.0,0.0,0.0,False,False,False,False,,0,0,,,0,0,
45,2011,3,2011q3,South Carolina -- Statewide,160989.33333333334,11.98909338918381,289,South Carolina,SC,7.25,7.25,7.25,7.25,7.25,7.25,11,7.25,1.9810014688665833,224.939,7.400035120632705,2.0014847462303083,South Atlantic,0.0,0.0,0.0,False,False,False,False,,0,0,,,0,0,
45,2011,4,2011q4,South Carolina -- Statewide,155185.33333333334,11.952375380547474,279,South Carolina,SC,7.25,7.25,7.25,7.25,7.25,7.25,12,7.25,1.9810014688665833,224.939,7.400035120632705,2.0014847462303083,South Atlantic,0.0,0.0,0.0,False,False,False,False,,0,0,,,0,0,
45,2012,1,2012q1,South Carolina -- Statewide,154141.0,11.945623046919607,275,South Carolina,SC,7.25,7.25,7.25,7.25,7.25,7.25,13,7.25,1.9810014688665833,229.594,7.25,1.9810014688665833,South Atlantic,0.0,0.0,0.0,False,False,False,False,,0,0,,,0,0,
45,2012,2,2012q2,South Carolina -- Statewide,165984.0,12.019646677151126,284,South Carolina,SC,7.25,7.25,7.25,7.25,7.25,7.25,14,7.25,1.9810014688665833,229.594,7.25,1.9810014688665833,South Atlantic,0.0,0.0,0.0,False,False,False,False,,0,0,,,0,0,
45,2012,3,2012q3,South Carolina -- Statewide,166485.33333333334,12.022662496434563,289,South Carolina,SC,7.25,7.25,7.25,7.25,7.25,7.25,15,7.25,1.9810014688665833,229.594,7.25,1.9810014688665833,South Atlantic,0.0,0.0,0.0,False,False,False,False,,0,0,,,0,0,
45,2012,4,2012q4,South Carolina -- Statewide,160761.0,11.98767406899664,288,South Carolina,SC,7.25,7.25,7.25,7.25,7.25,7.25,16,7.25,1.9810014688665833,229.594,7.25,1.9810014688665833,South Atlantic,0.0,0.0,0.0,False,False,False,False,,0,0,,,0,0,
45,2013,1,2013q1,South Carolina -- Statewide,158256.33333333334,11.971971360269318,278,South Carolina,SC,7.25,7.25,7.25,7.25,7.25,7.25,17,7.25,1.9810014688665833,232.957,7.14533798082908,1.966460113388207,South Atlantic,0.0,0.0,0.0,False,False,False,False,,0,0,,,0,0,
45,2013,2,2013q2,South Carolina -- Statewide,171585.0,12.052834049627883,288,South Carolina,SC,7.25,7.25,7.25,7.25,7.25,7.25,18,7.25,1.9810014688665833,232.957,7.14533798082908,1.966460113388207,South Atlantic,0.0,0.0,0.0,False,False,False,False,,0,0,,,0,0,
45,2013,3,2013q3,South Carolina -- Statewide,172517.0,12.058251061322386,295,South Carolina,SC,7.25,7.25,7.25,7.25,7.25,7.25,19,7.25,1.9810014688665833,232.957,7.14533798082908,1.966460113388207,South Atlantic,0.0,0.0,0.0,False,False,False,False,,0,0,,,0,0,
45,2013,4,2013q4,South Carolina -- Statewide,167431.66666666666,12.028330586809851,290,South Carolina,SC,7.25,7.25,7.25,7.25,7.25,7.25,20,7.25,1.9810014688665833,232.957,7.14533798082908,1.966460113388207,South Atlantic,0.0,0.0,0.0,False,False,False,False,,0,0,,,0,0,
45,2014,1,2014q1,South Carolina -- Statewide,164462.66666666666,12.010438873075826,277,South Carolina,SC,7.25,7.25,7.25,7.25,7.25,7.25,21,7.25,1.9810014688665833,236.736,7.031277456745066,1.9503684043563676,South Atlantic,0.0,0.0,0.0,False,False,False,False,,0,0,,,0,0,
45,2014,2,2014q2,South Carolina -- Statewide,177827.33333333334,12.088568321030227,293,South Carolina,SC,7.25,7.25,7.25,7.25,7.25,7.25,22,7.25,1.9810014688665833,236.736,7.031277456745066,1.9503684043563676,South Atlantic,0.0,0.0,0.0,False,False,False,False,,0,0,,,0,0,
45,2014,3,2014q3,South Carolina -- Statewide,176835.66666666666,12.082976143379973,302,South Carolina,SC,7.25,7.25,7.25,7.25,7.25,7.25,23,7.25,1.9810014688665833,236.736,7.031277456745066,1.9503684043563676,South Atlantic,0.0,0.0,0.0,False,False,False,False,,0,0,,,0,0,
45,2014,4,2014q4,South Carolina -- Statewide,172517.33333333334,12.058252993497252,299,South Carolina,SC,7.25,7.25,7.25,7.25,7.25,7.25,24,7.25,1.9810014688665833,236.736,7.031277456745066,1.9503684043563676,South Atlantic,0.0,0.0,0.0,False,False,False,False,,0,0,,,0,0,
45,2015,1,2015q1,South Carolina -- Statewide,172487.0,12.058077150294828,288,South Carolina,SC,7.25,7.25,7.25,7.25,7.25,7.25,25,7.25,1.9810014688665833,237.017,7.022941392389575,1.9491821320458897,South Atlantic,0.0,0.0,0.0,False,False,False,False,,0,0,,,0,0,
45,2015,2,2015q2,South Carolina -- Statewide,184684.0,12.126401535472358,302,South Carolina,SC,7.25,7.25,7.25,7.25,7.25,7.25,26,7.25,1.9810014688665833,237.017,7.022941392389575,1.9491821320458897,South Atlantic,0.0,0.0,0.0,False,False,False,False,,0,0,,,0,0,
45,2015,3,2015q3,South Carolina -- Statewide,185035.66666666666,12.128303878271112,313,South Carolina,SC,7.25,7.25,7.25,7.25,7.25,7.25,27,7.25,1.9810014688665833,237.017,7.022941392389575,1.9491821320458897,South Atlantic,0.0,0.0,0.0,False,False,False,False,,0,0,,,0,0,
45,2015,4,2015q4,South Carolina -- Statewide,180826.0,12.105290521910955,310,South Carolina,SC,7.25,7.25,7.25,7.25,7.25,7.25,28,7.25,1.9810014688665833,237.017,7.022941392389575,1.9491821320458897,South Atlantic,0.0,0.0,0.0,False,False,False,False,,0,0,,,0,0,
45,2016,1,2016q1,South Carolina -- Statewide,179020.66666666666,12.095256534396695,300,South Carolina,SC,7.25,7.25,7.25,7.25,7.25,7.25,29,7.25,1.9810014688665833,240.007,6.935449799380851,1.9366459109830372,South Atlantic,0.0,0.0,0.0,False,False,False,False,,0,0,,,0,0,
45,2016,2,2016q2,South Carolina -- Statewide,192477.0,12.167731945052129,309,South Carolina,SC,7.25,7.25,7.25,7.25,7.25,7.25,30,7.25,1.9810014688665833,240.007,6.935449799380851,1.9366459109830372,South Atlantic,0.0,0.0,0.0,False,False,False,False,,0,0,,,0,0,
45,2016,3,2016q3,South Carolina -- Statewide,192280.66666666666,12.166711389167824,329,South Carolina,SC,7.25,7.25,7.25,7.25,7.25,7.25,31,7.25,1.9810014688665833,240.007,6.935449799380851,1.9366459109830372,South Atlantic,0.0,0.0,0.0,False,False,False,False,,0,0,,,0,0,
45,2016,4,2016q4,South Carolina -- Statewide,185828.66666666666,12.132580381225363,312,South Carolina,SC,7.25,7.25,7.25,7.25,7.25,7.25,32,7.25,1.9810014688665833,240.007,6.935449799380851,1.9366459109830372,South Atlantic,0.0,0.0,0.0,False,False,False,False,,0,0,,,0,0,
45,2017,1,2017q1,South Carolina -- Statewide,185275.33333333334,12.129598285945365,308,South Carolina,SC,7.25,7.25,7.25,7.25,7.25,7.25,33,7.25,1.9810014688665833,245.12,6.7907820659268925,1.9155661140141298,South Atlantic,0.0,0.0,0.0,False,False,False,False,,0,0,,,0,0,
45,2017,2,2017q2,South Carolina -- Statewide,197421.0,12.193093783301974,321,South Carolina,SC,7.25,7.25,7.25,7.25,7.25,7.25,34,7.25,1.9810014688665833,245.12,6.7907820659268925,1.9155661140141298,South Atlantic,0.0,0.0,0.0,False,False,False,False,,0,0,,,0,0,
45,2017,3,2017q3,South Carolina -- Statewide,196565.66666666666,12.188751835975003,327,South Carolina,SC,7.25,7.25,7.25,7.25,7.25,7.25,35,7.25,1.9810014688665833,245.12,6.7907820659268925,1.9155661140141298,South Atlantic,0.0,0.0,0.0,False,False,False,False,,0,0,,,0,0,
45,2017,4,2017q4,South Carolina -- Statewide,190989.33333333334,12.15997285904696,321,South Carolina,SC,7.25,7.25,7.25,7.25,7.25,7.25,36,7.25,1.9810014688665833,245.12,6.7907820659268925,1.9155661140141298,South Atlantic,0.0,0.0,0.0,False,False,False,False,,0,0,,,0,0,
45,2018,1,2018q1,South Carolina -- Statewide,191921.33333333334,12.164840844828612,309,South Carolina,SC,7.25,7.25,7.25,7.25,7.25,7.25,37,7.25,1.9810014688665833,251.107,6.628873348811463,1.8914348574516775,South Atlantic,0.0,0.0,0.0,False,False,False,False,,0,0,,,0,0,
45,2018,2,2018q2,South Carolina -- Statewide,206363.0,12.23739203295402,319,South Carolina,SC,7.25,7.25,7.25,7.25,7.25,7.25,38,7.25,1.9810014688665833,251.107,6.628873348811463,1.8914348574516775,South Atlantic,0.0,0.0,0.0,False,False,False,False,,0,0,,,0,0,
45,2018,3,2018q3,South Carolina -- Statewide,203717.66666666666,12.224490327303783,327,South Carolina,SC,7.25,7.25,7.25,7.25,7.25,7.25,39,7.25,1.9810014688665833,251.107,6.628873348811463,1.8914348574516775,South Atlantic,0.0,0.0,0.0,False,False,False,False,,0,0,,,0,0,
45,2018,4,2018q4,South Carolina -- Statewide,198167.33333333334,12.196867070610779,327,South Carolina,SC,7.25,7.25,7.25,7.25,7.25,7.25,40,7.25,1.9810014688665833,251.107,6.628873348811463,1.8914348574516775,South Atlantic,0.0,0.0,0.0,False,False,False,False,,0,0,,,0,0,
45,2019,1,2019q1,South Carolina -- Statewide,195900.0,12.185359603932632,320,South Carolina,SC,7.25,7.25,7.25,7.25,7.25,7.25,41,7.25,1.9810014688665833,255.657,6.510897413331143,1.8734772982299916,South Atlantic,0.0,0.0,0.0,False,False,False,False,,0,0,,,0,0,
45,2019,2,2019q2,South Carolina -- Statewide,207925.0,12.244932716736889,336,South Carolina,SC,7.25,7.25,7.25,7.25,7.25,7.25,42,7.25,1.9810014688665833,255.657,6.510897413331143,1.8734772982299916,South Atlantic,0.0,0.0,0.0,False,False,False,False,,0,0,,,0,0,
45,2019,3,2019q3,South Carolina -- Statewide,208953.0,12.249864625274789,344,South Carolina,SC,7.25,7.25,7.25,7.25,7.25,7.25,43,7.25,1.9810014688665833,255.657,6.510897413331143,1.8734772982299916,South Atlantic,0.0,0.0,0.0,False,False,False,False,,0,0,,,0,0,
45,2019,4,2019q4,South Carolina -- Statewide,202203.0,12.217027422253697,341,South Carolina,SC,7.25,7.25,7.25,7.25,7.25,7.25,44,7.25,1.9810014688665833,255.657,6.510897413331143,1.8734772982299916,South Atlantic,0.0,0.0,0.0,False,False,False,False,,0,0,,,0,0,
46,2009,1,2009q1,South Dakota -- Statewide,27015.333333333332,10.204159885026154,211,South Dakota,SD,6.55,6.550000190734863,6.550000000000002,6.550000190734863,6.55,6.550000190734863,1,6.550000190734863,1.8794650787669867,214.537,7.009703425477097,1.9472953928016028,West North Central,,,,False,False,False,False,25.0,25,0,-24.0,25.0,25,0,-24.0
46,2009,2,2009q2,South Dakota -- Statewide,28820.333333333332,10.268836435528728,216,South Dakota,SD,6.55,6.550000190734863,6.550000000000001,6.550000190734863,6.55,6.550000190734863,2,6.550000190734863,1.8794650787669867,214.537,7.009703425477097,1.9472953928016028,West North Central,0.0,0.0,0.0,False,False,False,False,25.0,25,0,-23.0,25.0,25,0,-23.0
46,2009,3,2009q3,South Dakota -- Statewide,30031.666666666668,10.310007659492806,231,South Dakota,SD,6.55,6.550000190734863,7.075,7.074999809265137,7.25,7.25,3,7.075,1.9565674435293015,214.537,7.571549662762134,2.024397757563918,West North Central,0.5249996185302734,0.5249998092651369,0.0771023647623148,False,False,False,False,25.0,25,0,-22.0,25.0,25,0,-22.0
46,2009,4,2009q4,South Dakota -- Statewide,27876.666666666668,10.235545297707462,231,South Dakota,SD,7.25,7.25,7.25,7.25,7.25,7.25,4,7.25,1.9810014688665833,214.537,7.758831809897592,2.0488317829011997,West North Central,0.17500019073486328,0.17499999999999982,0.024434025337281895,False,False,False,False,25.0,25,0,-21.0,25.0,25,0,-21.0
46,2010,1,2010q1,South Dakota -- Statewide,26480.666666666668,10.184170185967664,220,South Dakota,SD,7.25,7.25,7.25,7.25,7.25,7.25,5,7.25,1.9810014688665833,218.056,7.633619345489231,2.032562090031529,West North Central,0.0,0.0,0.0,False,False,False,False,25.0,25,0,-20.0,25.0,25,0,-20.0
46,2010,2,2010q2,South Dakota -- Statewide,28680.666666666668,10.26397853944572,225,South Dakota,SD,7.25,7.25,7.25,7.25,7.25,7.25,6,7.25,1.9810014688665833,218.056,7.633619345489231,2.032562090031529,West North Central,0.0,0.0,0.0,False,False,False,False,25.0,25,0,-19.0,25.0,25,0,-19.0
46,2010,3,2010q3,South Dakota -- Statewide,30077.333333333332,10.311527121651643,242,South Dakota,SD,7.25,7.25,7.25,7.25,7.25,7.25,7,7.25,1.9810014688665833,218.056,7.633619345489231,2.032562090031529,West North Central,0.0,0.0,0.0,False,False,False,False,25.0,25,0,-18.0,25.0,25,0,-18.0
46,2010,4,2010q4,South Dakota -- Statewide,28405.666666666668,10.254343934762163,236,South Dakota,SD,7.25,7.25,7.25,7.25,7.25,7.25,8,7.25,1.9810014688665833,218.056,7.633619345489231,2.032562090031529,West North Central,0.0,0.0,0.0,False,False,False,False,25.0,25,0,-17.0,25.0,25,0,-17.0
46,2011,1,2011q1,South Dakota -- Statewide,27084.666666666668,10.206723041081311,224,South Dakota,SD,7.25,7.25,7.25,7.25,7.25,7.25,9,7.25,1.9810014688665833,224.939,7.400035120632705,2.0014847462303083,West North Central,0.0,0.0,0.0,False,False,False,False,25.0,25,0,-16.0,25.0,25,0,-16.0
46,2011,2,2011q2,South Dakota -- Statewide,28835.666666666668,10.269368325833113,230,South Dakota,SD,7.25,7.25,7.25,7.25,7.25,7.25,10,7.25,1.9810014688665833,224.939,7.400035120632705,2.0014847462303083,West North Central,0.0,0.0,0.0,False,False,False,False,25.0,25,0,-15.0,25.0,25,0,-15.0
46,2011,3,2011q3,South Dakota -- Statewide,30505.333333333332,10.32565681069666,248,South Dakota,SD,7.25,7.25,7.25,7.25,7.25,7.25,11,7.25,1.9810014688665833,224.939,7.400035120632705,2.0014847462303083,West North Central,0.0,0.0,0.0,False,False,False,False,25.0,25,0,-14.0,25.0,25,0,-14.0
46,2011,4,2011q4,South Dakota -- Statewide,29048.0,10.276704913094171,238,South Dakota,SD,7.25,7.25,7.25,7.25,7.25,7.25,12,7.25,1.9810014688665833,224.939,7.400035120632705,2.0014847462303083,West North Central,0.0,0.0,0.0,False,False,False,False,25.0,25,0,-13.0,25.0,25,0,-13.0
46,2012,1,2012q1,South Dakota -- Statewide,27948.333333333332,10.2381128465131,235,South Dakota,SD,7.25,7.25,7.25,7.25,7.25,7.25,13,7.25,1.9810014688665833,229.594,7.25,1.9810014688665833,West North Central,0.0,0.0,0.0,False,False,False,False,25.0,25,0,-12.0,25.0,25,0,-12.0
46,2012,2,2012q2,South Dakota -- Statewide,29789.333333333332,10.301905666582575,236,South Dakota,SD,7.25,7.25,7.25,7.25,7.25,7.25,14,7.25,1.9810014688665833,229.594,7.25,1.9810014688665833,West North Central,0.0,0.0,0.0,False,False,False,False,25.0,25,0,-11.0,25.0,25,0,-11.0
46,2012,3,2012q3,South Dakota -- Statewide,30776.666666666668,10.334512106098565,253,South Dakota,SD,7.25,7.25,7.25,7.25,7.25,7.25,15,7.25,1.9810014688665833,229.594,7.25,1.9810014688665833,West North Central,0.0,0.0,0.0,False,False,False,False,25.0,25,0,-10.0,25.0,25,0,-10.0
46,2012,4,2012q4,South Dakota -- Statewide,29502.666666666668,10.292235933722711,245,South Dakota,SD,7.25,7.25,7.25,7.25,7.25,7.25,16,7.25,1.9810014688665833,229.594,7.25,1.9810014688665833,West North Central,0.0,0.0,0.0,False,False,False,False,25.0,25,0,-9.0,25.0,25,0,-9.0
46,2013,1,2013q1,South Dakota -- Statewide,28414.0,10.254637260432023,237,South Dakota,SD,7.25,7.25,7.25,7.25,7.25,7.25,17,7.25,1.9810014688665833,232.957,7.14533798082908,1.966460113388207,West North Central,0.0,0.0,0.0,False,False,False,False,25.0,25,0,-8.0,25.0,25,0,-8.0
46,2013,2,2013q2,South Dakota -- Statewide,30044.333333333332,10.310429347583035,242,South Dakota,SD,7.25,7.25,7.25,7.25,7.25,7.25,18,7.25,1.9810014688665833,232.957,7.14533798082908,1.966460113388207,West North Central,0.0,0.0,0.0,False,False,False,False,25.0,25,0,-7.0,25.0,25,0,-7.0
46,2013,3,2013q3,South Dakota -- Statewide,31254.666666666668,10.34992397734877,263,South Dakota,SD,7.25,7.25,7.25,7.25,7.25,7.25,19,7.25,1.9810014688665833,232.957,7.14533798082908,1.966460113388207,West North Central,0.0,0.0,0.0,False,False,False,False,25.0,25,0,-6.0,25.0,25,0,-6.0
46,2013,4,2013q4,South Dakota -- Statewide,30010.0,10.309285938434412,253,South Dakota,SD,7.25,7.25,7.25,7.25,7.25,7.25,20,7.25,1.9810014688665833,232.957,7.14533798082908,1.966460113388207,West North Central,0.0,0.0,0.0,False,False,False,False,25.0,25,0,-5.0,25.0,25,0,-5.0
46,2014,1,2014q1,South Dakota -- Statewide,29039.0,10.276395033084118,243,South Dakota,SD,7.25,7.25,7.25,7.25,7.25,7.25,21,7.25,1.9810014688665833,236.736,7.031277456745066,1.9503684043563676,West North Central,0.0,0.0,0.0,False,False,False,False,25.0,25,0,-4.0,25.0,25,0,-4.0
46,2014,2,2014q2,South Dakota -- Statewide,30592.666666666668,10.32851560780336,249,South Dakota,SD,7.25,7.25,7.25,7.25,7.25,7.25,22,7.25,1.9810014688665833,236.736,7.031277456745066,1.9503684043563676,West North Central,0.0,0.0,0.0,False,False,False,False,25.0,25,0,-3.0,25.0,25,0,-3.0
46,2014,3,2014q3,South Dakota -- Statewide,31700.333333333332,10.364082475057195,268,South Dakota,SD,7.25,7.25,7.25,7.25,7.25,7.25,23,7.25,1.9810014688665833,236.736,7.031277456745066,1.9503684043563676,West North Central,0.0,0.0,0.0,False,False,False,False,25.0,25,0,-2.0,25.0,25,0,-2.0
46,2014,4,2014q4,South Dakota -- Statewide,30420.333333333332,10.322866523456515,265,South Dakota,SD,7.25,7.25,7.25,7.25,7.25,7.25,24,7.25,1.9810014688665833,236.736,7.031277456745066,1.9503684043563676,West North Central,0.0,0.0,0.0,False,False,False,False,25.0,25,0,-1.0,25.0,25,0,-1.0
46,2015,1,2015q1,South Dakota -- Statewide,29258.666666666668,10.28393110506922,257,South Dakota,SD,7.25,8.5,7.25,8.5,7.25,8.5,25,8.5,2.1400661634962708,237.017,8.233793356594674,2.108246826675577,West North Central,1.25,1.25,0.15906469462968742,True,True,True,True,25.0,25,1,0.0,25.0,25,1,0.0
46,2015,2,2015q2,South Dakota -- Statewide,31130.333333333332,10.345937971162884,269,South Dakota,SD,7.25,8.5,7.25,8.5,7.25,8.5,26,8.5,2.1400661634962708,237.017,8.233793356594674,2.108246826675577,West North Central,0.0,0.0,0.0,True,False,False,False,25.0,25,1,1.0,25.0,25,1,1.0
46,2015,3,2015q3,South Dakota -- Statewide,32181.333333333332,10.379141853290678,292,South Dakota,SD,7.25,8.5,7.25,8.5,7.25,8.5,27,8.5,2.1400661634962708,237.017,8.233793356594674,2.108246826675577,West North Central,0.0,0.0,0.0,True,False,False,False,25.0,25,1,2.0,25.0,25,1,2.0
46,2015,4,2015q4,South Dakota -- Statewide,30819.666666666668,10.33590829332784,288,South Dakota,SD,7.25,8.5,7.25,8.5,7.25,8.5,28,8.5,2.1400661634962708,237.017,8.233793356594674,2.108246826675577,West North Central,0.0,0.0,0.0,True,False,False,False,25.0,25,1,3.0,25.0,25,1,3.0
46,2016,1,2016q1,South Dakota -- Statewide,29892.333333333332,10.305357316243636,267,South Dakota,SD,7.25,8.550000190734863,7.25,8.550000190734863,7.25,8.550000190734863,29,8.550000190734863,2.14593130525684,240.007,8.17904787690184,2.1015757473732934,West North Central,0.05000019073486328,0.05000019073486328,0.00586514176056907,True,True,False,False,25.0,25,1,4.0,25.0,25,1,4.0
46,2016,2,2016q2,South Dakota -- Statewide,31495.0,10.357584082056029,286,South Dakota,SD,7.25,8.550000190734863,7.25,8.550000190734863,7.25,8.550000190734863,30,8.550000190734863,2.14593130525684,240.007,8.17904787690184,2.1015757473732934,West North Central,0.0,0.0,0.0,True,False,False,False,25.0,25,1,5.0,25.0,25,1,5.0
46,2016,3,2016q3,South Dakota -- Statewide,32864.666666666664,10.400153398144086,301,South Dakota,SD,7.25,8.550000190734863,7.25,8.550000190734863,7.25,8.550000190734863,31,8.550000190734863,2.14593130525684,240.007,8.17904787690184,2.1015757473732934,West North Central,0.0,0.0,0.0,True,False,False,False,25.0,25,1,6.0,25.0,25,1,6.0
46,2016,4,2016q4,South Dakota -- Statewide,31234.666666666668,10.349283868081601,295,South Dakota,SD,7.25,8.550000190734863,7.25,8.550000190734863,7.25,8.550000190734863,32,8.550000190734863,2.14593130525684,240.007,8.17904787690184,2.1015757473732934,West North Central,0.0,0.0,0.0,True,False,False,False,25.0,25,1,7.0,25.0,25,1,7.0
46,2017,1,2017q1,South Dakota -- Statewide,30172.0,10.314669620973522,282,South Dakota,SD,7.25,8.649999618530273,7.25,8.649999618530273,7.25,8.649999618530273,33,8.649999618530273,2.1575592768432403,245.12,8.10210514203998,2.0921239219907872,West North Central,0.09999942779541016,0.09999942779541016,0.011627971586400498,True,True,True,False,25.0,25,1,8.0,25.0,25,1,8.0
46,2017,2,2017q2,South Dakota -- Statewide,31972.0,10.37261579874591,292,South Dakota,SD,7.25,8.649999618530273,7.25,8.649999618530273,7.25,8.649999618530273,34,8.649999618530273,2.1575592768432403,245.12,8.10210514203998,2.0921239219907872,West North Central,0.0,0.0,0.0,True,False,False,False,25.0,25,1,9.0,25.0,25,1,9.0
46,2017,3,2017q3,South Dakota -- Statewide,32704.333333333332,10.395262865944572,304,South Dakota,SD,7.25,8.649999618530273,7.25,8.649999618530273,7.25,8.649999618530273,35,8.649999618530273,2.1575592768432403,245.12,8.10210514203998,2.0921239219907872,West North Central,0.0,0.0,0.0,True,False,False,False,25.0,25,1,10.0,25.0,25,1,10.0
46,2017,4,2017q4,South Dakota -- Statewide,31344.0,10.352778140184322,304,South Dakota,SD,7.25,8.649999618530273,7.25,8.649999618530273,7.25,8.649999618530273,36,8.649999618530273,2.1575592768432403,245.12,8.10210514203998,2.0921239219907872,West North Central,0.0,0.0,0.0,True,False,False,False,25.0,25,1,11.0,25.0,25,1,11.0
46,2018,1,2018q1,South Dakota -- Statewide,30219.0,10.316226144610791,289,South Dakota,SD,7.25,8.850000381469727,7.25,8.850000381469727,7.25,8.850000381469727,37,8.850000381469727,2.180417502123761,251.107,8.091797471130477,2.090850890708855,West North Central,0.20000076293945312,0.20000076293945312,0.022858225280520728,True,True,True,False,25.0,25,1,12.0,25.0,25,1,12.0
46,2018,2,2018q2,South Dakota -- Statewide,31968.333333333332,10.372501108487679,301,South Dakota,SD,7.25,8.850000381469727,7.25,8.850000381469727,7.25,8.850000381469727,38,8.850000381469727,2.180417502123761,251.107,8.091797471130477,2.090850890708855,West North Central,0.0,0.0,0.0,True,False,False,False,25.0,25,1,13.0,25.0,25,1,13.0
46,2018,3,2018q3,South Dakota -- Statewide,32953.0,10.402837582827095,318,South Dakota,SD,7.25,8.850000381469727,7.25,8.850000381469727,7.25,8.850000381469727,39,8.850000381469727,2.180417502123761,251.107,8.091797471130477,2.090850890708855,West North Central,0.0,0.0,0.0,True,False,False,False,25.0,25,1,14.0,25.0,25,1,14.0
46,2018,4,2018q4,South Dakota -- Statewide,31351.0,10.353001443478973,316,South Dakota,SD,7.25,8.850000381469727,7.25,8.850000381469727,7.25,8.850000381469727,40,8.850000381469727,2.180417502123761,251.107,8.091797471130477,2.090850890708855,West North Central,0.0,0.0,0.0,True,False,False,False,25.0,25,1,15.0,25.0,25,1,15.0
46,2019,1,2019q1,South Dakota -- Statewide,30195.666666666668,10.315453705208874,296,South Dakota,SD,7.25,9.100000381469727,7.25,9.100000381469727,7.25,9.100000381469727,41,9.100000381469727,2.2082744554425537,255.657,8.172299164830848,2.100750284805962,West North Central,0.25,0.25,0.027856953318792677,True,True,True,False,25.0,25,1,16.0,25.0,25,1,16.0
46,2019,2,2019q2,South Dakota -- Statewide,31884.666666666668,10.369880504458147,315,South Dakota,SD,7.25,9.100000381469727,7.25,9.100000381469727,7.25,9.100000381469727,42,9.100000381469727,2.2082744554425537,255.657,8.172299164830848,2.100750284805962,West North Central,0.0,0.0,0.0,True,False,False,False,25.0,25,1,17.0,25.0,25,1,17.0
46,2019,3,2019q3,South Dakota -- Statewide,32937.666666666664,10.402372165359468,334,South Dakota,SD,7.25,9.100000381469727,7.25,9.100000381469727,7.25,9.100000381469727,43,9.100000381469727,2.2082744554425537,255.657,8.172299164830848,2.100750284805962,West North Central,0.0,0.0,0.0,True,False,False,False,25.0,25,1,18.0,25.0,25,1,18.0
46,2019,4,2019q4,South Dakota -- Statewide,31769.333333333332,10.36625674288643,325,South Dakota,SD,7.25,9.100000381469727,7.25,9.100000381469727,7.25,9.100000381469727,44,9.100000381469727,2.2082744554425537,255.657,8.172299164830848,2.100750284805962,West North Central,0.0,0.0,0.0,True,False,False,False,25.0,25,1,19.0,25.0,25,1,19.0
47,2009,1,2009q1,Tennessee -- Statewide,197959.0,12.195815217527503,263,Tennessee,TN,6.55,6.550000190734863,6.550000000000002,6.550000190734863,6.55,6.550000190734863,1,6.550000190734863,1.8794650787669867,214.537,7.009703425477097,1.9472953928016028,East South Central,,,,False,False,False,False,,0,0,,,0,0,
47,2009,2,2009q2,Tennessee -- Statewide,205279.0,12.23212530844243,268,Tennessee,TN,6.55,6.550000190734863,6.550000000000001,6.550000190734863,6.55,6.550000190734863,2,6.550000190734863,1.8794650787669867,214.537,7.009703425477097,1.9472953928016028,East South Central,0.0,0.0,0.0,False,False,False,False,,0,0,,,0,0,
47,2009,3,2009q3,Tennessee -- Statewide,202159.66666666666,12.216813093201727,280,Tennessee,TN,6.55,6.550000190734863,7.075,7.074999809265137,7.25,7.25,3,7.075,1.9565674435293015,214.537,7.571549662762134,2.024397757563918,East South Central,0.5249996185302734,0.5249998092651369,0.0771023647623148,False,False,False,False,,0,0,,,0,0,
47,2009,4,2009q4,Tennessee -- Statewide,199211.0,12.202119843491552,292,Tennessee,TN,7.25,7.25,7.25,7.25,7.25,7.25,4,7.25,1.9810014688665833,214.537,7.758831809897592,2.0488317829011997,East South Central,0.17500019073486328,0.17499999999999982,0.024434025337281895,False,False,False,False,,0,0,,,0,0,
47,2010,1,2010q1,Tennessee -- Statewide,195339.0,12.18249178970916,269,Tennessee,TN,7.25,7.25,7.25,7.25,7.25,7.25,5,7.25,1.9810014688665833,218.056,7.633619345489231,2.032562090031529,East South Central,0.0,0.0,0.0,False,False,False,False,,0,0,,,0,0,
47,2010,2,2010q2,Tennessee -- Statewide,203913.0,12.225448711273673,281,Tennessee,TN,7.25,7.25,7.25,7.25,7.25,7.25,6,7.25,1.9810014688665833,218.056,7.633619345489231,2.032562090031529,East South Central,0.0,0.0,0.0,False,False,False,False,,0,0,,,0,0,
47,2010,3,2010q3,Tennessee -- Statewide,203903.0,12.225399669548965,289,Tennessee,TN,7.25,7.25,7.25,7.25,7.25,7.25,7,7.25,1.9810014688665833,218.056,7.633619345489231,2.032562090031529,East South Central,0.0,0.0,0.0,False,False,False,False,,0,0,,,0,0,
47,2010,4,2010q4,Tennessee -- Statewide,201477.0,12.213430509933366,313,Tennessee,TN,7.25,7.25,7.25,7.25,7.25,7.25,8,7.25,1.9810014688665833,218.056,7.633619345489231,2.032562090031529,East South Central,0.0,0.0,0.0,False,False,False,False,,0,0,,,0,0,
47,2011,1,2011q1,Tennessee -- Statewide,197205.66666666666,12.192002456369996,274,Tennessee,TN,7.25,7.25,7.25,7.25,7.25,7.25,9,7.25,1.9810014688665833,224.939,7.400035120632705,2.0014847462303083,East South Central,0.0,0.0,0.0,False,False,False,False,,0,0,,,0,0,
47,2011,2,2011q2,Tennessee -- Statewide,207902.0,12.244822093809452,285,Tennessee,TN,7.25,7.25,7.25,7.25,7.25,7.25,10,7.25,1.9810014688665833,224.939,7.400035120632705,2.0014847462303083,East South Central,0.0,0.0,0.0,False,False,False,False,,0,0,,,0,0,
47,2011,3,2011q3,Tennessee -- Statewide,207590.0,12.24332025955684,295,Tennessee,TN,7.25,7.25,7.25,7.25,7.25,7.25,11,7.25,1.9810014688665833,224.939,7.400035120632705,2.0014847462303083,East South Central,0.0,0.0,0.0,False,False,False,False,,0,0,,,0,0,
47,2011,4,2011q4,Tennessee -- Statewide,207058.33333333334,12.240755836091019,299,Tennessee,TN,7.25,7.25,7.25,7.25,7.25,7.25,12,7.25,1.9810014688665833,224.939,7.400035120632705,2.0014847462303083,East South Central,0.0,0.0,0.0,False,False,False,False,,0,0,,,0,0,
47,2012,1,2012q1,Tennessee -- Statewide,206006.66666666666,12.235663809707612,291,Tennessee,TN,7.25,7.25,7.25,7.25,7.25,7.25,13,7.25,1.9810014688665833,229.594,7.25,1.9810014688665833,East South Central,0.0,0.0,0.0,False,False,False,False,,0,0,,,0,0,
47,2012,2,2012q2,Tennessee -- Statewide,216539.0,12.285525948769807,293,Tennessee,TN,7.25,7.25,7.25,7.25,7.25,7.25,14,7.25,1.9810014688665833,229.594,7.25,1.9810014688665833,East South Central,0.0,0.0,0.0,False,False,False,False,,0,0,,,0,0,
47,2012,3,2012q3,Tennessee -- Statewide,215828.66666666666,12.282240162032348,293,Tennessee,TN,7.25,7.25,7.25,7.25,7.25,7.25,15,7.25,1.9810014688665833,229.594,7.25,1.9810014688665833,East South Central,0.0,0.0,0.0,False,False,False,False,,0,0,,,0,0,
47,2012,4,2012q4,Tennessee -- Statewide,216513.66666666666,12.285408949913492,304,Tennessee,TN,7.25,7.25,7.25,7.25,7.25,7.25,16,7.25,1.9810014688665833,229.594,7.25,1.9810014688665833,East South Central,0.0,0.0,0.0,False,False,False,False,,0,0,,,0,0,
47,2013,1,2013q1,Tennessee -- Statewide,213492.0,12.271354640222777,284,Tennessee,TN,7.25,7.25,7.25,7.25,7.25,7.25,17,7.25,1.9810014688665833,232.957,7.14533798082908,1.966460113388207,East South Central,0.0,0.0,0.0,False,False,False,False,,0,0,,,0,0,
47,2013,2,2013q2,Tennessee -- Statewide,224920.0,12.323500062406138,292,Tennessee,TN,7.25,7.25,7.25,7.25,7.25,7.25,18,7.25,1.9810014688665833,232.957,7.14533798082908,1.966460113388207,East South Central,0.0,0.0,0.0,False,False,False,False,,0,0,,,0,0,
47,2013,3,2013q3,Tennessee -- Statewide,226112.0,12.328785730718817,295,Tennessee,TN,7.25,7.25,7.25,7.25,7.25,7.25,19,7.25,1.9810014688665833,232.957,7.14533798082908,1.966460113388207,East South Central,0.0,0.0,0.0,False,False,False,False,,0,0,,,0,0,
47,2013,4,2013q4,Tennessee -- Statewide,224042.0,12.319588813261248,308,Tennessee,TN,7.25,7.25,7.25,7.25,7.25,7.25,20,7.25,1.9810014688665833,232.957,7.14533798082908,1.966460113388207,East South Central,0.0,0.0,0.0,False,False,False,False,,0,0,,,0,0,
47,2014,1,2014q1,Tennessee -- Statewide,221028.33333333334,12.30604617741052,286,Tennessee,TN,7.25,7.25,7.25,7.25,7.25,7.25,21,7.25,1.9810014688665833,236.736,7.031277456745066,1.9503684043563676,East South Central,0.0,0.0,0.0,False,False,False,False,,0,0,,,0,0,
47,2014,2,2014q2,Tennessee -- Statewide,232933.0,12.358506137548291,299,Tennessee,TN,7.25,7.25,7.25,7.25,7.25,7.25,22,7.25,1.9810014688665833,236.736,7.031277456745066,1.9503684043563676,East South Central,0.0,0.0,0.0,False,False,False,False,,0,0,,,0,0,
47,2014,3,2014q3,Tennessee -- Statewide,233930.66666666666,12.362780054139122,299,Tennessee,TN,7.25,7.25,7.25,7.25,7.25,7.25,23,7.25,1.9810014688665833,236.736,7.031277456745066,1.9503684043563676,East South Central,0.0,0.0,0.0,False,False,False,False,,0,0,,,0,0,
47,2014,4,2014q4,Tennessee -- Statewide,232826.33333333334,12.358048104135335,310,Tennessee,TN,7.25,7.25,7.25,7.25,7.25,7.25,24,7.25,1.9810014688665833,236.736,7.031277456745066,1.9503684043563676,East South Central,0.0,0.0,0.0,False,False,False,False,,0,0,,,0,0,
47,2015,1,2015q1,Tennessee -- Statewide,229463.0,12.343497075441816,290,Tennessee,TN,7.25,7.25,7.25,7.25,7.25,7.25,25,7.25,1.9810014688665833,237.017,7.022941392389575,1.9491821320458897,East South Central,0.0,0.0,0.0,False,False,False,False,,0,0,,,0,0,
47,2015,2,2015q2,Tennessee -- Statewide,241549.33333333334,12.394829010025664,309,Tennessee,TN,7.25,7.25,7.25,7.25,7.25,7.25,26,7.25,1.9810014688665833,237.017,7.022941392389575,1.9491821320458897,East South Central,0.0,0.0,0.0,False,False,False,False,,0,0,,,0,0,
47,2015,3,2015q3,Tennessee -- Statewide,241008.66666666666,12.392588173098677,314,Tennessee,TN,7.25,7.25,7.25,7.25,7.25,7.25,27,7.25,1.9810014688665833,237.017,7.022941392389575,1.9491821320458897,East South Central,0.0,0.0,0.0,False,False,False,False,,0,0,,,0,0,
47,2015,4,2015q4,Tennessee -- Statewide,242101.0,12.397110273442197,333,Tennessee,TN,7.25,7.25,7.25,7.25,7.25,7.25,28,7.25,1.9810014688665833,237.017,7.022941392389575,1.9491821320458897,East South Central,0.0,0.0,0.0,False,False,False,False,,0,0,,,0,0,
47,2016,1,2016q1,Tennessee -- Statewide,240194.33333333334,12.38920359689817,304,Tennessee,TN,7.25,7.25,7.25,7.25,7.25,7.25,29,7.25,1.9810014688665833,240.007,6.935449799380851,1.9366459109830372,East South Central,0.0,0.0,0.0,False,False,False,False,,0,0,,,0,0,
47,2016,2,2016q2,Tennessee -- Statewide,250701.66666666666,12.432018932176407,321,Tennessee,TN,7.25,7.25,7.25,7.25,7.25,7.25,30,7.25,1.9810014688665833,240.007,6.935449799380851,1.9366459109830372,East South Central,0.0,0.0,0.0,False,False,False,False,,0,0,,,0,0,
47,2016,3,2016q3,Tennessee -- Statewide,250778.66666666666,12.432326022985306,332,Tennessee,TN,7.25,7.25,7.25,7.25,7.25,7.25,31,7.25,1.9810014688665833,240.007,6.935449799380851,1.9366459109830372,East South Central,0.0,0.0,0.0,False,False,False,False,,0,0,,,0,0,
47,2016,4,2016q4,Tennessee -- Statewide,250067.33333333334,12.429485493914006,339,Tennessee,TN,7.25,7.25,7.25,7.25,7.25,7.25,32,7.25,1.9810014688665833,240.007,6.935449799380851,1.9366459109830372,East South Central,0.0,0.0,0.0,False,False,False,False,,0,0,,,0,0,
47,2017,1,2017q1,Tennessee -- Statewide,247516.33333333334,12.419231852079415,324,Tennessee,TN,7.25,7.25,7.25,7.25,7.25,7.25,33,7.25,1.9810014688665833,245.12,6.7907820659268925,1.9155661140141298,East South Central,0.0,0.0,0.0,False,False,False,False,,0,0,,,0,0,
47,2017,2,2017q2,Tennessee -- Statewide,256966.66666666666,12.456701653779243,334,Tennessee,TN,7.25,7.25,7.25,7.25,7.25,7.25,34,7.25,1.9810014688665833,245.12,6.7907820659268925,1.9155661140141298,East South Central,0.0,0.0,0.0,False,False,False,False,,0,0,,,0,0,
47,2017,3,2017q3,Tennessee -- Statewide,256559.66666666666,12.455116535124949,336,Tennessee,TN,7.25,7.25,7.25,7.25,7.25,7.25,35,7.25,1.9810014688665833,245.12,6.7907820659268925,1.9155661140141298,East South Central,0.0,0.0,0.0,False,False,False,False,,0,0,,,0,0,
47,2017,4,2017q4,Tennessee -- Statewide,255694.66666666666,12.451739303285711,350,Tennessee,TN,7.25,7.25,7.25,7.25,7.25,7.25,36,7.25,1.9810014688665833,245.12,6.7907820659268925,1.9155661140141298,East South Central,0.0,0.0,0.0,False,False,False,False,,0,0,,,0,0,
47,2018,1,2018q1,Tennessee -- Statewide,251822.66666666666,12.436480415074186,335,Tennessee,TN,7.25,7.25,7.25,7.25,7.25,7.25,37,7.25,1.9810014688665833,251.107,6.628873348811463,1.8914348574516775,East South Central,0.0,0.0,0.0,False,False,False,False,,0,0,,,0,0,
47,2018,2,2018q2,Tennessee -- Statewide,262336.0,12.47738140386401,346,Tennessee,TN,7.25,7.25,7.25,7.25,7.25,7.25,38,7.25,1.9810014688665833,251.107,6.628873348811463,1.8914348574516775,East South Central,0.0,0.0,0.0,False,False,False,False,,0,0,,,0,0,
47,2018,3,2018q3,Tennessee -- Statewide,262995.3333333333,12.479891567022754,351,Tennessee,TN,7.25,7.25,7.25,7.25,7.25,7.25,39,7.25,1.9810014688665833,251.107,6.628873348811463,1.8914348574516775,East South Central,0.0,0.0,0.0,False,False,False,False,,0,0,,,0,0,
47,2018,4,2018q4,Tennessee -- Statewide,261876.0,12.475626388267,366,Tennessee,TN,7.25,7.25,7.25,7.25,7.25,7.25,40,7.25,1.9810014688665833,251.107,6.628873348811463,1.8914348574516775,East South Central,0.0,0.0,0.0,False,False,False,False,,0,0,,,0,0,
47,2019,1,2019q1,Tennessee -- Statewide,258542.0,12.462813435554905,345,Tennessee,TN,7.25,7.25,7.25,7.25,7.25,7.25,41,7.25,1.9810014688665833,255.657,6.510897413331143,1.8734772982299916,East South Central,0.0,0.0,0.0,False,False,False,False,,0,0,,,0,0,
47,2019,2,2019q2,Tennessee -- Statewide,268213.3333333333,12.499537962737682,361,Tennessee,TN,7.25,7.25,7.25,7.25,7.25,7.25,42,7.25,1.9810014688665833,255.657,6.510897413331143,1.8734772982299916,East South Central,0.0,0.0,0.0,False,False,False,False,,0,0,,,0,0,
47,2019,3,2019q3,Tennessee -- Statewide,269547.6666666667,12.5045005244397,365,Tennessee,TN,7.25,7.25,7.25,7.25,7.25,7.25,43,7.25,1.9810014688665833,255.657,6.510897413331143,1.8734772982299916,East South Central,0.0,0.0,0.0,False,False,False,False,,0,0,,,0,0,
47,2019,4,2019q4,Tennessee -- Statewide,265935.3333333333,12.491008450438928,377,Tennessee,TN,7.25,7.25,7.25,7.25,7.25,7.25,44,7.25,1.9810014688665833,255.657,6.510897413331143,1.8734772982299916,East South Central,0.0,0.0,0.0,False,False,False,False,,0,0,,,0,0,
48,2009,1,2009q1,Texas -- Statewide,788220.3333333334,13.577532940585296,285,Texas,TX,6.55,6.550000190734863,6.550000000000002,6.550000190734863,6.55,6.550000190734863,1,6.550000190734863,1.8794650787669867,214.537,7.009703425477097,1.9472953928016028,West South Central,,,,False,False,False,False,,0,0,,,0,0,
48,2009,2,2009q2,Texas -- Statewide,810676.3333333334,13.605624157671096,288,Texas,TX,6.55,6.550000190734863,6.550000000000001,6.550000190734863,6.55,6.550000190734863,2,6.550000190734863,1.8794650787669867,214.537,7.009703425477097,1.9472953928016028,West South Central,0.0,0.0,0.0,False,False,False,False,,0,0,,,0,0,
48,2009,3,2009q3,Texas -- Statewide,800739.6666666666,13.593291162819506,294,Texas,TX,6.55,6.550000190734863,7.075,7.074999809265137,7.25,7.25,3,7.075,1.9565674435293015,214.537,7.571549662762134,2.024397757563918,West South Central,0.5249996185302734,0.5249998092651369,0.0771023647623148,False,False,False,False,,0,0,,,0,0,
48,2009,4,2009q4,Texas -- Statewide,783918.3333333334,13.572060127240155,305,Texas,TX,7.25,7.25,7.25,7.25,7.25,7.25,4,7.25,1.9810014688665833,214.537,7.758831809897592,2.0488317829011997,West South Central,0.17500019073486328,0.17499999999999982,0.024434025337281895,False,False,False,False,,0,0,,,0,0,
48,2010,1,2010q1,Texas -- Statewide,776142.6666666666,13.562091631064488,293,Texas,TX,7.25,7.25,7.25,7.25,7.25,7.25,5,7.25,1.9810014688665833,218.056,7.633619345489231,2.032562090031529,West South Central,0.0,0.0,0.0,False,False,False,False,,0,0,,,0,0,
48,2010,2,2010q2,Texas -- Statewide,804893.6666666666,13.598465456578595,300,Texas,TX,7.25,7.25,7.25,7.25,7.25,7.25,6,7.25,1.9810014688665833,218.056,7.633619345489231,2.032562090031529,West South Central,0.0,0.0,0.0,False,False,False,False,,0,0,,,0,0,
48,2010,3,2010q3,Texas -- Statewide,801167.3333333334,13.593825109767522,305,Texas,TX,7.25,7.25,7.25,7.25,7.25,7.25,7,7.25,1.9810014688665833,218.056,7.633619345489231,2.032562090031529,West South Central,0.0,0.0,0.0,False,False,False,False,,0,0,,,0,0,
48,2010,4,2010q4,Texas -- Statewide,801864.0,13.594694296409155,317,Texas,TX,7.25,7.25,7.25,7.25,7.25,7.25,8,7.25,1.9810014688665833,218.056,7.633619345489231,2.032562090031529,West South Central,0.0,0.0,0.0,False,False,False,False,,0,0,,,0,0,
48,2011,1,2011q1,Texas -- Statewide,801640.6666666666,13.594415739895513,299,Texas,TX,7.25,7.25,7.25,7.25,7.25,7.25,9,7.25,1.9810014688665833,224.939,7.400035120632705,2.0014847462303083,West South Central,0.0,0.0,0.0,False,False,False,False,,0,0,,,0,0,
48,2011,2,2011q2,Texas -- Statewide,837235.0,13.637860074700201,306,Texas,TX,7.25,7.25,7.25,7.25,7.25,7.25,10,7.25,1.9810014688665833,224.939,7.400035120632705,2.0014847462303083,West South Central,0.0,0.0,0.0,False,False,False,False,,0,0,,,0,0,
48,2011,3,2011q3,Texas -- Statewide,835000.6666666666,13.635187802235867,317,Texas,TX,7.25,7.25,7.25,7.25,7.25,7.25,11,7.25,1.9810014688665833,224.939,7.400035120632705,2.0014847462303083,West South Central,0.0,0.0,0.0,False,False,False,False,,0,0,,,0,0,
48,2011,4,2011q4,Texas -- Statewide,833844.3333333334,13.633802013240022,316,Texas,TX,7.25,7.25,7.25,7.25,7.25,7.25,12,7.25,1.9810014688665833,224.939,7.400035120632705,2.0014847462303083,West South Central,0.0,0.0,0.0,False,False,False,False,,0,0,,,0,0,
48,2012,1,2012q1,Texas -- Statewide,836932.6666666666,13.63749890019822,314,Texas,TX,7.25,7.25,7.25,7.25,7.25,7.25,13,7.25,1.9810014688665833,229.594,7.25,1.9810014688665833,West South Central,0.0,0.0,0.0,False,False,False,False,,0,0,,,0,0,
48,2012,2,2012q2,Texas -- Statewide,875707.0,13.682786839083484,315,Texas,TX,7.25,7.25,7.25,7.25,7.25,7.25,14,7.25,1.9810014688665833,229.594,7.25,1.9810014688665833,West South Central,0.0,0.0,0.0,False,False,False,False,,0,0,,,0,0,
48,2012,3,2012q3,Texas -- Statewide,875099.3333333334,13.682092682705935,318,Texas,TX,7.25,7.25,7.25,7.25,7.25,7.25,15,7.25,1.9810014688665833,229.594,7.25,1.9810014688665833,West South Central,0.0,0.0,0.0,False,False,False,False,,0,0,,,0,0,
48,2012,4,2012q4,Texas -- Statewide,876609.6666666666,13.683817094360602,326,Texas,TX,7.25,7.25,7.25,7.25,7.25,7.25,16,7.25,1.9810014688665833,229.594,7.25,1.9810014688665833,West South Central,0.0,0.0,0.0,False,False,False,False,,0,0,,,0,0,
48,2013,1,2013q1,Texas -- Statewide,882455.6666666666,13.690463830455949,315,Texas,TX,7.25,7.25,7.25,7.25,7.25,7.25,17,7.25,1.9810014688665833,232.957,7.14533798082908,1.966460113388207,West South Central,0.0,0.0,0.0,False,False,False,False,,0,0,,,0,0,
48,2013,2,2013q2,Texas -- Statewide,921512.3333333334,13.733771439977852,320,Texas,TX,7.25,7.25,7.25,7.25,7.25,7.25,18,7.25,1.9810014688665833,232.957,7.14533798082908,1.966460113388207,West South Central,0.0,0.0,0.0,False,False,False,False,,0,0,,,0,0,
48,2013,3,2013q3,Texas -- Statewide,921105.3333333334,13.733329677137974,325,Texas,TX,7.25,7.25,7.25,7.25,7.25,7.25,19,7.25,1.9810014688665833,232.957,7.14533798082908,1.966460113388207,West South Central,0.0,0.0,0.0,False,False,False,False,,0,0,,,0,0,
48,2013,4,2013q4,Texas -- Statewide,916474.0,13.72828897706517,330,Texas,TX,7.25,7.25,7.25,7.25,7.25,7.25,20,7.25,1.9810014688665833,232.957,7.14533798082908,1.966460113388207,West South Central,0.0,0.0,0.0,False,False,False,False,,0,0,,,0,0,
48,2014,1,2014q1,Texas -- Statewide,918718.3333333334,13.730734861794998,323,Texas,TX,7.25,7.25,7.25,7.25,7.25,7.25,21,7.25,1.9810014688665833,236.736,7.031277456745066,1.9503684043563676,West South Central,0.0,0.0,0.0,False,False,False,False,,0,0,,,0,0,
48,2014,2,2014q2,Texas -- Statewide,959926.6666666666,13.77461217163735,327,Texas,TX,7.25,7.25,7.25,7.25,7.25,7.25,22,7.25,1.9810014688665833,236.736,7.031277456745066,1.9503684043563676,West South Central,0.0,0.0,0.0,False,False,False,False,,0,0,,,0,0,
48,2014,3,2014q3,Texas -- Statewide,957605.3333333334,13.772191002689645,329,Texas,TX,7.25,7.25,7.25,7.25,7.25,7.25,23,7.25,1.9810014688665833,236.736,7.031277456745066,1.9503684043563676,West South Central,0.0,0.0,0.0,False,False,False,False,,0,0,,,0,0,
48,2014,4,2014q4,Texas -- Statewide,956972.0,13.77152941190884,343,Texas,TX,7.25,7.25,7.25,7.25,7.25,7.25,24,7.25,1.9810014688665833,236.736,7.031277456745066,1.9503684043563676,West South Central,0.0,0.0,0.0,False,False,False,False,,0,0,,,0,0,
48,2015,1,2015q1,Texas -- Statewide,957968.3333333334,13.772570001431026,332,Texas,TX,7.25,7.25,7.25,7.25,7.25,7.25,25,7.25,1.9810014688665833,237.017,7.022941392389575,1.9491821320458897,West South Central,0.0,0.0,0.0,False,False,False,False,,0,0,,,0,0,
48,2015,2,2015q2,Texas -- Statewide,1002723.0,13.818229857316162,338,Texas,TX,7.25,7.25,7.25,7.25,7.25,7.25,26,7.25,1.9810014688665833,237.017,7.022941392389575,1.9491821320458897,West South Central,0.0,0.0,0.0,False,False,False,False,,0,0,,,0,0,
48,2015,3,2015q3,Texas -- Statewide,1007069.3333333334,13.82255502070427,342,Texas,TX,7.25,7.25,7.25,7.25,7.25,7.25,27,7.25,1.9810014688665833,237.017,7.022941392389575,1.9491821320458897,West South Central,0.0,0.0,0.0,False,False,False,False,,0,0,,,0,0,
48,2015,4,2015q4,Texas -- Statewide,1005420.3333333334,13.820916254159176,354,Texas,TX,7.25,7.25,7.25,7.25,7.25,7.25,28,7.25,1.9810014688665833,237.017,7.022941392389575,1.9491821320458897,West South Central,0.0,0.0,0.0,False,False,False,False,,0,0,,,0,0,
48,2016,1,2016q1,Texas -- Statewide,1009333.0,13.824800274620321,339,Texas,TX,7.25,7.25,7.25,7.25,7.25,7.25,29,7.25,1.9810014688665833,240.007,6.935449799380851,1.9366459109830372,West South Central,0.0,0.0,0.0,False,False,False,False,,0,0,,,0,0,
48,2016,2,2016q2,Texas -- Statewide,1046331.3333333334,13.860800635717391,344,Texas,TX,7.25,7.25,7.25,7.25,7.25,7.25,30,7.25,1.9810014688665833,240.007,6.935449799380851,1.9366459109830372,West South Central,0.0,0.0,0.0,False,False,False,False,,0,0,,,0,0,
48,2016,3,2016q3,Texas -- Statewide,1042159.6666666666,13.856805720522875,356,Texas,TX,7.25,7.25,7.25,7.25,7.25,7.25,31,7.25,1.9810014688665833,240.007,6.935449799380851,1.9366459109830372,West South Central,0.0,0.0,0.0,False,False,False,False,,0,0,,,0,0,
48,2016,4,2016q4,Texas -- Statewide,1035027.6666666666,13.849938715403242,356,Texas,TX,7.25,7.25,7.25,7.25,7.25,7.25,32,7.25,1.9810014688665833,240.007,6.935449799380851,1.9366459109830372,West South Central,0.0,0.0,0.0,False,False,False,False,,0,0,,,0,0,
48,2017,1,2017q1,Texas -- Statewide,1034645.3333333334,13.84956925284787,356,Texas,TX,7.25,7.25,7.25,7.25,7.25,7.25,33,7.25,1.9810014688665833,245.12,6.7907820659268925,1.9155661140141298,West South Central,0.0,0.0,0.0,False,False,False,False,,0,0,,,0,0,
48,2017,2,2017q2,Texas -- Statewide,1066030.0,13.879452025901049,358,Texas,TX,7.25,7.25,7.25,7.25,7.25,7.25,34,7.25,1.9810014688665833,245.12,6.7907820659268925,1.9155661140141298,West South Central,0.0,0.0,0.0,False,False,False,False,,0,0,,,0,0,
48,2017,3,2017q3,Texas -- Statewide,1062916.6666666667,13.876527259770048,354,Texas,TX,7.25,7.25,7.25,7.25,7.25,7.25,35,7.25,1.9810014688665833,245.12,6.7907820659268925,1.9155661140141298,West South Central,0.0,0.0,0.0,False,False,False,False,,0,0,,,0,0,
48,2017,4,2017q4,Texas -- Statewide,1058932.6666666667,13.87277204056653,367,Texas,TX,7.25,7.25,7.25,7.25,7.25,7.25,36,7.25,1.9810014688665833,245.12,6.7907820659268925,1.9155661140141298,West South Central,0.0,0.0,0.0,False,False,False,False,,0,0,,,0,0,
48,2018,1,2018q1,Texas -- Statewide,1059590.6666666667,13.873393227985904,364,Texas,TX,7.25,7.25,7.25,7.25,7.25,7.25,37,7.25,1.9810014688665833,251.107,6.628873348811463,1.8914348574516775,West South Central,0.0,0.0,0.0,False,False,False,False,,0,0,,,0,0,
48,2018,2,2018q2,Texas -- Statewide,1092099.6666666667,13.90361270096342,371,Texas,TX,7.25,7.25,7.25,7.25,7.25,7.25,38,7.25,1.9810014688665833,251.107,6.628873348811463,1.8914348574516775,West South Central,0.0,0.0,0.0,False,False,False,False,,0,0,,,0,0,
48,2018,3,2018q3,Texas -- Statewide,1094088.0,13.905431697485897,369,Texas,TX,7.25,7.25,7.25,7.25,7.25,7.25,39,7.25,1.9810014688665833,251.107,6.628873348811463,1.8914348574516775,West South Central,0.0,0.0,0.0,False,False,False,False,,0,0,,,0,0,
48,2018,4,2018q4,Texas -- Statewide,1087753.6666666667,13.89962527144984,383,Texas,TX,7.25,7.25,7.25,7.25,7.25,7.25,40,7.25,1.9810014688665833,251.107,6.628873348811463,1.8914348574516775,West South Central,0.0,0.0,0.0,False,False,False,False,,0,0,,,0,0,
48,2019,1,2019q1,Texas -- Statewide,1088783.3333333333,13.900571422830204,375,Texas,TX,7.25,7.25,7.25,7.25,7.25,7.25,41,7.25,1.9810014688665833,255.657,6.510897413331143,1.8734772982299916,West South Central,0.0,0.0,0.0,False,False,False,False,,0,0,,,0,0,
48,2019,2,2019q2,Texas -- Statewide,1120496.0,13.929282002381852,381,Texas,TX,7.25,7.25,7.25,7.25,7.25,7.25,42,7.25,1.9810014688665833,255.657,6.510897413331143,1.8734772982299916,West South Central,0.0,0.0,0.0,False,False,False,False,,0,0,,,0,0,
48,2019,3,2019q3,Texas -- Statewide,1123142.0,13.931640672743749,393,Texas,TX,7.25,7.25,7.25,7.25,7.25,7.25,43,7.25,1.9810014688665833,255.657,6.510897413331143,1.8734772982299916,West South Central,0.0,0.0,0.0,False,False,False,False,,0,0,,,0,0,
48,2019,4,2019q4,Texas -- Statewide,1117597.0,13.926691402597736,393,Texas,TX,7.25,7.25,7.25,7.25,7.25,7.25,44,7.25,1.9810014688665833,255.657,6.510897413331143,1.8734772982299916,West South Central,0.0,0.0,0.0,False,False,False,False,,0,0,,,0,0,
49,2009,1,2009q1,Utah -- Statewide,75233.0,11.228345243467533,244,Utah,UT,6.55,6.550000190734863,6.550000000000002,6.550000190734863,6.55,6.550000190734863,1,6.550000190734863,1.8794650787669867,214.537,7.009703425477097,1.9472953928016028,Mountain,,,,False,False,False,False,,0,0,,,0,0,
49,2009,2,2009q2,Utah -- Statewide,76606.33333333333,11.24643503290265,247,Utah,UT,6.55,6.550000190734863,6.550000000000001,6.550000190734863,6.55,6.550000190734863,2,6.550000190734863,1.8794650787669867,214.537,7.009703425477097,1.9472953928016028,Mountain,0.0,0.0,0.0,False,False,False,False,,0,0,,,0,0,
49,2009,3,2009q3,Utah -- Statewide,77189.0,11.254012238813992,252,Utah,UT,6.55,6.550000190734863,7.075,7.074999809265137,7.25,7.25,3,7.075,1.9565674435293015,214.537,7.571549662762134,2.024397757563918,Mountain,0.5249996185302734,0.5249998092651369,0.0771023647623148,False,False,False,False,,0,0,,,0,0,
49,2009,4,2009q4,Utah -- Statewide,74451.0,11.217896469855393,255,Utah,UT,7.25,7.25,7.25,7.25,7.25,7.25,4,7.25,1.9810014688665833,214.537,7.758831809897592,2.0488317829011997,Mountain,0.17500019073486328,0.17499999999999982,0.024434025337281895,False,False,False,False,,0,0,,,0,0,
49,2010,1,2010q1,Utah -- Statewide,73427.0,11.204046994374778,251,Utah,UT,7.25,7.25,7.25,7.25,7.25,7.25,5,7.25,1.9810014688665833,218.056,7.633619345489231,2.032562090031529,Mountain,0.0,0.0,0.0,False,False,False,False,,0,0,,,0,0,
49,2010,2,2010q2,Utah -- Statewide,76490.33333333333,11.244919650174547,251,Utah,UT,7.25,7.25,7.25,7.25,7.25,7.25,6,7.25,1.9810014688665833,218.056,7.633619345489231,2.032562090031529,Mountain,0.0,0.0,0.0,False,False,False,False,,0,0,,,0,0,
49,2010,3,2010q3,Utah -- Statewide,77342.0,11.255992424666598,259,Utah,UT,7.25,7.25,7.25,7.25,7.25,7.25,7,7.25,1.9810014688665833,218.056,7.633619345489231,2.032562090031529,Mountain,0.0,0.0,0.0,False,False,False,False,,0,0,,,0,0,
49,2010,4,2010q4,Utah -- Statewide,75489.0,11.231742229258277,260,Utah,UT,7.25,7.25,7.25,7.25,7.25,7.25,8,7.25,1.9810014688665833,218.056,7.633619345489231,2.032562090031529,Mountain,0.0,0.0,0.0,False,False,False,False,,0,0,,,0,0,
49,2011,1,2011q1,Utah -- Statewide,75116.66666666667,11.226797739450685,253,Utah,UT,7.25,7.25,7.25,7.25,7.25,7.25,9,7.25,1.9810014688665833,224.939,7.400035120632705,2.0014847462303083,Mountain,0.0,0.0,0.0,False,False,False,False,,0,0,,,0,0,
49,2011,2,2011q2,Utah -- Statewide,78502.33333333333,11.270883627320258,256,Utah,UT,7.25,7.25,7.25,7.25,7.25,7.25,10,7.25,1.9810014688665833,224.939,7.400035120632705,2.0014847462303083,Mountain,0.0,0.0,0.0,False,False,False,False,,0,0,,,0,0,
49,2011,3,2011q3,Utah -- Statewide,79566.0,11.284342144905654,268,Utah,UT,7.25,7.25,7.25,7.25,7.25,7.25,11,7.25,1.9810014688665833,224.939,7.400035120632705,2.0014847462303083,Mountain,0.0,0.0,0.0,False,False,False,False,,0,0,,,0,0,
49,2011,4,2011q4,Utah -- Statewide,77645.33333333333,11.259906728037198,261,Utah,UT,7.25,7.25,7.25,7.25,7.25,7.25,12,7.25,1.9810014688665833,224.939,7.400035120632705,2.0014847462303083,Mountain,0.0,0.0,0.0,False,False,False,False,,0,0,,,0,0,
49,2012,1,2012q1,Utah -- Statewide,77526.66666666667,11.258377242178925,269,Utah,UT,7.25,7.25,7.25,7.25,7.25,7.25,13,7.25,1.9810014688665833,229.594,7.25,1.9810014688665833,Mountain,0.0,0.0,0.0,False,False,False,False,,0,0,,,0,0,
49,2012,2,2012q2,Utah -- Statewide,81918.0,11.313474025912807,265,Utah,UT,7.25,7.25,7.25,7.25,7.25,7.25,14,7.25,1.9810014688665833,229.594,7.25,1.9810014688665833,Mountain,0.0,0.0,0.0,False,False,False,False,,0,0,,,0,0,
49,2012,3,2012q3,Utah -- Statewide,83220.33333333333,11.329246987976319,268,Utah,UT,7.25,7.25,7.25,7.25,7.25,7.25,15,7.25,1.9810014688665833,229.594,7.25,1.9810014688665833,Mountain,0.0,0.0,0.0,False,False,False,False,,0,0,,,0,0,
49,2012,4,2012q4,Utah -- Statewide,82245.33333333333,11.317461929429328,272,Utah,UT,7.25,7.25,7.25,7.25,7.25,7.25,16,7.25,1.9810014688665833,229.594,7.25,1.9810014688665833,Mountain,0.0,0.0,0.0,False,False,False,False,,0,0,,,0,0,
49,2013,1,2013q1,Utah -- Statewide,82054.0,11.315132846091688,266,Utah,UT,7.25,7.25,7.25,7.25,7.25,7.25,17,7.25,1.9810014688665833,232.957,7.14533798082908,1.966460113388207,Mountain,0.0,0.0,0.0,False,False,False,False,,0,0,,,0,0,
49,2013,2,2013q2,Utah -- Statewide,86246.33333333333,11.364962821912647,266,Utah,UT,7.25,7.25,7.25,7.25,7.25,7.25,18,7.25,1.9810014688665833,232.957,7.14533798082908,1.966460113388207,Mountain,0.0,0.0,0.0,False,False,False,False,,0,0,,,0,0,
49,2013,3,2013q3,Utah -- Statewide,87707.66666666667,11.381764593771667,268,Utah,UT,7.25,7.25,7.25,7.25,7.25,7.25,19,7.25,1.9810014688665833,232.957,7.14533798082908,1.966460113388207,Mountain,0.0,0.0,0.0,False,False,False,False,,0,0,,,0,0,
49,2013,4,2013q4,Utah -- Statewide,85874.0,11.360636384624243,269,Utah,UT,7.25,7.25,7.25,7.25,7.25,7.25,20,7.25,1.9810014688665833,232.957,7.14533798082908,1.966460113388207,Mountain,0.0,0.0,0.0,False,False,False,False,,0,0,,,0,0,
49,2014,1,2014q1,Utah -- Statewide,85577.0,11.357171834436997,269,Utah,UT,7.25,7.25,7.25,7.25,7.25,7.25,21,7.25,1.9810014688665833,236.736,7.031277456745066,1.9503684043563676,Mountain,0.0,0.0,0.0,False,False,False,False,,0,0,,,0,0,
49,2014,2,2014q2,Utah -- Statewide,89415.66666666667,11.401051188164908,272,Utah,UT,7.25,7.25,7.25,7.25,7.25,7.25,22,7.25,1.9810014688665833,236.736,7.031277456745066,1.9503684043563676,Mountain,0.0,0.0,0.0,False,False,False,False,,0,0,,,0,0,
49,2014,3,2014q3,Utah -- Statewide,90827.0,11.4167118772158,277,Utah,UT,7.25,7.25,7.25,7.25,7.25,7.25,23,7.25,1.9810014688665833,236.736,7.031277456745066,1.9503684043563676,Mountain,0.0,0.0,0.0,False,False,False,False,,0,0,,,0,0,
49,2014,4,2014q4,Utah -- Statewide,89337.66666666667,11.400178477111123,281,Utah,UT,7.25,7.25,7.25,7.25,7.25,7.25,24,7.25,1.9810014688665833,236.736,7.031277456745066,1.9503684043563676,Mountain,0.0,0.0,0.0,False,False,False,False,,0,0,,,0,0,
49,2015,1,2015q1,Utah -- Statewide,89358.0,11.400406052113922,283,Utah,UT,7.25,7.25,7.25,7.25,7.25,7.25,25,7.25,1.9810014688665833,237.017,7.022941392389575,1.9491821320458897,Mountain,0.0,0.0,0.0,False,False,False,False,,0,0,,,0,0,
49,2015,2,2015q2,Utah -- Statewide,93231.0,11.442835563394322,285,Utah,UT,7.25,7.25,7.25,7.25,7.25,7.25,26,7.25,1.9810014688665833,237.017,7.022941392389575,1.9491821320458897,Mountain,0.0,0.0,0.0,False,False,False,False,,0,0,,,0,0,
49,2015,3,2015q3,Utah -- Statewide,94988.0,11.461505846814694,293,Utah,UT,7.25,7.25,7.25,7.25,7.25,7.25,27,7.25,1.9810014688665833,237.017,7.022941392389575,1.9491821320458897,Mountain,0.0,0.0,0.0,False,False,False,False,,0,0,,,0,0,
49,2015,4,2015q4,Utah -- Statewide,93414.0,11.44479650591773,299,Utah,UT,7.25,7.25,7.25,7.25,7.25,7.25,28,7.25,1.9810014688665833,237.017,7.022941392389575,1.9491821320458897,Mountain,0.0,0.0,0.0,False,False,False,False,,0,0,,,0,0,
49,2016,1,2016q1,Utah -- Statewide,92557.0,11.435579949933482,289,Utah,UT,7.25,7.25,7.25,7.25,7.25,7.25,29,7.25,1.9810014688665833,240.007,6.935449799380851,1.9366459109830372,Mountain,0.0,0.0,0.0,False,False,False,False,,0,0,,,0,0,
49,2016,2,2016q2,Utah -- Statewide,96315.66666666667,11.475386270604814,294,Utah,UT,7.25,7.25,7.25,7.25,7.25,7.25,30,7.25,1.9810014688665833,240.007,6.935449799380851,1.9366459109830372,Mountain,0.0,0.0,0.0,False,False,False,False,,0,0,,,0,0,
49,2016,3,2016q3,Utah -- Statewide,97965.0,11.492365551004868,311,Utah,UT,7.25,7.25,7.25,7.25,7.25,7.25,31,7.25,1.9810014688665833,240.007,6.935449799380851,1.9366459109830372,Mountain,0.0,0.0,0.0,False,False,False,False,,0,0,,,0,0,
49,2016,4,2016q4,Utah -- Statewide,95895.0,11.471009121868937,304,Utah,UT,7.25,7.25,7.25,7.25,7.25,7.25,32,7.25,1.9810014688665833,240.007,6.935449799380851,1.9366459109830372,Mountain,0.0,0.0,0.0,False,False,False,False,,0,0,,,0,0,
49,2017,1,2017q1,Utah -- Statewide,95374.0,11.465561283603876,310,Utah,UT,7.25,7.25,7.25,7.25,7.25,7.25,33,7.25,1.9810014688665833,245.12,6.7907820659268925,1.9155661140141298,Mountain,0.0,0.0,0.0,False,False,False,False,,0,0,,,0,0,
49,2017,2,2017q2,Utah -- Statewide,98904.33333333333,11.501908331952592,308,Utah,UT,7.25,7.25,7.25,7.25,7.25,7.25,34,7.25,1.9810014688665833,245.12,6.7907820659268925,1.9155661140141298,Mountain,0.0,0.0,0.0,False,False,False,False,,0,0,,,0,0,
49,2017,3,2017q3,Utah -- Statewide,100290.66666666667,11.515827915449398,314,Utah,UT,7.25,7.25,7.25,7.25,7.25,7.25,35,7.25,1.9810014688665833,245.12,6.7907820659268925,1.9155661140141298,Mountain,0.0,0.0,0.0,False,False,False,False,,0,0,,,0,0,
49,2017,4,2017q4,Utah -- Statewide,98339.66666666667,11.49618275135948,317,Utah,UT,7.25,7.25,7.25,7.25,7.25,7.25,36,7.25,1.9810014688665833,245.12,6.7907820659268925,1.9155661140141298,Mountain,0.0,0.0,0.0,False,False,False,False,,0,0,,,0,0,
49,2018,1,2018q1,Utah -- Statewide,99614.33333333333,11.509061342187998,317,Utah,UT,7.25,7.25,7.25,7.25,7.25,7.25,37,7.25,1.9810014688665833,251.107,6.628873348811463,1.8914348574516775,Mountain,0.0,0.0,0.0,False,False,False,False,,0,0,,,0,0,
49,2018,2,2018q2,Utah -- Statewide,102640.0,11.538982999289518,319,Utah,UT,7.25,7.25,7.25,7.25,7.25,7.25,38,7.25,1.9810014688665833,251.107,6.628873348811463,1.8914348574516775,Mountain,0.0,0.0,0.0,False,False,False,False,,0,0,,,0,0,
49,2018,3,2018q3,Utah -- Statewide,104916.0,11.560915308968891,326,Utah,UT,7.25,7.25,7.25,7.25,7.25,7.25,39,7.25,1.9810014688665833,251.107,6.628873348811463,1.8914348574516775,Mountain,0.0,0.0,0.0,False,False,False,False,,0,0,,,0,0,
49,2018,4,2018q4,Utah -- Statewide,102648.0,11.539060938574854,329,Utah,UT,7.25,7.25,7.25,7.25,7.25,7.25,40,7.25,1.9810014688665833,251.107,6.628873348811463,1.8914348574516775,Mountain,0.0,0.0,0.0,False,False,False,False,,0,0,,,0,0,
49,2019,1,2019q1,Utah -- Statewide,102627.66666666667,11.538862830988796,326,Utah,UT,7.25,7.25,7.25,7.25,7.25,7.25,41,7.25,1.9810014688665833,255.657,6.510897413331143,1.8734772982299916,Mountain,0.0,0.0,0.0,False,False,False,False,,0,0,,,0,0,
49,2019,2,2019q2,Utah -- Statewide,106337.66666666667,11.574374844619614,333,Utah,UT,7.25,7.25,7.25,7.25,7.25,7.25,42,7.25,1.9810014688665833,255.657,6.510897413331143,1.8734772982299916,Mountain,0.0,0.0,0.0,False,False,False,False,,0,0,,,0,0,
49,2019,3,2019q3,Utah -- Statewide,107713.0,11.587225561524019,341,Utah,UT,7.25,7.25,7.25,7.25,7.25,7.25,43,7.25,1.9810014688665833,255.657,6.510897413331143,1.8734772982299916,Mountain,0.0,0.0,0.0,False,False,False,False,,0,0,,,0,0,
49,2019,4,2019q4,Utah -- Statewide,105722.0,11.568568286435614,346,Utah,UT,7.25,7.25,7.25,7.25,7.25,7.25,44,7.25,1.9810014688665833,255.657,6.510897413331143,1.8734772982299916,Mountain,0.0,0.0,0.0,False,False,False,False,,0,0,,,0,0,
50,2009,1,2009q1,Vermont -- Statewide,17242.0,9.75510354676987,284,Vermont,VT,6.55,8.0600004196167,6.550000000000002,8.0600004196167,6.55,8.0600004196167,1,8.0600004196167,2.086913608580161,214.537,8.62568105427724,2.154743922614777,New England,,,,True,False,False,False,9.0,9,0,-8.0,,0,0,
50,2009,2,2009q2,Vermont -- Statewide,17135.666666666668,9.748917340272998,281,Vermont,VT,6.55,8.0600004196167,6.550000000000001,8.0600004196167,6.55,8.0600004196167,2,8.0600004196167,2.086913608580161,214.537,8.62568105427724,2.154743922614777,New England,0.0,0.0,0.0,True,False,False,False,9.0,9,0,-7.0,,0,0,
50,2009,3,2009q3,Vermont -- Statewide,18120.666666666668,9.804808370678817,301,Vermont,VT,6.55,8.0600004196167,7.075,8.0600004196167,7.25,8.0600004196167,3,8.0600004196167,2.086913608580161,214.537,8.62568105427724,2.154743922614777,New England,0.0,0.0,0.0,True,False,False,False,9.0,9,0,-6.0,,0,0,
50,2009,4,2009q4,Vermont -- Statewide,17486.666666666668,9.769193964752755,307,Vermont,VT,7.25,8.0600004196167,7.25,8.0600004196167,7.25,8.0600004196167,4,8.0600004196167,2.086913608580161,214.537,8.62568105427724,2.154743922614777,New England,0.0,0.0,0.0,True,False,False,False,9.0,9,0,-5.0,,0,0,
50,2010,1,2010q1,Vermont -- Statewide,17160.0,9.750336373041954,290,Vermont,VT,7.25,8.0600004196167,7.25,8.0600004196167,7.25,8.0600004196167,5,8.0600004196167,2.086913608580161,218.056,8.486479327977566,2.138474229745106,New England,0.0,0.0,0.0,True,False,False,False,9.0,9,0,-4.0,,0,0,
50,2010,2,2010q2,Vermont -- Statewide,17850.666666666668,9.789796134782998,285,Vermont,VT,7.25,8.0600004196167,7.25,8.0600004196167,7.25,8.0600004196167,6,8.0600004196167,2.086913608580161,218.056,8.486479327977566,2.138474229745106,New England,0.0,0.0,0.0,True,False,False,False,9.0,9,0,-3.0,,0,0,
50,2010,3,2010q3,Vermont -- Statewide,18697.0,9.836118362165275,305,Vermont,VT,7.25,8.0600004196167,7.25,8.0600004196167,7.25,8.0600004196167,7,8.0600004196167,2.086913608580161,218.056,8.486479327977566,2.138474229745106,New England,0.0,0.0,0.0,True,False,False,False,9.0,9,0,-2.0,,0,0,
50,2010,4,2010q4,Vermont -- Statewide,18044.666666666668,9.8006054445686,308,Vermont,VT,7.25,8.0600004196167,7.25,8.0600004196167,7.25,8.0600004196167,8,8.0600004196167,2.086913608580161,218.056,8.486479327977566,2.138474229745106,New England,0.0,0.0,0.0,True,False,False,False,9.0,9,0,-1.0,,0,0,
50,2011,1,2011q1,Vermont -- Statewide,17620.333333333332,9.77680881720756,296,Vermont,VT,7.25,8.149999618530273,7.25,8.149999618530273,7.25,8.149999618530273,9,8.149999618530273,2.098017880446669,224.939,8.318659780726506,2.118501157810394,New England,0.08999919891357422,0.08999919891357422,0.011104271866507975,True,True,True,False,9.0,9,1,0.0,,0,0,
50,2011,2,2011q2,Vermont -- Statewide,17812.0,9.787627666441592,298,Vermont,VT,7.25,8.149999618530273,7.25,8.149999618530273,7.25,8.149999618530273,10,8.149999618530273,2.098017880446669,224.939,8.318659780726506,2.118501157810394,New England,0.0,0.0,0.0,True,False,False,False,9.0,9,1,1.0,,0,0,
50,2011,3,2011q3,Vermont -- Statewide,18698.333333333332,9.836189672310955,323,Vermont,VT,7.25,8.149999618530273,7.25,8.149999618530273,7.25,8.149999618530273,11,8.149999618530273,2.098017880446669,224.939,8.318659780726506,2.118501157810394,New England,0.0,0.0,0.0,True,False,False,False,9.0,9,1,2.0,,0,0,
50,2011,4,2011q4,Vermont -- Statewide,17887.333333333332,9.791848106327704,314,Vermont,VT,7.25,8.149999618530273,7.25,8.149999618530273,7.25,8.149999618530273,12,8.149999618530273,2.098017880446669,224.939,8.318659780726506,2.118501157810394,New England,0.0,0.0,0.0,True,False,False,False,9.0,9,1,3.0,,0,0,
50,2012,1,2012q1,Vermont -- Statewide,17840.0,9.789198406134,315,Vermont,VT,7.25,8.460000038146973,7.25,8.460000038146973,7.25,8.460000038146973,13,8.460000038146973,2.1353491781272305,229.594,8.460000038146973,2.1353491781272305,New England,0.3100004196166992,0.3100004196166992,0.03733129768056154,True,True,True,False,9.0,9,1,4.0,,0,0,
50,2012,2,2012q2,Vermont -- Statewide,18434.333333333332,9.821970146918783,302,Vermont,VT,7.25,8.460000038146973,7.25,8.460000038146973,7.25,8.460000038146973,14,8.460000038146973,2.1353491781272305,229.594,8.460000038146973,2.1353491781272305,New England,0.0,0.0,0.0,True,False,False,False,9.0,9,1,5.0,,0,0,
50,2012,3,2012q3,Vermont -- Statewide,19466.333333333332,9.876441756713932,319,Vermont,VT,7.25,8.460000038146973,7.25,8.460000038146973,7.25,8.460000038146973,15,8.460000038146973,2.1353491781272305,229.594,8.460000038146973,2.1353491781272305,New England,0.0,0.0,0.0,True,False,False,False,9.0,9,1,6.0,,0,0,
50,2012,4,2012q4,Vermont -- Statewide,18581.333333333332,9.829912771544064,322,Vermont,VT,7.25,8.460000038146973,7.25,8.460000038146973,7.25,8.460000038146973,16,8.460000038146973,2.1353491781272305,229.594,8.460000038146973,2.1353491781272305,New England,0.0,0.0,0.0,True,False,False,False,9.0,9,1,7.0,,0,0,
50,2013,1,2013q1,Vermont -- Statewide,18292.666666666668,9.814255529918901,321,Vermont,VT,7.25,8.600000381469727,7.25,8.600000381469727,7.25,8.600000381469727,17,8.600000381469727,2.151762247616406,232.957,8.475849567015201,2.1372208921380293,New England,0.1400003433227539,0.1400003433227539,0.016413069489175758,True,True,True,False,9.0,9,1,8.0,,0,0,
50,2013,2,2013q2,Vermont -- Statewide,18766.333333333332,9.839819763312583,313,Vermont,VT,7.25,8.600000381469727,7.25,8.600000381469727,7.25,8.600000381469727,18,8.600000381469727,2.151762247616406,232.957,8.475849567015201,2.1372208921380293,New England,0.0,0.0,0.0,True,False,False,False,9.0,9,1,9.0,,0,0,
50,2013,3,2013q3,Vermont -- Statewide,19780.0,9.892426605176704,330,Vermont,VT,7.25,8.600000381469727,7.25,8.600000381469727,7.25,8.600000381469727,19,8.600000381469727,2.151762247616406,232.957,8.475849567015201,2.1372208921380293,New England,0.0,0.0,0.0,True,False,False,False,9.0,9,1,10.0,,0,0,
50,2013,4,2013q4,Vermont -- Statewide,19257.666666666668,9.865664528826391,325,Vermont,VT,7.25,8.600000381469727,7.25,8.600000381469727,7.25,8.600000381469727,20,8.600000381469727,2.151762247616406,232.957,8.475849567015201,2.1372208921380293,New England,0.0,0.0,0.0,True,False,False,False,9.0,9,1,11.0,,0,0,
50,2014,1,2014q1,Vermont -- Statewide,18906.0,9.84723461098533,325,Vermont,VT,7.25,8.729999542236328,7.25,8.729999542236328,7.25,8.729999542236328,21,8.729999542236328,2.166765317415808,236.736,8.466627445340833,2.1361322529055924,New England,0.12999916076660156,0.12999916076660156,0.015003069799401914,True,True,True,False,9.0,9,1,12.0,,0,0,
50,2014,2,2014q2,Vermont -- Statewide,19438.333333333332,9.87500234045704,319,Vermont,VT,7.25,8.729999542236328,7.25,8.729999542236328,7.25,8.729999542236328,22,8.729999542236328,2.166765317415808,236.736,8.466627445340833,2.1361322529055924,New England,0.0,0.0,0.0,True,False,False,False,9.0,9,1,13.0,,0,0,
50,2014,3,2014q3,Vermont -- Statewide,20258.0,9.916305056246742,340,Vermont,VT,7.25,8.729999542236328,7.25,8.729999542236328,7.25,8.729999542236328,23,8.729999542236328,2.166765317415808,236.736,8.466627445340833,2.1361322529055924,New England,0.0,0.0,0.0,True,False,False,False,9.0,9,1,14.0,,0,0,
50,2014,4,2014q4,Vermont -- Statewide,19631.666666666668,9.884899187724775,342,Vermont,VT,7.25,8.729999542236328,7.25,8.729999542236328,7.25,8.729999542236328,24,8.729999542236328,2.166765317415808,236.736,8.466627445340833,2.1361322529055924,New England,0.0,0.0,0.0,True,False,False,False,9.0,9,1,15.0,,0,0,
50,2015,1,2015q1,Vermont -- Statewide,19372.333333333332,9.871601210340462,339,Vermont,VT,7.25,9.149999618530273,7.25,9.149999618530273,7.25,9.149999618530273,25,9.149999618530273,2.2137538375967485,237.017,8.863436008458631,2.181934500776055,New England,0.4200000762939453,0.4200000762939453,0.04698852018094035,True,True,True,False,9.0,9,1,16.0,,0,0,
50,2015,2,2015q2,Vermont -- Statewide,19749.0,9.890858136135986,334,Vermont,VT,7.25,9.149999618530273,7.25,9.149999618530273,7.25,9.149999618530273,26,9.149999618530273,2.2137538375967485,237.017,8.863436008458631,2.181934500776055,New England,0.0,0.0,0.0,True,False,False,False,9.0,9,1,17.0,,0,0,
50,2015,3,2015q3,Vermont -- Statewide,20683.333333333332,9.937083501964644,354,Vermont,VT,7.25,9.149999618530273,7.25,9.149999618530273,7.25,9.149999618530273,27,9.149999618530273,2.2137538375967485,237.017,8.863436008458631,2.181934500776055,New England,0.0,0.0,0.0,True,False,False,False,9.0,9,1,18.0,,0,0,
50,2015,4,2015q4,Vermont -- Statewide,20092.333333333332,9.908093595083368,365,Vermont,VT,7.25,9.149999618530273,7.25,9.149999618530273,7.25,9.149999618530273,28,9.149999618530273,2.2137538375967485,237.017,8.863436008458631,2.181934500776055,New England,0.0,0.0,0.0,True,False,False,False,9.0,9,1,19.0,,0,0,
50,2016,1,2016q1,Vermont -- Statewide,19581.0,9.882314987303326,347,Vermont,VT,7.25,9.600000381469727,7.25,9.600000381469727,7.25,9.600000381469727,29,9.600000381469727,2.2617631382102195,240.007,9.18349251306487,2.2174075803266735,New England,0.4500007629394531,0.4500007629394531,0.04800930061347097,True,True,True,False,9.0,9,1,20.0,,0,0,
50,2016,2,2016q2,Vermont -- Statewide,19891.666666666668,9.898056162538921,346,Vermont,VT,7.25,9.600000381469727,7.25,9.600000381469727,7.25,9.600000381469727,30,9.600000381469727,2.2617631382102195,240.007,9.18349251306487,2.2174075803266735,New England,0.0,0.0,0.0,True,False,False,False,9.0,9,1,21.0,,0,0,
50,2016,3,2016q3,Vermont -- Statewide,21006.666666666668,9.952595126643155,383,Vermont,VT,7.25,9.600000381469727,7.25,9.600000381469727,7.25,9.600000381469727,31,9.600000381469727,2.2617631382102195,240.007,9.18349251306487,2.2174075803266735,New England,0.0,0.0,0.0,True,False,False,False,9.0,9,1,22.0,,0,0,
50,2016,4,2016q4,Vermont -- Statewide,20362.0,9.921425697667141,364,Vermont,VT,7.25,9.600000381469727,7.25,9.600000381469727,7.25,9.600000381469727,32,9.600000381469727,2.2617631382102195,240.007,9.18349251306487,2.2174075803266735,New England,0.0,0.0,0.0,True,False,False,False,9.0,9,1,23.0,,0,0,
50,2017,1,2017q1,Vermont -- Statewide,19773.0,9.892072649720829,373,Vermont,VT,7.25,10.0,7.25,10.0,7.25,10.0,33,10.0,2.302585092994046,245.12,9.36659595300261,2.237149738141592,New England,0.39999961853027344,0.39999961853027344,0.04082195478382644,True,True,True,False,9.0,9,1,24.0,,0,0,
50,2017,2,2017q2,Vermont -- Statewide,20281.333333333332,9.917456201763525,362,Vermont,VT,7.25,10.0,7.25,10.0,7.25,10.0,34,10.0,2.302585092994046,245.12,9.36659595300261,2.237149738141592,New England,0.0,0.0,0.0,True,False,False,False,9.0,9,1,25.0,,0,0,
50,2017,3,2017q3,Vermont -- Statewide,21255.666666666668,9.964378805469995,383,Vermont,VT,7.25,10.0,7.25,10.0,7.25,10.0,35,10.0,2.302585092994046,245.12,9.36659595300261,2.237149738141592,New England,0.0,0.0,0.0,True,False,False,False,9.0,9,1,26.0,,0,0,
50,2017,4,2017q4,Vermont -- Statewide,20605.333333333332,9.93330522094531,379,Vermont,VT,7.25,10.0,7.25,10.0,7.25,10.0,36,10.0,2.302585092994046,245.12,9.36659595300261,2.237149738141592,New England,0.0,0.0,0.0,True,False,False,False,9.0,9,1,27.0,,0,0,
50,2018,1,2018q1,Vermont -- Statewide,20082.333333333332,9.907595768913982,382,Vermont,VT,7.25,10.5,7.25,10.5,7.25,10.5,37,10.5,2.3513752571634776,251.107,9.600437263795913,2.2618086457485718,New England,0.5,0.5,0.048790164169431716,True,True,True,False,9.0,9,1,28.0,,0,0,
50,2018,2,2018q2,Vermont -- Statewide,20213.333333333332,9.914097731648143,378,Vermont,VT,7.25,10.5,7.25,10.5,7.25,10.5,38,10.5,2.3513752571634776,251.107,9.600437263795913,2.2618086457485718,New England,0.0,0.0,0.0,True,False,False,False,9.0,9,1,29.0,,0,0,
50,2018,3,2018q3,Vermont -- Statewide,21449.0,9.973433303222794,397,Vermont,VT,7.25,10.5,7.25,10.5,7.25,10.5,39,10.5,2.3513752571634776,251.107,9.600437263795913,2.2618086457485718,New England,0.0,0.0,0.0,True,False,False,False,9.0,9,1,30.0,,0,0,
50,2018,4,2018q4,Vermont -- Statewide,20823.333333333332,9.943829431819506,394,Vermont,VT,7.25,10.5,7.25,10.5,7.25,10.5,40,10.5,2.3513752571634776,251.107,9.600437263795913,2.2618086457485718,New England,0.0,0.0,0.0,True,False,False,False,9.0,9,1,31.0,,0,0,
50,2019,1,2019q1,Vermont -- Statewide,20508.666666666668,9.928602840014525,391,Vermont,VT,7.25,10.779999732971191,7.25,10.779999732971191,7.25,10.779999732971191,41,10.779999732971191,2.3776925407100893,255.657,9.681030672705178,2.2701683700734976,New England,0.2799997329711914,0.2799997329711914,0.02631728354661167,True,True,True,False,9.0,9,1,32.0,,0,0,
50,2019,2,2019q2,Vermont -- Statewide,20584.333333333332,9.93228554763795,389,Vermont,VT,7.25,10.779999732971191,7.25,10.779999732971191,7.25,10.779999732971191,42,10.779999732971191,2.3776925407100893,255.657,9.681030672705178,2.2701683700734976,New England,0.0,0.0,0.0,True,False,False,False,9.0,9,1,33.0,,0,0,
50,2019,3,2019q3,Vermont -- Statewide,21347.333333333332,9.968682108435829,414,Vermont,VT,7.25,10.779999732971191,7.25,10.779999732971191,7.25,10.779999732971191,43,10.779999732971191,2.3776925407100893,255.657,9.681030672705178,2.2701683700734976,New England,0.0,0.0,0.0,True,False,False,False,9.0,9,1,34.0,,0,0,
50,2019,4,2019q4,Vermont -- Statewide,20459.666666666668,9.926210747421127,416,Vermont,VT,7.25,10.779999732971191,7.25,10.779999732971191,7.25,10.779999732971191,44,10.779999732971191,2.3776925407100893,255.657,9.681030672705178,2.2701683700734976,New England,0.0,0.0,0.0,True,False,False,False,9.0,9,1,35.0,,0,0,
51,2009,1,2009q1,Virginia -- Statewide,242265.33333333334,12.397788823243573,275,Virginia,VA,6.55,6.550000190734863,6.550000000000002,6.550000190734863,6.55,6.550000190734863,1,6.550000190734863,1.8794650787669867,214.537,7.009703425477097,1.9472953928016028,South Atlantic,,,,False,False,False,False,,0,0,,,0,0,
51,2009,2,2009q2,Virginia -- Statewide,254666.0,12.447708161676074,281,Virginia,VA,6.55,6.550000190734863,6.550000000000001,6.550000190734863,6.55,6.550000190734863,2,6.550000190734863,1.8794650787669867,214.537,7.009703425477097,1.9472953928016028,South Atlantic,0.0,0.0,0.0,False,False,False,False,,0,0,,,0,0,
51,2009,3,2009q3,Virginia -- Statewide,252918.33333333334,12.440821922451855,289,Virginia,VA,6.55,6.550000190734863,7.075,7.074999809265137,7.25,7.25,3,7.075,1.9565674435293015,214.537,7.571549662762134,2.024397757563918,South Atlantic,0.5249996185302734,0.5249998092651369,0.0771023647623148,False,False,False,False,,0,0,,,0,0,
51,2009,4,2009q4,Virginia -- Statewide,246762.0,12.416179588332065,301,Virginia,VA,7.25,7.25,7.25,7.25,7.25,7.25,4,7.25,1.9810014688665833,214.537,7.758831809897592,2.0488317829011997,South Atlantic,0.17500019073486328,0.17499999999999982,0.024434025337281895,False,False,False,False,,0,0,,,0,0,
51,2010,1,2010q1,Virginia -- Statewide,237642.33333333334,12.37852202119497,278,Virginia,VA,7.25,7.25,7.25,7.25,7.25,7.25,5,7.25,1.9810014688665833,218.056,7.633619345489231,2.032562090031529,South Atlantic,0.0,0.0,0.0,False,False,False,False,,0,0,,,0,0,
51,2010,2,2010q2,Virginia -- Statewide,253421.66666666666,12.442810047028718,296,Virginia,VA,7.25,7.25,7.25,7.25,7.25,7.25,6,7.25,1.9810014688665833,218.056,7.633619345489231,2.032562090031529,South Atlantic,0.0,0.0,0.0,False,False,False,False,,0,0,,,0,0,
51,2010,3,2010q3,Virginia -- Statewide,254339.66666666666,12.446425922992242,301,Virginia,VA,7.25,7.25,7.25,7.25,7.25,7.25,7,7.25,1.9810014688665833,218.056,7.633619345489231,2.032562090031529,South Atlantic,0.0,0.0,0.0,False,False,False,False,,0,0,,,0,0,
51,2010,4,2010q4,Virginia -- Statewide,251673.33333333334,12.435887229278421,312,Virginia,VA,7.25,7.25,7.25,7.25,7.25,7.25,8,7.25,1.9810014688665833,218.056,7.633619345489231,2.032562090031529,South Atlantic,0.0,0.0,0.0,False,False,False,False,,0,0,,,0,0,
51,2011,1,2011q1,Virginia -- Statewide,245360.66666666666,12.410484515880409,288,Virginia,VA,7.25,7.25,7.25,7.25,7.25,7.25,9,7.25,1.9810014688665833,224.939,7.400035120632705,2.0014847462303083,South Atlantic,0.0,0.0,0.0,False,False,False,False,,0,0,,,0,0,
51,2011,2,2011q2,Virginia -- Statewide,260640.33333333334,12.470896702738267,299,Virginia,VA,7.25,7.25,7.25,7.25,7.25,7.25,10,7.25,1.9810014688665833,224.939,7.400035120632705,2.0014847462303083,South Atlantic,0.0,0.0,0.0,False,False,False,False,,0,0,,,0,0,
51,2011,3,2011q3,Virginia -- Statewide,261359.33333333334,12.473651495511572,309,Virginia,VA,7.25,7.25,7.25,7.25,7.25,7.25,11,7.25,1.9810014688665833,224.939,7.400035120632705,2.0014847462303083,South Atlantic,0.0,0.0,0.0,False,False,False,False,,0,0,,,0,0,
51,2011,4,2011q4,Virginia -- Statewide,258064.33333333334,12.460964186825379,309,Virginia,VA,7.25,7.25,7.25,7.25,7.25,7.25,12,7.25,1.9810014688665833,224.939,7.400035120632705,2.0014847462303083,South Atlantic,0.0,0.0,0.0,False,False,False,False,,0,0,,,0,0,
51,2012,1,2012q1,Virginia -- Statewide,254680.33333333334,12.447764442962104,303,Virginia,VA,7.25,7.25,7.25,7.25,7.25,7.25,13,7.25,1.9810014688665833,229.594,7.25,1.9810014688665833,South Atlantic,0.0,0.0,0.0,False,False,False,False,,0,0,,,0,0,
51,2012,2,2012q2,Virginia -- Statewide,267910.3333333333,12.498407626395155,306,Virginia,VA,7.25,7.25,7.25,7.25,7.25,7.25,14,7.25,1.9810014688665833,229.594,7.25,1.9810014688665833,South Atlantic,0.0,0.0,0.0,False,False,False,False,,0,0,,,0,0,
51,2012,3,2012q3,Virginia -- Statewide,269535.6666666667,12.504456004421144,307,Virginia,VA,7.25,7.25,7.25,7.25,7.25,7.25,15,7.25,1.9810014688665833,229.594,7.25,1.9810014688665833,South Atlantic,0.0,0.0,0.0,False,False,False,False,,0,0,,,0,0,
51,2012,4,2012q4,Virginia -- Statewide,267418.6666666667,12.496570749241435,315,Virginia,VA,7.25,7.25,7.25,7.25,7.25,7.25,16,7.25,1.9810014688665833,229.594,7.25,1.9810014688665833,South Atlantic,0.0,0.0,0.0,False,False,False,False,,0,0,,,0,0,
51,2013,1,2013q1,Virginia -- Statewide,261532.0,12.474311925937306,301,Virginia,VA,7.25,7.25,7.25,7.25,7.25,7.25,17,7.25,1.9810014688665833,232.957,7.14533798082908,1.966460113388207,South Atlantic,0.0,0.0,0.0,False,False,False,False,,0,0,,,0,0,
51,2013,2,2013q2,Virginia -- Statewide,274668.0,12.523318374580649,309,Virginia,VA,7.25,7.25,7.25,7.25,7.25,7.25,18,7.25,1.9810014688665833,232.957,7.14533798082908,1.966460113388207,South Atlantic,0.0,0.0,0.0,False,False,False,False,,0,0,,,0,0,
51,2013,3,2013q3,Virginia -- Statewide,275953.6666666667,12.527988256210667,313,Virginia,VA,7.25,7.25,7.25,7.25,7.25,7.25,19,7.25,1.9810014688665833,232.957,7.14533798082908,1.966460113388207,South Atlantic,0.0,0.0,0.0,False,False,False,False,,0,0,,,0,0,
51,2013,4,2013q4,Virginia -- Statewide,272665.0,12.515999214428655,318,Virginia,VA,7.25,7.25,7.25,7.25,7.25,7.25,20,7.25,1.9810014688665833,232.957,7.14533798082908,1.966460113388207,South Atlantic,0.0,0.0,0.0,False,False,False,False,,0,0,,,0,0,
51,2014,1,2014q1,Virginia -- Statewide,265724.6666666667,12.490215963971291,303,Virginia,VA,7.25,7.25,7.25,7.25,7.25,7.25,21,7.25,1.9810014688665833,236.736,7.031277456745066,1.9503684043563676,South Atlantic,0.0,0.0,0.0,False,False,False,False,,0,0,,,0,0,
51,2014,2,2014q2,Virginia -- Statewide,280597.0,12.54467475521772,314,Virginia,VA,7.25,7.25,7.25,7.25,7.25,7.25,22,7.25,1.9810014688665833,236.736,7.031277456745066,1.9503684043563676,South Atlantic,0.0,0.0,0.0,False,False,False,False,,0,0,,,0,0,
51,2014,3,2014q3,Virginia -- Statewide,280722.6666666667,12.545122509594519,320,Virginia,VA,7.25,7.25,7.25,7.25,7.25,7.25,23,7.25,1.9810014688665833,236.736,7.031277456745066,1.9503684043563676,South Atlantic,0.0,0.0,0.0,False,False,False,False,,0,0,,,0,0,
51,2014,4,2014q4,Virginia -- Statewide,277132.3333333333,12.532250408754633,328,Virginia,VA,7.25,7.25,7.25,7.25,7.25,7.25,24,7.25,1.9810014688665833,236.736,7.031277456745066,1.9503684043563676,South Atlantic,0.0,0.0,0.0,False,False,False,False,,0,0,,,0,0,
51,2015,1,2015q1,Virginia -- Statewide,272402.3333333333,12.515035419055364,310,Virginia,VA,7.25,7.25,7.25,7.25,7.25,7.25,25,7.25,1.9810014688665833,237.017,7.022941392389575,1.9491821320458897,South Atlantic,0.0,0.0,0.0,False,False,False,False,,0,0,,,0,0,
51,2015,2,2015q2,Virginia -- Statewide,288511.0,12.572488492452996,326,Virginia,VA,7.25,7.25,7.25,7.25,7.25,7.25,26,7.25,1.9810014688665833,237.017,7.022941392389575,1.9491821320458897,South Atlantic,0.0,0.0,0.0,False,False,False,False,,0,0,,,0,0,
51,2015,3,2015q3,Virginia -- Statewide,292640.0,12.586698463624693,332,Virginia,VA,7.25,7.25,7.25,7.25,7.25,7.25,27,7.25,1.9810014688665833,237.017,7.022941392389575,1.9491821320458897,South Atlantic,0.0,0.0,0.0,False,False,False,False,,0,0,,,0,0,
51,2015,4,2015q4,Virginia -- Statewide,290062.6666666667,12.577852270572176,344,Virginia,VA,7.25,7.25,7.25,7.25,7.25,7.25,28,7.25,1.9810014688665833,237.017,7.022941392389575,1.9491821320458897,South Atlantic,0.0,0.0,0.0,False,False,False,False,,0,0,,,0,0,
51,2016,1,2016q1,Virginia -- Statewide,285095.0,12.560577737040909,316,Virginia,VA,7.25,7.25,7.25,7.25,7.25,7.25,29,7.25,1.9810014688665833,240.007,6.935449799380851,1.9366459109830372,South Atlantic,0.0,0.0,0.0,False,False,False,False,,0,0,,,0,0,
51,2016,2,2016q2,Virginia -- Statewide,300166.0,12.612090933939232,333,Virginia,VA,7.25,7.25,7.25,7.25,7.25,7.25,30,7.25,1.9810014688665833,240.007,6.935449799380851,1.9366459109830372,South Atlantic,0.0,0.0,0.0,False,False,False,False,,0,0,,,0,0,
51,2016,3,2016q3,Virginia -- Statewide,299403.0,12.609545770957546,349,Virginia,VA,7.25,7.25,7.25,7.25,7.25,7.25,31,7.25,1.9810014688665833,240.007,6.935449799380851,1.9366459109830372,South Atlantic,0.0,0.0,0.0,False,False,False,False,,0,0,,,0,0,
51,2016,4,2016q4,Virginia -- Statewide,296358.0,12.59932346195876,343,Virginia,VA,7.25,7.25,7.25,7.25,7.25,7.25,32,7.25,1.9810014688665833,240.007,6.935449799380851,1.9366459109830372,South Atlantic,0.0,0.0,0.0,False,False,False,False,,0,0,,,0,0,
51,2017,1,2017q1,Virginia -- Statewide,292430.6666666667,12.585982880519293,335,Virginia,VA,7.25,7.25,7.25,7.25,7.25,7.25,33,7.25,1.9810014688665833,245.12,6.7907820659268925,1.9155661140141298,South Atlantic,0.0,0.0,0.0,False,False,False,False,,0,0,,,0,0,
51,2017,2,2017q2,Virginia -- Statewide,305366.6666666667,12.62926851933519,343,Virginia,VA,7.25,7.25,7.25,7.25,7.25,7.25,34,7.25,1.9810014688665833,245.12,6.7907820659268925,1.9155661140141298,South Atlantic,0.0,0.0,0.0,False,False,False,False,,0,0,,,0,0,
51,2017,3,2017q3,Virginia -- Statewide,303791.6666666667,12.624097438440621,347,Virginia,VA,7.25,7.25,7.25,7.25,7.25,7.25,35,7.25,1.9810014688665833,245.12,6.7907820659268925,1.9155661140141298,South Atlantic,0.0,0.0,0.0,False,False,False,False,,0,0,,,0,0,
51,2017,4,2017q4,Virginia -- Statewide,300869.3333333333,12.614431340951496,352,Virginia,VA,7.25,7.25,7.25,7.25,7.25,7.25,36,7.25,1.9810014688665833,245.12,6.7907820659268925,1.9155661140141298,South Atlantic,0.0,0.0,0.0,False,False,False,False,,0,0,,,0,0,
51,2018,1,2018q1,Virginia -- Statewide,296038.3333333333,12.598244229425717,345,Virginia,VA,7.25,7.25,7.25,7.25,7.25,7.25,37,7.25,1.9810014688665833,251.107,6.628873348811463,1.8914348574516775,South Atlantic,0.0,0.0,0.0,False,False,False,False,,0,0,,,0,0,
51,2018,2,2018q2,Virginia -- Statewide,308560.6666666667,12.639673753453623,354,Virginia,VA,7.25,7.25,7.25,7.25,7.25,7.25,38,7.25,1.9810014688665833,251.107,6.628873348811463,1.8914348574516775,South Atlantic,0.0,0.0,0.0,False,False,False,False,,0,0,,,0,0,
51,2018,3,2018q3,Virginia -- Statewide,307485.0,12.636181584551098,359,Virginia,VA,7.25,7.25,7.25,7.25,7.25,7.25,39,7.25,1.9810014688665833,251.107,6.628873348811463,1.8914348574516775,South Atlantic,0.0,0.0,0.0,False,False,False,False,,0,0,,,0,0,
51,2018,4,2018q4,Virginia -- Statewide,303997.3333333333,12.62477420842006,369,Virginia,VA,7.25,7.25,7.25,7.25,7.25,7.25,40,7.25,1.9810014688665833,251.107,6.628873348811463,1.8914348574516775,South Atlantic,0.0,0.0,0.0,False,False,False,False,,0,0,,,0,0,
51,2019,1,2019q1,Virginia -- Statewide,298956.0,12.608051684353507,356,Virginia,VA,7.25,7.25,7.25,7.25,7.25,7.25,41,7.25,1.9810014688665833,255.657,6.510897413331143,1.8734772982299916,South Atlantic,0.0,0.0,0.0,False,False,False,False,,0,0,,,0,0,
51,2019,2,2019q2,Virginia -- Statewide,308874.0,12.640688705730025,370,Virginia,VA,7.25,7.25,7.25,7.25,7.25,7.25,42,7.25,1.9810014688665833,255.657,6.510897413331143,1.8734772982299916,South Atlantic,0.0,0.0,0.0,False,False,False,False,,0,0,,,0,0,
51,2019,3,2019q3,Virginia -- Statewide,306472.6666666667,12.632883851480152,379,Virginia,VA,7.25,7.25,7.25,7.25,7.25,7.25,43,7.25,1.9810014688665833,255.657,6.510897413331143,1.8734772982299916,South Atlantic,0.0,0.0,0.0,False,False,False,False,,0,0,,,0,0,
51,2019,4,2019q4,Virginia -- Statewide,304330.6666666667,12.625870108548591,386,Virginia,VA,7.25,7.25,7.25,7.25,7.25,7.25,44,7.25,1.9810014688665833,255.657,6.510897413331143,1.8734772982299916,South Atlantic,0.0,0.0,0.0,False,False,False,False,,0,0,,,0,0,
53,2009,1,2009q1,Washington -- Statewide,186625.66666666666,12.136860107061054,298,Washington,WA,6.55,8.550000190734863,6.550000000000002,8.550000190734863,6.55,8.550000190734863,1,8.550000190734863,2.14593130525684,214.537,9.150070821310916,2.2137616192914558,Pacific,,,,True,False,False,False,9.0,9,0,-8.0,33.0,33,0,-32.0
53,2009,2,2009q2,Washington -- Statewide,192999.33333333334,12.170442013649623,309,Washington,WA,6.55,8.550000190734863,6.550000000000001,8.550000190734863,6.55,8.550000190734863,2,8.550000190734863,2.14593130525684,214.537,9.150070821310916,2.2137616192914558,Pacific,0.0,0.0,0.0,True,False,False,False,9.0,9,0,-7.0,33.0,33,0,-31.0
53,2009,3,2009q3,Washington -- Statewide,195901.0,12.18536470856483,317,Washington,WA,6.55,8.550000190734863,7.075000000000001,8.550000190734863,7.25,8.550000190734863,3,8.550000190734863,2.14593130525684,214.537,9.150070821310916,2.2137616192914558,Pacific,0.0,0.0,0.0,True,False,False,False,9.0,9,0,-6.0,33.0,33,0,-30.0
53,2009,4,2009q4,Washington -- Statewide,187362.66666666666,12.140801411579675,320,Washington,WA,7.25,8.550000190734863,7.25,8.550000190734863,7.25,8.550000190734863,4,8.550000190734863,2.14593130525684,214.537,9.150070821310916,2.2137616192914558,Pacific,0.0,0.0,0.0,True,False,False,False,9.0,9,0,-5.0,33.0,33,0,-29.0
53,2010,1,2010q1,Washington -- Statewide,180949.66666666666,12.10597418686069,310,Washington,WA,7.25,8.550000190734863,7.25,8.550000190734863,7.25,8.550000190734863,5,8.550000190734863,2.14593130525684,218.056,9.002406463438659,2.1974919264217854,Pacific,0.0,0.0,0.0,True,False,False,False,9.0,9,0,-4.0,33.0,33,0,-28.0
53,2010,2,2010q2,Washington -- Statewide,190500.66666666666,12.157410973105323,319,Washington,WA,7.25,8.550000190734863,7.25,8.550000190734863,7.25,8.550000190734863,6,8.550000190734863,2.14593130525684,218.056,9.002406463438659,2.1974919264217854,Pacific,0.0,0.0,0.0,True,False,False,False,9.0,9,0,-3.0,33.0,33,0,-27.0
53,2010,3,2010q3,Washington -- Statewide,194129.66666666666,12.176281599655498,328,Washington,WA,7.25,8.550000190734863,7.25,8.550000190734863,7.25,8.550000190734863,7,8.550000190734863,2.14593130525684,218.056,9.002406463438659,2.1974919264217854,Pacific,0.0,0.0,0.0,True,False,False,False,9.0,9,0,-2.0,33.0,33,0,-26.0
53,2010,4,2010q4,Washington -- Statewide,189834.33333333334,12.153907040966143,332,Washington,WA,7.25,8.550000190734863,7.25,8.550000190734863,7.25,8.550000190734863,8,8.550000190734863,2.14593130525684,218.056,9.002406463438659,2.1974919264217854,Pacific,0.0,0.0,0.0,True,False,False,False,9.0,9,0,-1.0,33.0,33,0,-25.0
53,2011,1,2011q1,Washington -- Statewide,184117.66666666666,12.123330324956386,316,Washington,WA,7.25,8.670000076293945,7.25,8.670000076293945,7.25,8.670000076293945,9,8.670000076293945,2.1598687995922137,224.939,8.849421387650127,2.180352076955938,Pacific,0.11999988555908203,0.11999988555908203,0.013937494335373835,True,True,True,False,9.0,9,1,0.0,33.0,33,0,-24.0
53,2011,2,2011q2,Washington -- Statewide,194643.33333333334,12.17892410294441,326,Washington,WA,7.25,8.670000076293945,7.25,8.670000076293945,7.25,8.670000076293945,10,8.670000076293945,2.1598687995922137,224.939,8.849421387650127,2.180352076955938,Pacific,0.0,0.0,0.0,True,False,False,False,9.0,9,1,1.0,33.0,33,0,-23.0
53,2011,3,2011q3,Washington -- Statewide,197616.0,12.194081032677795,344,Washington,WA,7.25,8.670000076293945,7.25,8.670000076293945,7.25,8.670000076293945,11,8.670000076293945,2.1598687995922137,224.939,8.849421387650127,2.180352076955938,Pacific,0.0,0.0,0.0,True,False,False,False,9.0,9,1,2.0,33.0,33,0,-22.0
53,2011,4,2011q4,Washington -- Statewide,193148.0,12.17121201339417,333,Washington,WA,7.25,8.670000076293945,7.25,8.670000076293945,7.25,8.670000076293945,12,8.670000076293945,2.1598687995922137,224.939,8.849421387650127,2.180352076955938,Pacific,0.0,0.0,0.0,True,False,False,False,9.0,9,1,3.0,33.0,33,0,-21.0
53,2012,1,2012q1,Washington -- Statewide,189247.33333333334,12.150810080491482,334,Washington,WA,7.25,9.039999961853027,7.25,9.039999961853027,7.25,9.039999961853027,13,9.039999961853027,2.2016591701842874,229.594,9.039999961853026,2.201659170184287,Pacific,0.36999988555908203,0.36999988555908203,0.04179037059207369,True,True,True,False,9.0,9,1,4.0,33.0,33,0,-20.0
53,2012,2,2012q2,Washington -- Statewide,199614.66666666666,12.204144120453877,337,Washington,WA,7.25,9.039999961853027,7.25,9.039999961853027,7.25,9.039999961853027,14,9.039999961853027,2.2016591701842874,229.594,9.039999961853026,2.201659170184287,Pacific,0.0,0.0,0.0,True,False,False,False,9.0,9,1,5.0,33.0,33,0,-19.0
53,2012,3,2012q3,Washington -- Statewide,203827.66666666666,12.225030144564217,350,Washington,WA,7.25,9.039999961853027,7.25,9.039999961853027,7.25,9.039999961853027,15,9.039999961853027,2.2016591701842874,229.594,9.039999961853026,2.201659170184287,Pacific,0.0,0.0,0.0,True,False,False,False,9.0,9,1,6.0,33.0,33,0,-18.0
53,2012,4,2012q4,Washington -- Statewide,199728.33333333334,12.20471338882586,349,Washington,WA,7.25,9.039999961853027,7.25,9.039999961853027,7.25,9.039999961853027,16,9.039999961853027,2.2016591701842874,229.594,9.039999961853026,2.201659170184287,Pacific,0.0,0.0,0.0,True,False,False,False,9.0,9,1,7.0,33.0,33,0,-17.0
53,2013,1,2013q1,Washington -- Statewide,195949.66666666666,12.1856131025121,343,Washington,WA,7.25,9.1899995803833,7.25,9.1899995803833,7.25,9.1899995803833,17,9.1899995803833,2.218115890707453,232.957,9.057331454553946,2.2035745352290768,Pacific,0.14999961853027344,0.14999961853027344,0.016456720523165824,True,True,True,False,9.0,9,1,8.0,33.0,33,0,-16.0
53,2013,2,2013q2,Washington -- Statewide,208679.33333333334,12.24855406244718,344,Washington,WA,7.25,9.1899995803833,7.25,9.1899995803833,7.25,9.1899995803833,18,9.1899995803833,2.218115890707453,232.957,9.057331454553946,2.2035745352290768,Pacific,0.0,0.0,0.0,True,False,False,False,9.0,9,1,9.0,33.0,33,0,-15.0
53,2013,3,2013q3,Washington -- Statewide,213589.0,12.271808886614762,362,Washington,WA,7.25,9.1899995803833,7.25,9.1899995803833,7.25,9.1899995803833,19,9.1899995803833,2.218115890707453,232.957,9.057331454553946,2.2035745352290768,Pacific,0.0,0.0,0.0,True,False,False,False,9.0,9,1,10.0,33.0,33,0,-14.0
53,2013,4,2013q4,Washington -- Statewide,209383.0,12.251920389786749,354,Washington,WA,7.25,9.1899995803833,7.25,9.1899995803833,7.25,9.1899995803833,20,9.1899995803833,2.218115890707453,232.957,9.057331454553946,2.2035745352290768,Pacific,0.0,0.0,0.0,True,False,False,False,9.0,9,1,11.0,33.0,33,0,-13.0
53,2014,1,2014q1,Washington -- Statewide,206948.0,12.240222832960091,349,Washington,WA,7.25,9.319999694824219,7.25,9.319999694824219,7.25,9.319999694824219,21,9.319999694824219,2.2321625959533167,236.736,9.038828103598405,2.201529531443101,Pacific,0.13000011444091797,0.13000011444091797,0.014046705245863489,True,True,True,False,9.0,9,1,12.0,33.0,33,0,-12.0
53,2014,2,2014q2,Washington -- Statewide,216646.0,12.286019964038923,353,Washington,WA,7.25,9.319999694824219,7.25,9.319999694824219,7.25,9.319999694824219,22,9.319999694824219,2.2321625959533167,236.736,9.038828103598405,2.201529531443101,Pacific,0.0,0.0,0.0,True,False,False,False,9.0,9,1,13.0,33.0,33,0,-11.0
53,2014,3,2014q3,Washington -- Statewide,221638.0,12.308800699298631,370,Washington,WA,7.25,9.319999694824219,7.25,9.319999694824219,7.25,9.319999694824219,23,9.319999694824219,2.2321625959533167,236.736,9.038828103598405,2.201529531443101,Pacific,0.0,0.0,0.0,True,False,False,False,9.0,9,1,14.0,33.0,33,0,-10.0
53,2014,4,2014q4,Washington -- Statewide,216917.0,12.287270070875957,362,Washington,WA,7.25,9.319999694824219,7.25,9.319999694824219,7.25,9.319999694824219,24,9.319999694824219,2.2321625959533167,236.736,9.038828103598405,2.201529531443101,Pacific,0.0,0.0,0.0,True,False,False,False,9.0,9,1,15.0,33.0,33,0,-9.0
53,2015,1,2015q1,Washington -- Statewide,214842.33333333334,12.277659704756049,360,Washington,WA,7.25,9.470000267028809,7.25,9.470000267028809,7.25,9.470000267028809,25,9.470000267028809,2.2481289353953264,237.017,9.173414739483716,2.2163095985746324,Pacific,0.15000057220458984,0.15000057220458984,0.015966339442009758,True,True,True,False,9.0,9,1,16.0,33.0,33,0,-8.0
53,2015,2,2015q2,Washington -- Statewide,226194.0,12.329148317113418,366,Washington,WA,7.25,9.470000267028809,7.25,9.470000267028809,7.25,9.470000267028809,26,9.470000267028809,2.2481289353953264,237.017,9.173414739483716,2.2163095985746324,Pacific,0.0,0.0,0.0,True,False,False,False,9.0,9,1,17.0,33.0,33,0,-7.0
53,2015,3,2015q3,Washington -- Statewide,232000.0,12.354492650648448,387,Washington,WA,7.25,9.470000267028809,7.25,9.470000267028809,7.25,9.470000267028809,27,9.470000267028809,2.2481289353953264,237.017,9.173414739483716,2.2163095985746324,Pacific,0.0,0.0,0.0,True,False,False,False,9.0,9,1,18.0,33.0,33,0,-6.0
53,2015,4,2015q4,Washington -- Statewide,228005.33333333334,12.337124299475859,390,Washington,WA,7.25,9.470000267028809,7.25,9.470000267028809,7.25,9.470000267028809,28,9.470000267028809,2.2481289353953264,237.017,9.173414739483716,2.2163095985746324,Pacific,0.0,0.0,0.0,True,False,False,False,9.0,9,1,19.0,33.0,33,0,-5.0
53,2016,1,2016q1,Washington -- Statewide,224388.33333333334,12.321133460785958,374,Washington,WA,7.25,9.470000267028809,7.25,9.470000267028809,7.25,9.470000267028809,29,9.470000267028809,2.2481289353953264,240.007,9.059132614082973,2.20377337751178,Pacific,0.0,0.0,0.0,True,False,False,False,9.0,9,1,20.0,33.0,33,0,-4.0
53,2016,2,2016q2,Washington -- Statewide,235290.0,12.368574074874822,385,Washington,WA,7.25,9.470000267028809,7.25,9.470000267028809,7.25,9.470000267028809,30,9.470000267028809,2.2481289353953264,240.007,9.059132614082973,2.20377337751178,Pacific,0.0,0.0,0.0,True,False,False,False,9.0,9,1,21.0,33.0,33,0,-3.0
53,2016,3,2016q3,Washington -- Statewide,241172.33333333334,12.393267032999637,410,Washington,WA,7.25,9.470000267028809,7.25,9.470000267028809,7.25,9.470000267028809,31,9.470000267028809,2.2481289353953264,240.007,9.059132614082973,2.20377337751178,Pacific,0.0,0.0,0.0,True,False,False,False,9.0,9,1,22.0,33.0,33,0,-2.0
53,2016,4,2016q4,Washington -- Statewide,235813.0,12.37079439703307,400,Washington,WA,7.25,9.470000267028809,7.25,9.470000267028809,7.25,9.470000267028809,32,9.470000267028809,2.2481289353953264,240.007,9.059132614082973,2.20377337751178,Pacific,0.0,0.0,0.0,True,False,False,False,9.0,9,1,23.0,33.0,33,0,-1.0
53,2017,1,2017q1,Washington -- Statewide,231070.66666666666,12.350478859026994,402,Washington,WA,7.25,11.0,7.25,11.0,7.25,11.0,33,11.0,2.3978952727983707,245.12,10.303255548302872,2.332459917945917,Pacific,1.5299997329711914,1.5299997329711914,0.14976633740304424,True,True,True,True,9.0,9,1,24.0,33.0,33,1,0.0
53,2017,2,2017q2,Washington -- Statewide,242471.0,12.398637394579639,418,Washington,WA,7.25,11.0,7.25,11.0,7.25,11.0,34,11.0,2.3978952727983707,245.12,10.303255548302872,2.332459917945917,Pacific,0.0,0.0,0.0,True,False,False,False,9.0,9,1,25.0,33.0,33,1,1.0
53,2017,3,2017q3,Washington -- Statewide,245264.0,12.410090460405888,430,Washington,WA,7.25,11.0,7.25,11.0,7.25,11.0,35,11.0,2.3978952727983707,245.12,10.303255548302872,2.332459917945917,Pacific,0.0,0.0,0.0,True,False,False,False,9.0,9,1,26.0,33.0,33,1,2.0
53,2017,4,2017q4,Washington -- Statewide,240754.0,12.391530944267936,430,Washington,WA,7.25,11.0,7.25,11.0,7.25,11.0,36,11.0,2.3978952727983707,245.12,10.303255548302872,2.332459917945917,Pacific,0.0,0.0,0.0,True,False,False,False,9.0,9,1,27.0,33.0,33,1,3.0
53,2018,1,2018q1,Washington -- Statewide,238344.33333333334,12.381471685789133,422,Washington,WA,7.25,11.5,7.25,11.5,7.25,11.5,37,11.5,2.4423470353692043,251.107,10.514764622252665,2.3527804239542984,Pacific,0.5,0.5,0.04445176257083361,True,True,True,False,9.0,9,1,28.0,33.0,33,1,4.0
53,2018,2,2018q2,Washington -- Statewide,249605.0,12.427634947328054,439,Washington,WA,7.25,11.5,7.25,11.5,7.25,11.5,38,11.5,2.4423470353692043,251.107,10.514764622252665,2.3527804239542984,Pacific,0.0,0.0,0.0,True,False,False,False,9.0,9,1,29.0,33.0,33,1,5.0
53,2018,3,2018q3,Washington -- Statewide,252900.33333333334,12.440750750701211,454,Washington,WA,7.25,11.5,7.25,11.5,7.25,11.5,39,11.5,2.4423470353692043,251.107,10.514764622252665,2.3527804239542984,Pacific,0.0,0.0,0.0,True,False,False,False,9.0,9,1,30.0,33.0,33,1,6.0
53,2018,4,2018q4,Washington -- Statewide,248279.0,12.422308392808828,456,Washington,WA,7.25,11.5,7.25,11.5,7.25,11.5,40,11.5,2.4423470353692043,251.107,10.514764622252665,2.3527804239542984,Pacific,0.0,0.0,0.0,True,False,False,False,9.0,9,1,31.0,33.0,33,1,7.0
53,2019,1,2019q1,Washington -- Statewide,242722.66666666666,12.399674781118359,438,Washington,WA,7.25,12.0,7.25,12.0,7.25,12.0,41,12.0,2.4849066497880004,255.657,10.776657787582579,2.377382479151408,Pacific,0.5,0.5,0.04255961441879608,True,True,True,False,9.0,9,1,32.0,33.0,33,1,8.0
53,2019,2,2019q2,Washington -- Statewide,253674.66666666666,12.443807885129141,462,Washington,WA,7.25,12.0,7.25,12.0,7.25,12.0,42,12.0,2.4849066497880004,255.657,10.776657787582579,2.377382479151408,Pacific,0.0,0.0,0.0,True,False,False,False,9.0,9,1,33.0,33.0,33,1,9.0
53,2019,3,2019q3,Washington -- Statewide,256450.66666666666,12.454691592411098,480,Washington,WA,7.25,12.0,7.25,12.0,7.25,12.0,43,12.0,2.4849066497880004,255.657,10.776657787582579,2.377382479151408,Pacific,0.0,0.0,0.0,True,False,False,False,9.0,9,1,34.0,33.0,33,1,10.0
53,2019,4,2019q4,Washington -- Statewide,249895.33333333334,12.428797442512359,487,Washington,WA,7.25,12.0,7.25,12.0,7.25,12.0,44,12.0,2.4849066497880004,255.657,10.776657787582579,2.377382479151408,Pacific,0.0,0.0,0.0,True,False,False,False,9.0,9,1,35.0,33.0,33,1,11.0
54,2009,1,2009q1,West Virginia -- Statewide,50153.0,10.82283361213929,224,West Virginia,WV,6.55,7.25,6.550000000000002,7.25,6.55,7.25,1,7.25,1.9810014688665833,214.537,7.758831809897592,2.0488317829011997,South Atlantic,,,,True,False,False,False,25.0,25,0,-24.0,25.0,25,0,-24.0
54,2009,2,2009q2,West Virginia -- Statewide,52406.0,10.866776367570866,232,West Virginia,WV,6.55,7.25,6.550000000000001,7.25,6.55,7.25,2,7.25,1.9810014688665833,214.537,7.758831809897592,2.0488317829011997,South Atlantic,0.0,0.0,0.0,True,False,False,False,25.0,25,0,-23.0,25.0,25,0,-23.0
54,2009,3,2009q3,West Virginia -- Statewide,52217.666666666664,10.863176158502359,241,West Virginia,WV,6.55,7.25,7.074999999999998,7.25,7.25,7.25,3,7.25,1.9810014688665833,214.537,7.758831809897592,2.0488317829011997,South Atlantic,0.0,0.0,0.0,True,False,False,False,25.0,25,0,-22.0,25.0,25,0,-22.0
54,2009,4,2009q4,West Virginia -- Statewide,50786.0,10.835376005033337,248,West Virginia,WV,7.25,7.25,7.25,7.25,7.25,7.25,4,7.25,1.9810014688665833,214.537,7.758831809897592,2.0488317829011997,South Atlantic,0.0,0.0,0.0,False,False,False,False,25.0,25,0,-21.0,25.0,25,0,-21.0
54,2010,1,2010q1,West Virginia -- Statewide,48985.333333333336,10.799276212559782,233,West Virginia,WV,7.25,7.25,7.25,7.25,7.25,7.25,5,7.25,1.9810014688665833,218.056,7.633619345489231,2.032562090031529,South Atlantic,0.0,0.0,0.0,False,False,False,False,25.0,25,0,-20.0,25.0,25,0,-20.0
54,2010,2,2010q2,West Virginia -- Statewide,52024.666666666664,10.859473244065272,244,West Virginia,WV,7.25,7.25,7.25,7.25,7.25,7.25,6,7.25,1.9810014688665833,218.056,7.633619345489231,2.032562090031529,South Atlantic,0.0,0.0,0.0,False,False,False,False,25.0,25,0,-19.0,25.0,25,0,-19.0
54,2010,3,2010q3,West Virginia -- Statewide,52274.0,10.8642543945108,250,West Virginia,WV,7.25,7.25,7.25,7.25,7.25,7.25,7,7.25,1.9810014688665833,218.056,7.633619345489231,2.032562090031529,South Atlantic,0.0,0.0,0.0,False,False,False,False,25.0,25,0,-18.0,25.0,25,0,-18.0
54,2010,4,2010q4,West Virginia -- Statewide,51372.666666666664,10.846861533086667,255,West Virginia,WV,7.25,7.25,7.25,7.25,7.25,7.25,8,7.25,1.9810014688665833,218.056,7.633619345489231,2.032562090031529,South Atlantic,0.0,0.0,0.0,False,False,False,False,25.0,25,0,-17.0,25.0,25,0,-17.0
54,2011,1,2011q1,West Virginia -- Statewide,49645.0,10.812652959467695,239,West Virginia,WV,7.25,7.25,7.25,7.25,7.25,7.25,9,7.25,1.9810014688665833,224.939,7.400035120632705,2.0014847462303083,South Atlantic,0.0,0.0,0.0,False,False,False,False,25.0,25,0,-16.0,25.0,25,0,-16.0
54,2011,2,2011q2,West Virginia -- Statewide,52400.0,10.866661870309134,248,West Virginia,WV,7.25,7.25,7.25,7.25,7.25,7.25,10,7.25,1.9810014688665833,224.939,7.400035120632705,2.0014847462303083,South Atlantic,0.0,0.0,0.0,False,False,False,False,25.0,25,0,-15.0,25.0,25,0,-15.0
54,2011,3,2011q3,West Virginia -- Statewide,52335.0,10.865420642288985,257,West Virginia,WV,7.25,7.25,7.25,7.25,7.25,7.25,11,7.25,1.9810014688665833,224.939,7.400035120632705,2.0014847462303083,South Atlantic,0.0,0.0,0.0,False,False,False,False,25.0,25,0,-14.0,25.0,25,0,-14.0
54,2011,4,2011q4,West Virginia -- Statewide,51682.666666666664,10.852877736712474,256,West Virginia,WV,7.25,7.25,7.25,7.25,7.25,7.25,12,7.25,1.9810014688665833,224.939,7.400035120632705,2.0014847462303083,South Atlantic,0.0,0.0,0.0,False,False,False,False,25.0,25,0,-13.0,25.0,25,0,-13.0
54,2012,1,2012q1,West Virginia -- Statewide,50979.333333333336,10.839175600820932,252,West Virginia,WV,7.25,7.25,7.25,7.25,7.25,7.25,13,7.25,1.9810014688665833,229.594,7.25,1.9810014688665833,South Atlantic,0.0,0.0,0.0,False,False,False,False,25.0,25,0,-12.0,25.0,25,0,-12.0
54,2012,2,2012q2,West Virginia -- Statewide,53407.333333333336,10.885703343859188,255,West Virginia,WV,7.25,7.25,7.25,7.25,7.25,7.25,14,7.25,1.9810014688665833,229.594,7.25,1.9810014688665833,South Atlantic,0.0,0.0,0.0,False,False,False,False,25.0,25,0,-11.0,25.0,25,0,-11.0
54,2012,3,2012q3,West Virginia -- Statewide,53685.0,10.890888911868236,257,West Virginia,WV,7.25,7.25,7.25,7.25,7.25,7.25,15,7.25,1.9810014688665833,229.594,7.25,1.9810014688665833,South Atlantic,0.0,0.0,0.0,False,False,False,False,25.0,25,0,-10.0,25.0,25,0,-10.0
54,2012,4,2012q4,West Virginia -- Statewide,53019.333333333336,10.87841190589247,265,West Virginia,WV,7.25,7.25,7.25,7.25,7.25,7.25,16,7.25,1.9810014688665833,229.594,7.25,1.9810014688665833,South Atlantic,0.0,0.0,0.0,False,False,False,False,25.0,25,0,-9.0,25.0,25,0,-9.0
54,2013,1,2013q1,West Virginia -- Statewide,51959.666666666664,10.858223055572786,249,West Virginia,WV,7.25,7.25,7.25,7.25,7.25,7.25,17,7.25,1.9810014688665833,232.957,7.14533798082908,1.966460113388207,South Atlantic,0.0,0.0,0.0,False,False,False,False,25.0,25,0,-8.0,25.0,25,0,-8.0
54,2013,2,2013q2,West Virginia -- Statewide,54327.0,10.902776619909453,255,West Virginia,WV,7.25,7.25,7.25,7.25,7.25,7.25,18,7.25,1.9810014688665833,232.957,7.14533798082908,1.966460113388207,South Atlantic,0.0,0.0,0.0,False,False,False,False,25.0,25,0,-7.0,25.0,25,0,-7.0
54,2013,3,2013q3,West Virginia -- Statewide,53860.0,10.89414336636559,262,West Virginia,WV,7.25,7.25,7.25,7.25,7.25,7.25,19,7.25,1.9810014688665833,232.957,7.14533798082908,1.966460113388207,South Atlantic,0.0,0.0,0.0,False,False,False,False,25.0,25,0,-6.0,25.0,25,0,-6.0
54,2013,4,2013q4,West Virginia -- Statewide,53308.0,10.883841692699617,266,West Virginia,WV,7.25,7.25,7.25,7.25,7.25,7.25,20,7.25,1.9810014688665833,232.957,7.14533798082908,1.966460113388207,South Atlantic,0.0,0.0,0.0,False,False,False,False,25.0,25,0,-5.0,25.0,25,0,-5.0
54,2014,1,2014q1,West Virginia -- Statewide,51701.666666666664,10.853245297243191,248,West Virginia,WV,7.25,7.25,7.25,7.25,7.25,7.25,21,7.25,1.9810014688665833,236.736,7.031277456745066,1.9503684043563676,South Atlantic,0.0,0.0,0.0,False,False,False,False,25.0,25,0,-4.0,25.0,25,0,-4.0
54,2014,2,2014q2,West Virginia -- Statewide,54299.0,10.902261089546185,263,West Virginia,WV,7.25,7.25,7.25,7.25,7.25,7.25,22,7.25,1.9810014688665833,236.736,7.031277456745066,1.9503684043563676,South Atlantic,0.0,0.0,0.0,False,False,False,False,25.0,25,0,-3.0,25.0,25,0,-3.0
54,2014,3,2014q3,West Virginia -- Statewide,54014.333333333336,10.89700472242431,267,West Virginia,WV,7.25,7.25,7.25,7.25,7.25,7.25,23,7.25,1.9810014688665833,236.736,7.031277456745066,1.9503684043563676,South Atlantic,0.0,0.0,0.0,False,False,False,False,25.0,25,0,-2.0,25.0,25,0,-2.0
54,2014,4,2014q4,West Virginia -- Statewide,53641.0,10.890068980025717,274,West Virginia,WV,7.25,7.25,7.25,7.25,7.25,7.25,24,7.25,1.9810014688665833,236.736,7.031277456745066,1.9503684043563676,South Atlantic,0.0,0.0,0.0,False,False,False,False,25.0,25,0,-1.0,25.0,25,0,-1.0
54,2015,1,2015q1,West Virginia -- Statewide,52109.333333333336,10.86109935437167,262,West Virginia,WV,7.25,8.0,7.25,8.0,7.25,8.0,25,8.0,2.0794415416798357,237.017,7.749452570912635,2.047622204859142,South Atlantic,0.75,0.75,0.0984400728132524,True,True,True,True,25.0,25,1,0.0,25.0,25,1,0.0
54,2015,2,2015q2,West Virginia -- Statewide,54565.0,10.90714793054719,278,West Virginia,WV,7.25,8.0,7.25,8.0,7.25,8.0,26,8.0,2.0794415416798357,237.017,7.749452570912635,2.047622204859142,South Atlantic,0.0,0.0,0.0,True,False,False,False,25.0,25,1,1.0,25.0,25,1,1.0
54,2015,3,2015q3,West Virginia -- Statewide,54606.333333333336,10.907905150122078,281,West Virginia,WV,7.25,8.0,7.25,8.0,7.25,8.0,27,8.0,2.0794415416798357,237.017,7.749452570912635,2.047622204859142,South Atlantic,0.0,0.0,0.0,True,False,False,False,25.0,25,1,2.0,25.0,25,1,2.0
54,2015,4,2015q4,West Virginia -- Statewide,54579.666666666664,10.90741668700049,293,West Virginia,WV,7.25,8.0,7.25,8.0,7.25,8.0,28,8.0,2.0794415416798357,237.017,7.749452570912635,2.047622204859142,South Atlantic,0.0,0.0,0.0,True,False,False,False,25.0,25,1,3.0,25.0,25,1,3.0
54,2016,1,2016q1,West Virginia -- Statewide,52741.333333333336,10.873154740841663,273,West Virginia,WV,7.25,8.75,7.25,8.75,7.25,8.75,29,8.75,2.169053700369523,240.007,8.370370447528613,2.1246981424859768,South Atlantic,0.75,0.75,0.08961215868968742,True,True,True,True,25.0,25,1,4.0,25.0,25,1,4.0
54,2016,2,2016q2,West Virginia -- Statewide,54706.666666666664,10.909740857888012,287,West Virginia,WV,7.25,8.75,7.25,8.75,7.25,8.75,30,8.75,2.169053700369523,240.007,8.370370447528613,2.1246981424859768,South Atlantic,0.0,0.0,0.0,True,False,False,False,25.0,25,1,5.0,25.0,25,1,5.0
54,2016,3,2016q3,West Virginia -- Statewide,54439.0,10.904836087750256,302,West Virginia,WV,7.25,8.75,7.25,8.75,7.25,8.75,31,8.75,2.169053700369523,240.007,8.370370447528613,2.1246981424859768,South Atlantic,0.0,0.0,0.0,True,False,False,False,25.0,25,1,6.0,25.0,25,1,6.0
54,2016,4,2016q4,West Virginia -- Statewide,54225.666666666664,10.900909630071627,296,West Virginia,WV,7.25,8.75,7.25,8.75,7.25,8.75,32,8.75,2.169053700369523,240.007,8.370370447528613,2.1246981424859768,South Atlantic,0.0,0.0,0.0,True,False,False,False,25.0,25,1,7.0,25.0,25,1,7.0
54,2017,1,2017q1,West Virginia -- Statewide,52855.666666666664,10.875320207247174,290,West Virginia,WV,7.25,8.75,7.25,8.75,7.25,8.75,33,8.75,2.169053700369523,245.12,8.195771458877285,2.1036183455170696,South Atlantic,0.0,0.0,0.0,True,False,False,False,25.0,25,1,8.0,25.0,25,1,8.0
54,2017,2,2017q2,West Virginia -- Statewide,54812.333333333336,10.911670508440968,296,West Virginia,WV,7.25,8.75,7.25,8.75,7.25,8.75,34,8.75,2.169053700369523,245.12,8.195771458877285,2.1036183455170696,South Atlantic,0.0,0.0,0.0,True,False,False,False,25.0,25,1,9.0,25.0,25,1,9.0
54,2017,3,2017q3,West Virginia -- Statewide,54685.0,10.909344727769327,299,West Virginia,WV,7.25,8.75,7.25,8.75,7.25,8.75,35,8.75,2.169053700369523,245.12,8.195771458877285,2.1036183455170696,South Atlantic,0.0,0.0,0.0,True,False,False,False,25.0,25,1,10.0,25.0,25,1,10.0
54,2017,4,2017q4,West Virginia -- Statewide,54199.333333333336,10.900423887229088,304,West Virginia,WV,7.25,8.75,7.25,8.75,7.25,8.75,36,8.75,2.169053700369523,245.12,8.195771458877285,2.1036183455170696,South Atlantic,0.0,0.0,0.0,True,False,False,False,25.0,25,1,11.0,25.0,25,1,11.0
54,2018,1,2018q1,West Virginia -- Statewide,52797.333333333336,10.874215963368425,295,West Virginia,WV,7.25,8.75,7.25,8.75,7.25,8.75,37,8.75,2.169053700369523,251.107,8.000364386496592,2.0794870889546173,South Atlantic,0.0,0.0,0.0,True,False,False,False,25.0,25,1,12.0,25.0,25,1,12.0
54,2018,2,2018q2,West Virginia -- Statewide,54764.0,10.910788322753646,302,West Virginia,WV,7.25,8.75,7.25,8.75,7.25,8.75,38,8.75,2.169053700369523,251.107,8.000364386496592,2.0794870889546173,South Atlantic,0.0,0.0,0.0,True,False,False,False,25.0,25,1,13.0,25.0,25,1,13.0
54,2018,3,2018q3,West Virginia -- Statewide,54390.0,10.903935592417007,311,West Virginia,WV,7.25,8.75,7.25,8.75,7.25,8.75,39,8.75,2.169053700369523,251.107,8.000364386496592,2.0794870889546173,South Atlantic,0.0,0.0,0.0,True,False,False,False,25.0,25,1,14.0,25.0,25,1,14.0
54,2018,4,2018q4,West Virginia -- Statewide,54455.0,10.905129951509787,320,West Virginia,WV,7.25,8.75,7.25,8.75,7.25,8.75,40,8.75,2.169053700369523,251.107,8.000364386496592,2.0794870889546173,South Atlantic,0.0,0.0,0.0,True,False,False,False,25.0,25,1,15.0,25.0,25,1,15.0
54,2019,1,2019q1,West Virginia -- Statewide,53467.333333333336,10.886826154496637,300,West Virginia,WV,7.25,8.75,7.25,8.75,7.25,8.75,41,8.75,2.169053700369523,255.657,7.857979636778965,2.0615295297329315,South Atlantic,0.0,0.0,0.0,True,False,False,False,25.0,25,1,16.0,25.0,25,1,16.0
54,2019,2,2019q2,West Virginia -- Statewide,55599.666666666664,10.925932485016865,315,West Virginia,WV,7.25,8.75,7.25,8.75,7.25,8.75,42,8.75,2.169053700369523,255.657,7.857979636778965,2.0615295297329315,South Atlantic,0.0,0.0,0.0,True,False,False,False,25.0,25,1,17.0,25.0,25,1,17.0
54,2019,3,2019q3,West Virginia -- Statewide,55115.0,10.917177190397416,319,West Virginia,WV,7.25,8.75,7.25,8.75,7.25,8.75,43,8.75,2.169053700369523,255.657,7.857979636778965,2.0615295297329315,South Atlantic,0.0,0.0,0.0,True,False,False,False,25.0,25,1,18.0,25.0,25,1,18.0
54,2019,4,2019q4,West Virginia -- Statewide,54746.333333333336,10.910465674355414,328,West Virginia,WV,7.25,8.75,7.25,8.75,7.25,8.75,44,8.75,2.169053700369523,255.657,7.857979636778965,2.0615295297329315,South Atlantic,0.0,0.0,0.0,True,False,False,False,25.0,25,1,19.0,25.0,25,1,19.0
55,2009,1,2009q1,Wisconsin -- Statewide,180245.33333333334,12.102074164844407,206,Wisconsin,WI,6.55,6.550000190734863,6.550000000000002,6.550000190734863,6.55,6.550000190734863,1,6.550000190734863,1.8794650787669867,214.537,7.009703425477097,1.9472953928016028,East North Central,,,,False,False,False,False,,0,0,,,0,0,
55,2009,2,2009q2,Wisconsin -- Statewide,191461.0,12.16243941150979,210,Wisconsin,WI,6.55,6.550000190734863,6.550000000000001,6.550000190734863,6.55,6.550000190734863,2,6.550000190734863,1.8794650787669867,214.537,7.009703425477097,1.9472953928016028,East North Central,0.0,0.0,0.0,False,False,False,False,,0,0,,,0,0,
55,2009,3,2009q3,Wisconsin -- Statewide,193600.0,12.173549453824613,223,Wisconsin,WI,6.55,6.550000190734863,7.075,7.074999809265137,7.25,7.25,3,7.075,1.9565674435293015,214.537,7.571549662762134,2.024397757563918,East North Central,0.5249996185302734,0.5249998092651369,0.0771023647623148,False,False,False,False,,0,0,,,0,0,
55,2009,4,2009q4,Wisconsin -- Statewide,184231.66666666666,12.12394930261332,226,Wisconsin,WI,7.25,7.25,7.25,7.25,7.25,7.25,4,7.25,1.9810014688665833,214.537,7.758831809897592,2.0488317829011997,East North Central,0.17500019073486328,0.17499999999999982,0.024434025337281895,False,False,False,False,,0,0,,,0,0,
55,2010,1,2010q1,Wisconsin -- Statewide,176827.0,12.08292713245807,212,Wisconsin,WI,7.25,7.25,7.25,7.25,7.25,7.25,5,7.25,1.9810014688665833,218.056,7.633619345489231,2.032562090031529,East North Central,0.0,0.0,0.0,False,False,False,False,,0,0,,,0,0,
55,2010,2,2010q2,Wisconsin -- Statewide,189753.33333333334,12.153480262077668,220,Wisconsin,WI,7.25,7.25,7.25,7.25,7.25,7.25,6,7.25,1.9810014688665833,218.056,7.633619345489231,2.032562090031529,East North Central,0.0,0.0,0.0,False,False,False,False,,0,0,,,0,0,
55,2010,3,2010q3,Wisconsin -- Statewide,193632.66666666666,12.173718172373208,231,Wisconsin,WI,7.25,7.25,7.25,7.25,7.25,7.25,7,7.25,1.9810014688665833,218.056,7.633619345489231,2.032562090031529,East North Central,0.0,0.0,0.0,False,False,False,False,,0,0,,,0,0,
55,2010,4,2010q4,Wisconsin -- Statewide,185781.33333333334,12.132325633863402,234,Wisconsin,WI,7.25,7.25,7.25,7.25,7.25,7.25,8,7.25,1.9810014688665833,218.056,7.633619345489231,2.032562090031529,East North Central,0.0,0.0,0.0,False,False,False,False,,0,0,,,0,0,
55,2011,1,2011q1,Wisconsin -- Statewide,178100.0,12.090100469277752,215,Wisconsin,WI,7.25,7.25,7.25,7.25,7.25,7.25,9,7.25,1.9810014688665833,224.939,7.400035120632705,2.0014847462303083,East North Central,0.0,0.0,0.0,False,False,False,False,,0,0,,,0,0,
55,2011,2,2011q2,Wisconsin -- Statewide,190019.66666666666,12.15488285455789,225,Wisconsin,WI,7.25,7.25,7.25,7.25,7.25,7.25,10,7.25,1.9810014688665833,224.939,7.400035120632705,2.0014847462303083,East North Central,0.0,0.0,0.0,False,False,False,False,,0,0,,,0,0,
55,2011,3,2011q3,Wisconsin -- Statewide,194122.0,12.176242106371497,242,Wisconsin,WI,7.25,7.25,7.25,7.25,7.25,7.25,11,7.25,1.9810014688665833,224.939,7.400035120632705,2.0014847462303083,East North Central,0.0,0.0,0.0,False,False,False,False,,0,0,,,0,0,
55,2011,4,2011q4,Wisconsin -- Statewide,184564.0,12.125751565781393,235,Wisconsin,WI,7.25,7.25,7.25,7.25,7.25,7.25,12,7.25,1.9810014688665833,224.939,7.400035120632705,2.0014847462303083,East North Central,0.0,0.0,0.0,False,False,False,False,,0,0,,,0,0,
55,2012,1,2012q1,Wisconsin -- Statewide,179838.66666666666,12.099815431662352,230,Wisconsin,WI,7.25,7.25,7.25,7.25,7.25,7.25,13,7.25,1.9810014688665833,229.594,7.25,1.9810014688665833,East North Central,0.0,0.0,0.0,False,False,False,False,,0,0,,,0,0,
55,2012,2,2012q2,Wisconsin -- Statewide,193720.0,12.174169096517165,231,Wisconsin,WI,7.25,7.25,7.25,7.25,7.25,7.25,14,7.25,1.9810014688665833,229.594,7.25,1.9810014688665833,East North Central,0.0,0.0,0.0,False,False,False,False,,0,0,,,0,0,
55,2012,3,2012q3,Wisconsin -- Statewide,198249.66666666666,12.19728245811695,241,Wisconsin,WI,7.25,7.25,7.25,7.25,7.25,7.25,15,7.25,1.9810014688665833,229.594,7.25,1.9810014688665833,East North Central,0.0,0.0,0.0,False,False,False,False,,0,0,,,0,0,
55,2012,4,2012q4,Wisconsin -- Statewide,188772.66666666666,12.14829874820147,243,Wisconsin,WI,7.25,7.25,7.25,7.25,7.25,7.25,16,7.25,1.9810014688665833,229.594,7.25,1.9810014688665833,East North Central,0.0,0.0,0.0,False,False,False,False,,0,0,,,0,0,
55,2013,1,2013q1,Wisconsin -- Statewide,183841.66666666666,12.121830158895854,231,Wisconsin,WI,7.25,7.25,7.25,7.25,7.25,7.25,17,7.25,1.9810014688665833,232.957,7.14533798082908,1.966460113388207,East North Central,0.0,0.0,0.0,False,False,False,False,,0,0,,,0,0,
55,2013,2,2013q2,Wisconsin -- Statewide,196683.0,12.189348574612719,234,Wisconsin,WI,7.25,7.25,7.25,7.25,7.25,7.25,18,7.25,1.9810014688665833,232.957,7.14533798082908,1.966460113388207,East North Central,0.0,0.0,0.0,False,False,False,False,,0,0,,,0,0,
55,2013,3,2013q3,Wisconsin -- Statewide,202703.66666666666,12.219500421406563,246,Wisconsin,WI,7.25,7.25,7.25,7.25,7.25,7.25,19,7.25,1.9810014688665833,232.957,7.14533798082908,1.966460113388207,East North Central,0.0,0.0,0.0,False,False,False,False,,0,0,,,0,0,
55,2013,4,2013q4,Wisconsin -- Statewide,193066.0,12.170787378340899,245,Wisconsin,WI,7.25,7.25,7.25,7.25,7.25,7.25,20,7.25,1.9810014688665833,232.957,7.14533798082908,1.966460113388207,East North Central,0.0,0.0,0.0,False,False,False,False,,0,0,,,0,0,
55,2014,1,2014q1,Wisconsin -- Statewide,186095.66666666666,12.134016157387006,236,Wisconsin,WI,7.25,7.25,7.25,7.25,7.25,7.25,21,7.25,1.9810014688665833,236.736,7.031277456745066,1.9503684043563676,East North Central,0.0,0.0,0.0,False,False,False,False,,0,0,,,0,0,
55,2014,2,2014q2,Wisconsin -- Statewide,199432.33333333334,12.203230276490522,241,Wisconsin,WI,7.25,7.25,7.25,7.25,7.25,7.25,22,7.25,1.9810014688665833,236.736,7.031277456745066,1.9503684043563676,East North Central,0.0,0.0,0.0,False,False,False,False,,0,0,,,0,0,
55,2014,3,2014q3,Wisconsin -- Statewide,202034.0,12.216191279051337,256,Wisconsin,WI,7.25,7.25,7.25,7.25,7.25,7.25,23,7.25,1.9810014688665833,236.736,7.031277456745066,1.9503684043563676,East North Central,0.0,0.0,0.0,False,False,False,False,,0,0,,,0,0,
55,2014,4,2014q4,Wisconsin -- Statewide,194138.66666666666,12.176327959346613,257,Wisconsin,WI,7.25,7.25,7.25,7.25,7.25,7.25,24,7.25,1.9810014688665833,236.736,7.031277456745066,1.9503684043563676,East North Central,0.0,0.0,0.0,False,False,False,False,,0,0,,,0,0,
55,2015,1,2015q1,Wisconsin -- Statewide,190241.66666666666,12.156050472749703,247,Wisconsin,WI,7.25,7.25,7.25,7.25,7.25,7.25,25,7.25,1.9810014688665833,237.017,7.022941392389575,1.9491821320458897,East North Central,0.0,0.0,0.0,False,False,False,False,,0,0,,,0,0,
55,2015,2,2015q2,Wisconsin -- Statewide,204975.66666666666,12.230646551888247,250,Wisconsin,WI,7.25,7.25,7.25,7.25,7.25,7.25,26,7.25,1.9810014688665833,237.017,7.022941392389575,1.9491821320458897,East North Central,0.0,0.0,0.0,False,False,False,False,,0,0,,,0,0,
55,2015,3,2015q3,Wisconsin -- Statewide,209051.33333333334,12.250335114823846,267,Wisconsin,WI,7.25,7.25,7.25,7.25,7.25,7.25,27,7.25,1.9810014688665833,237.017,7.022941392389575,1.9491821320458897,East North Central,0.0,0.0,0.0,False,False,False,False,,0,0,,,0,0,
55,2015,4,2015q4,Wisconsin -- Statewide,202620.0,12.219087582607669,272,Wisconsin,WI,7.25,7.25,7.25,7.25,7.25,7.25,28,7.25,1.9810014688665833,237.017,7.022941392389575,1.9491821320458897,East North Central,0.0,0.0,0.0,False,False,False,False,,0,0,,,0,0,
55,2016,1,2016q1,Wisconsin -- Statewide,196463.66666666666,12.188232790735174,252,Wisconsin,WI,7.25,7.25,7.25,7.25,7.25,7.25,29,7.25,1.9810014688665833,240.007,6.935449799380851,1.9366459109830372,East North Central,0.0,0.0,0.0,False,False,False,False,,0,0,,,0,0,
55,2016,2,2016q2,Wisconsin -- Statewide,208242.33333333334,12.24645774462552,261,Wisconsin,WI,7.25,7.25,7.25,7.25,7.25,7.25,30,7.25,1.9810014688665833,240.007,6.935449799380851,1.9366459109830372,East North Central,0.0,0.0,0.0,False,False,False,False,,0,0,,,0,0,
55,2016,3,2016q3,Wisconsin -- Statewide,211691.66666666666,12.262886092468475,285,Wisconsin,WI,7.25,7.25,7.25,7.25,7.25,7.25,31,7.25,1.9810014688665833,240.007,6.935449799380851,1.9366459109830372,East North Central,0.0,0.0,0.0,False,False,False,False,,0,0,,,0,0,
55,2016,4,2016q4,Wisconsin -- Statewide,203130.0,12.221601447147801,278,Wisconsin,WI,7.25,7.25,7.25,7.25,7.25,7.25,32,7.25,1.9810014688665833,240.007,6.935449799380851,1.9366459109830372,East North Central,0.0,0.0,0.0,False,False,False,False,,0,0,,,0,0,
55,2017,1,2017q1,Wisconsin -- Statewide,199679.66666666666,12.2044696948242,269,Wisconsin,WI,7.25,7.25,7.25,7.25,7.25,7.25,33,7.25,1.9810014688665833,245.12,6.7907820659268925,1.9155661140141298,East North Central,0.0,0.0,0.0,False,False,False,False,,0,0,,,0,0,
55,2017,2,2017q2,Wisconsin -- Statewide,211455.0,12.261767488873135,277,Wisconsin,WI,7.25,7.25,7.25,7.25,7.25,7.25,34,7.25,1.9810014688665833,245.12,6.7907820659268925,1.9155661140141298,East North Central,0.0,0.0,0.0,False,False,False,False,,0,0,,,0,0,
55,2017,3,2017q3,Wisconsin -- Statewide,215578.66666666666,12.281081164450859,285,Wisconsin,WI,7.25,7.25,7.25,7.25,7.25,7.25,35,7.25,1.9810014688665833,245.12,6.7907820659268925,1.9155661140141298,East North Central,0.0,0.0,0.0,False,False,False,False,,0,0,,,0,0,
55,2017,4,2017q4,Wisconsin -- Statewide,206027.66666666666,12.235765742960835,289,Wisconsin,WI,7.25,7.25,7.25,7.25,7.25,7.25,36,7.25,1.9810014688665833,245.12,6.7907820659268925,1.9155661140141298,East North Central,0.0,0.0,0.0,False,False,False,False,,0,0,,,0,0,
55,2018,1,2018q1,Wisconsin -- Statewide,201914.0,12.215597143154984,278,Wisconsin,WI,7.25,7.25,7.25,7.25,7.25,7.25,37,7.25,1.9810014688665833,251.107,6.628873348811463,1.8914348574516775,East North Central,0.0,0.0,0.0,False,False,False,False,,0,0,,,0,0,
55,2018,2,2018q2,Wisconsin -- Statewide,211407.66666666666,12.261543617922767,285,Wisconsin,WI,7.25,7.25,7.25,7.25,7.25,7.25,38,7.25,1.9810014688665833,251.107,6.628873348811463,1.8914348574516775,East North Central,0.0,0.0,0.0,False,False,False,False,,0,0,,,0,0,
55,2018,3,2018q3,Wisconsin -- Statewide,215657.0,12.281444461553813,298,Wisconsin,WI,7.25,7.25,7.25,7.25,7.25,7.25,39,7.25,1.9810014688665833,251.107,6.628873348811463,1.8914348574516775,East North Central,0.0,0.0,0.0,False,False,False,False,,0,0,,,0,0,
55,2018,4,2018q4,Wisconsin -- Statewide,205782.66666666666,12.234575874669176,303,Wisconsin,WI,7.25,7.25,7.25,7.25,7.25,7.25,40,7.25,1.9810014688665833,251.107,6.628873348811463,1.8914348574516775,East North Central,0.0,0.0,0.0,False,False,False,False,,0,0,,,0,0,
55,2019,1,2019q1,Wisconsin -- Statewide,201289.66666666666,12.212500277308147,284,Wisconsin,WI,7.25,7.25,7.25,7.25,7.25,7.25,41,7.25,1.9810014688665833,255.657,6.510897413331143,1.8734772982299916,East North Central,0.0,0.0,0.0,False,False,False,False,,0,0,,,0,0,
55,2019,2,2019q2,Wisconsin -- Statewide,213020.33333333334,12.26914290179423,297,Wisconsin,WI,7.25,7.25,7.25,7.25,7.25,7.25,42,7.25,1.9810014688665833,255.657,6.510897413331143,1.8734772982299916,East North Central,0.0,0.0,0.0,False,False,False,False,,0,0,,,0,0,
55,2019,3,2019q3,Wisconsin -- Statewide,216443.0,12.285082512314837,312,Wisconsin,WI,7.25,7.25,7.25,7.25,7.25,7.25,43,7.25,1.9810014688665833,255.657,6.510897413331143,1.8734772982299916,East North Central,0.0,0.0,0.0,False,False,False,False,,0,0,,,0,0,
55,2019,4,2019q4,Wisconsin -- Statewide,207723.0,12.243960740372739,313,Wisconsin,WI,7.25,7.25,7.25,7.25,7.25,7.25,44,7.25,1.9810014688665833,255.657,6.510897413331143,1.8734772982299916,East North Central,0.0,0.0,0.0,False,False,False,False,,0,0,,,0,0,
56,2009,1,2009q1,Wyoming -- Statewide,18319.0,9.81569405158546,247,Wyoming,WY,6.55,6.550000190734863,6.550000000000002,6.550000190734863,6.55,6.550000190734863,1,6.550000190734863,1.8794650787669867,214.537,7.009703425477097,1.9472953928016028,Mountain,,,,False,False,False,False,,0,0,,,0,0,
56,2009,2,2009q2,Wyoming -- Statewide,18886.333333333332,9.846193835425458,250,Wyoming,WY,6.55,6.550000190734863,6.550000000000001,6.550000190734863,6.55,6.550000190734863,2,6.550000190734863,1.8794650787669867,214.537,7.009703425477097,1.9472953928016028,Mountain,0.0,0.0,0.0,False,False,False,False,,0,0,,,0,0,
56,2009,3,2009q3,Wyoming -- Statewide,19944.0,9.900683625203394,270,Wyoming,WY,6.55,6.550000190734863,7.075,7.074999809265137,7.25,7.25,3,7.075,1.9565674435293015,214.537,7.571549662762134,2.024397757563918,Mountain,0.5249996185302734,0.5249998092651369,0.0771023647623148,False,False,False,False,,0,0,,,0,0,
56,2009,4,2009q4,Wyoming -- Statewide,17959.666666666668,9.795883781921521,264,Wyoming,WY,7.25,7.25,7.25,7.25,7.25,7.25,4,7.25,1.9810014688665833,214.537,7.758831809897592,2.0488317829011997,Mountain,0.17500019073486328,0.17499999999999982,0.024434025337281895,False,False,False,False,,0,0,,,0,0,
56,2010,1,2010q1,Wyoming -- Statewide,17513.666666666668,9.770736807507918,254,Wyoming,WY,7.25,7.25,7.25,7.25,7.25,7.25,5,7.25,1.9810014688665833,218.056,7.633619345489231,2.032562090031529,Mountain,0.0,0.0,0.0,False,False,False,False,,0,0,,,0,0,
56,2010,2,2010q2,Wyoming -- Statewide,18488.333333333332,9.824895181504651,257,Wyoming,WY,7.25,7.25,7.25,7.25,7.25,7.25,6,7.25,1.9810014688665833,218.056,7.633619345489231,2.032562090031529,Mountain,0.0,0.0,0.0,False,False,False,False,,0,0,,,0,0,
56,2010,3,2010q3,Wyoming -- Statewide,19987.666666666668,9.902870695652368,280,Wyoming,WY,7.25,7.25,7.25,7.25,7.25,7.25,7,7.25,1.9810014688665833,218.056,7.633619345489231,2.032562090031529,Mountain,0.0,0.0,0.0,False,False,False,False,,0,0,,,0,0,
56,2010,4,2010q4,Wyoming -- Statewide,18467.666666666668,9.823776734225667,271,Wyoming,WY,7.25,7.25,7.25,7.25,7.25,7.25,8,7.25,1.9810014688665833,218.056,7.633619345489231,2.032562090031529,Mountain,0.0,0.0,0.0,False,False,False,False,,0,0,,,0,0,
56,2011,1,2011q1,Wyoming -- Statewide,17676.333333333332,9.779981924034653,257,Wyoming,WY,7.25,7.25,7.25,7.25,7.25,7.25,9,7.25,1.9810014688665833,224.939,7.400035120632705,2.0014847462303083,Mountain,0.0,0.0,0.0,False,False,False,False,,0,0,,,0,0,
56,2011,2,2011q2,Wyoming -- Statewide,18832.666666666668,9.843348229609802,261,Wyoming,WY,7.25,7.25,7.25,7.25,7.25,7.25,10,7.25,1.9810014688665833,224.939,7.400035120632705,2.0014847462303083,Mountain,0.0,0.0,0.0,False,False,False,False,,0,0,,,0,0,
56,2011,3,2011q3,Wyoming -- Statewide,20311.333333333332,9.918934301525153,289,Wyoming,WY,7.25,7.25,7.25,7.25,7.25,7.25,11,7.25,1.9810014688665833,224.939,7.400035120632705,2.0014847462303083,Mountain,0.0,0.0,0.0,False,False,False,False,,0,0,,,0,0,
56,2011,4,2011q4,Wyoming -- Statewide,18983.666666666668,9.851334239315568,270,Wyoming,WY,7.25,7.25,7.25,7.25,7.25,7.25,12,7.25,1.9810014688665833,224.939,7.400035120632705,2.0014847462303083,Mountain,0.0,0.0,0.0,False,False,False,False,,0,0,,,0,0,
56,2012,1,2012q1,Wyoming -- Statewide,18498.333333333332,9.82543591691797,270,Wyoming,WY,7.25,7.25,7.25,7.25,7.25,7.25,13,7.25,1.9810014688665833,229.594,7.25,1.9810014688665833,Mountain,0.0,0.0,0.0,False,False,False,False,,0,0,,,0,0,
56,2012,2,2012q2,Wyoming -- Statewide,19427.666666666668,9.874453445951072,269,Wyoming,WY,7.25,7.25,7.25,7.25,7.25,7.25,14,7.25,1.9810014688665833,229.594,7.25,1.9810014688665833,Mountain,0.0,0.0,0.0,False,False,False,False,,0,0,,,0,0,
56,2012,3,2012q3,Wyoming -- Statewide,20990.0,9.951801412814678,294,Wyoming,WY,7.25,7.25,7.25,7.25,7.25,7.25,15,7.25,1.9810014688665833,229.594,7.25,1.9810014688665833,Mountain,0.0,0.0,0.0,False,False,False,False,,0,0,,,0,0,
56,2012,4,2012q4,Wyoming -- Statewide,19527.666666666668,9.879587542420078,281,Wyoming,WY,7.25,7.25,7.25,7.25,7.25,7.25,16,7.25,1.9810014688665833,229.594,7.25,1.9810014688665833,Mountain,0.0,0.0,0.0,False,False,False,False,,0,0,,,0,0,
56,2013,1,2013q1,Wyoming -- Statewide,19089.333333333332,9.856884993812109,271,Wyoming,WY,7.25,7.25,7.25,7.25,7.25,7.25,17,7.25,1.9810014688665833,232.957,7.14533798082908,1.966460113388207,Mountain,0.0,0.0,0.0,False,False,False,False,,0,0,,,0,0,
56,2013,2,2013q2,Wyoming -- Statewide,20083.666666666668,9.907662160057429,274,Wyoming,WY,7.25,7.25,7.25,7.25,7.25,7.25,18,7.25,1.9810014688665833,232.957,7.14533798082908,1.966460113388207,Mountain,0.0,0.0,0.0,False,False,False,False,,0,0,,,0,0,
56,2013,3,2013q3,Wyoming -- Statewide,21586.333333333332,9.979815677373603,301,Wyoming,WY,7.25,7.25,7.25,7.25,7.25,7.25,19,7.25,1.9810014688665833,232.957,7.14533798082908,1.966460113388207,Mountain,0.0,0.0,0.0,False,False,False,False,,0,0,,,0,0,
56,2013,4,2013q4,Wyoming -- Statewide,19943.0,9.900633483553221,281,Wyoming,WY,7.25,7.25,7.25,7.25,7.25,7.25,20,7.25,1.9810014688665833,232.957,7.14533798082908,1.966460113388207,Mountain,0.0,0.0,0.0,False,False,False,False,,0,0,,,0,0,
56,2014,1,2014q1,Wyoming -- Statewide,19378.333333333332,9.871910882434598,283,Wyoming,WY,7.25,7.25,7.25,7.25,7.25,7.25,21,7.25,1.9810014688665833,236.736,7.031277456745066,1.9503684043563676,Mountain,0.0,0.0,0.0,False,False,False,False,,0,0,,,0,0,
56,2014,2,2014q2,Wyoming -- Statewide,20467.666666666668,9.92660168420837,282,Wyoming,WY,7.25,7.25,7.25,7.25,7.25,7.25,22,7.25,1.9810014688665833,236.736,7.031277456745066,1.9503684043563676,Mountain,0.0,0.0,0.0,False,False,False,False,,0,0,,,0,0,
56,2014,3,2014q3,Wyoming -- Statewide,21746.333333333332,9.987200439929746,317,Wyoming,WY,7.25,7.25,7.25,7.25,7.25,7.25,23,7.25,1.9810014688665833,236.736,7.031277456745066,1.9503684043563676,Mountain,0.0,0.0,0.0,False,False,False,False,,0,0,,,0,0,
56,2014,4,2014q4,Wyoming -- Statewide,20422.333333333332,9.924384352249113,300,Wyoming,WY,7.25,7.25,7.25,7.25,7.25,7.25,24,7.25,1.9810014688665833,236.736,7.031277456745066,1.9503684043563676,Mountain,0.0,0.0,0.0,False,False,False,False,,0,0,,,0,0,
56,2015,1,2015q1,Wyoming -- Statewide,20202.666666666668,9.91356988787764,293,Wyoming,WY,7.25,7.25,7.25,7.25,7.25,7.25,25,7.25,1.9810014688665833,237.017,7.022941392389575,1.9491821320458897,Mountain,0.0,0.0,0.0,False,False,False,False,,0,0,,,0,0,
56,2015,2,2015q2,Wyoming -- Statewide,21186.333333333332,9.961111598693263,292,Wyoming,WY,7.25,7.25,7.25,7.25,7.25,7.25,26,7.25,1.9810014688665833,237.017,7.022941392389575,1.9491821320458897,Mountain,0.0,0.0,0.0,False,False,False,False,,0,0,,,0,0,
56,2015,3,2015q3,Wyoming -- Statewide,22282.0,10.011534456619263,325,Wyoming,WY,7.25,7.25,7.25,7.25,7.25,7.25,27,7.25,1.9810014688665833,237.017,7.022941392389575,1.9491821320458897,Mountain,0.0,0.0,0.0,False,False,False,False,,0,0,,,0,0,
56,2015,4,2015q4,Wyoming -- Statewide,20428.0,9.924661787767535,310,Wyoming,WY,7.25,7.25,7.25,7.25,7.25,7.25,28,7.25,1.9810014688665833,237.017,7.022941392389575,1.9491821320458897,Mountain,0.0,0.0,0.0,False,False,False,False,,0,0,,,0,0,
56,2016,1,2016q1,Wyoming -- Statewide,19751.666666666668,9.890993154954439,295,Wyoming,WY,7.25,7.25,7.25,7.25,7.25,7.25,29,7.25,1.9810014688665833,240.007,6.935449799380851,1.9366459109830372,Mountain,0.0,0.0,0.0,False,False,False,False,,0,0,,,0,0,
56,2016,2,2016q2,Wyoming -- Statewide,20628.0,9.93440465517085,300,Wyoming,WY,7.25,7.25,7.25,7.25,7.25,7.25,30,7.25,1.9810014688665833,240.007,6.935449799380851,1.9366459109830372,Mountain,0.0,0.0,0.0,False,False,False,False,,0,0,,,0,0,
56,2016,3,2016q3,Wyoming -- Statewide,21791.333333333332,9.989267616215011,332,Wyoming,WY,7.25,7.25,7.25,7.25,7.25,7.25,31,7.25,1.9810014688665833,240.007,6.935449799380851,1.9366459109830372,Mountain,0.0,0.0,0.0,False,False,False,False,,0,0,,,0,0,
56,2016,4,2016q4,Wyoming -- Statewide,19941.333333333332,9.900549908548784,313,Wyoming,WY,7.25,7.25,7.25,7.25,7.25,7.25,32,7.25,1.9810014688665833,240.007,6.935449799380851,1.9366459109830372,Mountain,0.0,0.0,0.0,False,False,False,False,,0,0,,,0,0,
56,2017,1,2017q1,Wyoming -- Statewide,19554.0,9.880935148065616,307,Wyoming,WY,7.25,7.25,7.25,7.25,7.25,7.25,33,7.25,1.9810014688665833,245.12,6.7907820659268925,1.9155661140141298,Mountain,0.0,0.0,0.0,False,False,False,False,,0,0,,,0,0,
56,2017,2,2017q2,Wyoming -- Statewide,20543.666666666668,9.930307981020569,313,Wyoming,WY,7.25,7.25,7.25,7.25,7.25,7.25,34,7.25,1.9810014688665833,245.12,6.7907820659268925,1.9155661140141298,Mountain,0.0,0.0,0.0,False,False,False,False,,0,0,,,0,0,
56,2017,3,2017q3,Wyoming -- Statewide,22098.666666666668,10.00327255386077,341,Wyoming,WY,7.25,7.25,7.25,7.25,7.25,7.25,35,7.25,1.9810014688665833,245.12,6.7907820659268925,1.9155661140141298,Mountain,0.0,0.0,0.0,False,False,False,False,,0,0,,,0,0,
56,2017,4,2017q4,Wyoming -- Statewide,20444.333333333332,9.925461024457526,323,Wyoming,WY,7.25,7.25,7.25,7.25,7.25,7.25,36,7.25,1.9810014688665833,245.12,6.7907820659268925,1.9155661140141298,Mountain,0.0,0.0,0.0,False,False,False,False,,0,0,,,0,0,
56,2018,1,2018q1,Wyoming -- Statewide,19944.333333333332,9.900700338528091,316,Wyoming,WY,7.25,7.25,7.25,7.25,7.25,7.25,37,7.25,1.9810014688665833,251.107,6.628873348811463,1.8914348574516775,Mountain,0.0,0.0,0.0,False,False,False,False,,0,0,,,0,0,
56,2018,2,2018q2,Wyoming -- Statewide,20830.0,9.944149534255018,323,Wyoming,WY,7.25,7.25,7.25,7.25,7.25,7.25,38,7.25,1.9810014688665833,251.107,6.628873348811463,1.8914348574516775,Mountain,0.0,0.0,0.0,False,False,False,False,,0,0,,,0,0,
56,2018,3,2018q3,Wyoming -- Statewide,21834.666666666668,9.991254199792907,352,Wyoming,WY,7.25,7.25,7.25,7.25,7.25,7.25,39,7.25,1.9810014688665833,251.107,6.628873348811463,1.8914348574516775,Mountain,0.0,0.0,0.0,False,False,False,False,,0,0,,,0,0,
56,2018,4,2018q4,Wyoming -- Statewide,20351.666666666668,9.920918087599013,344,Wyoming,WY,7.25,7.25,7.25,7.25,7.25,7.25,40,7.25,1.9810014688665833,251.107,6.628873348811463,1.8914348574516775,Mountain,0.0,0.0,0.0,False,False,False,False,,0,0,,,0,0,
56,2019,1,2019q1,Wyoming -- Statewide,20145.666666666668,9.910744490484012,328,Wyoming,WY,7.25,7.25,7.25,7.25,7.25,7.25,41,7.25,1.9810014688665833,255.657,6.510897413331143,1.8734772982299916,Mountain,0.0,0.0,0.0,False,False,False,False,,0,0,,,0,0,
56,2019,2,2019q2,Wyoming -- Statewide,20844.666666666668,9.944853399142024,340,Wyoming,WY,7.25,7.25,7.25,7.25,7.25,7.25,42,7.25,1.9810014688665833,255.657,6.510897413331143,1.8734772982299916,Mountain,0.0,0.0,0.0,False,False,False,False,,0,0,,,0,0,
56,2019,3,2019q3,Wyoming -- Statewide,22221.333333333332,10.008808067393932,371,Wyoming,WY,7.25,7.25,7.25,7.25,7.25,7.25,43,7.25,1.9810014688665833,255.657,6.510897413331143,1.8734772982299916,Mountain,0.0,0.0,0.0,False,False,False,False,,0,0,,,0,0,
56,2019,4,2019q4,Wyoming -- Statewide,20885.333333333332,9.946802437222072,352,Wyoming,WY,7.25,7.25,7.25,7.25,7.25,7.25,44,7.25,1.9810014688665833,255.657,6.510897413331143,1.8734772982299916,Mountain,0.0,0.0,0.0,False,False,False,False,,0,0,,,0,0,
